name,path,split,family_id,archetype,heldout_compositional,variant_index,engagement_class,initial_min_cross_distance,terrain,formation,num_allies,num_enemies,ally_value,enemy_value,ally_value_ratio,difficulty_proxy,ally_composition,enemy_composition,sha256
r2_train_0001,configs/train/r2_train_0001.json,train,marine_mirror_01,marine_mirror,False,1,immediate,5.3112,SIMPLE,split,3,2,150,100,1.5,easy,"{""MARINE"": 3}","{""MARINE"": 2}",a96910547c92b1703c2a1a0daaac3a4774ccb0e58ac228d8b91a49a5cae48ab9
r2_train_0002,configs/train/r2_train_0002.json,train,marine_mirror_01,marine_mirror,False,2,immediate,5.4455,SIMPLE,staggered,3,2,150,100,1.5,easy,"{""MARINE"": 3}","{""MARINE"": 2}",9f1be1fd54e045ee4c9a1e746a35802b098e2070fc7983c7da21340169a5a6c9
r2_train_0003,configs/train/r2_train_0003.json,train,marine_mirror_01,marine_mirror,False,3,near,8.8781,SIMPLE,type_split,3,2,150,100,1.5,easy,"{""MARINE"": 3}","{""MARINE"": 2}",df9a155aa4d9405030d2608ad8af8d41d6bb4bdb6fb4a59ad796c371bf897391
r2_train_0004,configs/train/r2_train_0004.json,train,marine_mirror_01,marine_mirror,False,4,near,8.9441,NARROW,compact,3,2,150,100,1.5,easy,"{""MARINE"": 3}","{""MARINE"": 2}",234ebcd7b86cf027088e657aabc0769b021222f57c6a522741a341bce64ea7e5
r2_train_0005,configs/train/r2_train_0005.json,train,marine_mirror_01,marine_mirror,False,5,near,8.6915,SIMPLE,split,3,2,150,100,1.5,easy,"{""MARINE"": 3}","{""MARINE"": 2}",62cc8cfc9ee3aae4220cf92e7bed7092f18cd71b3b4339d497a29b99e3b59a65
r2_train_0006,configs/train/r2_train_0006.json,train,marine_mirror_01,marine_mirror,False,6,medium,12.9894,SIMPLE,staggered,3,2,150,100,1.5,easy,"{""MARINE"": 3}","{""MARINE"": 2}",3a40c081a5da3c47fa1a2cd20583fe09f18bfa3ec8723991fe577eb5e2476ff5
r2_train_0007,configs/train/r2_train_0007.json,train,marine_mirror_01,marine_mirror,False,7,medium,12.618,SIMPLE,type_split,3,2,150,100,1.5,easy,"{""MARINE"": 3}","{""MARINE"": 2}",b9d5aed08599444d373e274d60ada6516e997ebc48fdf4cdf987b513ff168e60
r2_train_0008,configs/train/r2_train_0008.json,train,marine_mirror_01,marine_mirror,False,8,far,17.1271,SIMPLE,compact,3,2,150,100,1.5,easy,"{""MARINE"": 3}","{""MARINE"": 2}",d798fea9c9794d58859481b915b75e97ee4cf7c01e12ed82057e22a7deb3ab78
r2_train_0009,configs/train/r2_train_0009.json,train,marine_mirror_02,marine_mirror,False,1,immediate,5.4092,SIMPLE,split,4,3,200,150,1.3333,moderate,"{""MARINE"": 4}","{""MARINE"": 3}",ce782164f8ab7f2dfff5559fe9b0c28917f12ca6ca1de5756f82e84661d60e58
r2_train_0010,configs/train/r2_train_0010.json,train,marine_mirror_02,marine_mirror,False,2,immediate,5.3597,SIMPLE,staggered,4,3,200,150,1.3333,moderate,"{""MARINE"": 4}","{""MARINE"": 3}",7d496780738bc9611463727b8144eedf19e4ab763ebe493bc030a4cc902f6fdf
r2_train_0011,configs/train/r2_train_0011.json,train,marine_mirror_02,marine_mirror,False,3,near,8.8469,SIMPLE,type_split,4,3,200,150,1.3333,moderate,"{""MARINE"": 4}","{""MARINE"": 3}",2f99f6cb5e646277d0c082c5cc0416b75bb753ba08e0bd08f6fe21c3c35082e4
r2_train_0012,configs/train/r2_train_0012.json,train,marine_mirror_02,marine_mirror,False,4,near,8.5694,SIMPLE,compact,4,3,200,150,1.3333,moderate,"{""MARINE"": 4}","{""MARINE"": 3}",e873e2c6ba841b5db733b8c1e0f8b3c8efdad18e385040e3809c5346a1fe5b35
r2_train_0013,configs/train/r2_train_0013.json,train,marine_mirror_02,marine_mirror,False,5,near,9.0131,NARROW,compact,4,3,200,150,1.3333,moderate,"{""MARINE"": 4}","{""MARINE"": 3}",08239e5ae1e7de2ece460305622a435ac1a3699141eac8eaaa1bd520e1a1f699
r2_train_0014,configs/train/r2_train_0014.json,train,marine_mirror_02,marine_mirror,False,6,medium,12.8188,SIMPLE,staggered,4,3,200,150,1.3333,moderate,"{""MARINE"": 4}","{""MARINE"": 3}",9a781599fa5b2277a927a826c1a89d80d9a40544603ebad20dfcd4ed0a53551d
r2_train_0015,configs/train/r2_train_0015.json,train,marine_mirror_02,marine_mirror,False,7,medium,12.9395,SIMPLE,type_split,4,3,200,150,1.3333,moderate,"{""MARINE"": 4}","{""MARINE"": 3}",fb3a5515a0a524bd984075ca5b3235eb6aa4e0c6587c86611f14984db50a0bb1
r2_train_0016,configs/train/r2_train_0016.json,train,marine_mirror_02,marine_mirror,False,8,far,16.9366,SIMPLE,compact,4,3,200,150,1.3333,moderate,"{""MARINE"": 4}","{""MARINE"": 3}",0d023d19b54898d95b66b3dfee014469be134b0838c0f953eefa4d7aeaf7bb34
r2_train_0017,configs/train/r2_train_0017.json,train,marine_mirror_03,marine_mirror,False,1,immediate,5.5605,NARROW,compact,5,4,250,200,1.25,moderate,"{""MARINE"": 5}","{""MARINE"": 4}",61333d08f819b6f90a169df3431ab0c4bacc3b6aca9f416a927ab5060e2f0b2b
r2_train_0018,configs/train/r2_train_0018.json,train,marine_mirror_03,marine_mirror,False,2,immediate,5.2599,SIMPLE,staggered,5,4,250,200,1.25,moderate,"{""MARINE"": 5}","{""MARINE"": 4}",84cea9975f83fd10b22ce6da357c848a440e83b02c8661dce2cf9aa6754ae04d
r2_train_0019,configs/train/r2_train_0019.json,train,marine_mirror_03,marine_mirror,False,3,near,8.8717,SIMPLE,type_split,5,4,250,200,1.25,moderate,"{""MARINE"": 5}","{""MARINE"": 4}",1b89efa4264a49948561377ded7f623677644b207271fc5f56970427203e5413
r2_train_0020,configs/train/r2_train_0020.json,train,marine_mirror_03,marine_mirror,False,4,near,8.848,SIMPLE,compact,5,4,250,200,1.25,moderate,"{""MARINE"": 5}","{""MARINE"": 4}",b61298bcae4494c8cd93f882b2d3e6c2593e88846c43215c159703f4028bc422
r2_train_0021,configs/train/r2_train_0021.json,train,marine_mirror_03,marine_mirror,False,5,near,8.8014,SIMPLE,split,5,4,250,200,1.25,moderate,"{""MARINE"": 5}","{""MARINE"": 4}",bee2759fdf16f19e442b007fdc56a7eee8beae72ac4369a970a0158e49ab14c6
r2_train_0022,configs/train/r2_train_0022.json,train,marine_mirror_03,marine_mirror,False,6,medium,12.7932,OCTAGON,staggered,5,4,250,200,1.25,moderate,"{""MARINE"": 5}","{""MARINE"": 4}",95ccc83f68e188a312408b253ac0489b474a080f182b3fabe89bc0416c4d14d3
r2_train_0023,configs/train/r2_train_0023.json,train,marine_mirror_03,marine_mirror,False,7,medium,12.9836,SIMPLE,type_split,5,4,250,200,1.25,moderate,"{""MARINE"": 5}","{""MARINE"": 4}",a6f49aab6f7f2e874321614e71de5ac59afe15553c2567dc8027afcb182f1694
r2_train_0024,configs/train/r2_train_0024.json,train,marine_mirror_03,marine_mirror,False,8,far,16.9112,SIMPLE,compact,5,4,250,200,1.25,moderate,"{""MARINE"": 5}","{""MARINE"": 4}",f1c2e05e8635dbd7d6b19a8f2a108093dbe1b6aa3176f238c8c89abf49fc81d5
r2_train_0025,configs/train/r2_train_0025.json,train,marine_mirror_04,marine_mirror,False,1,immediate,5.3299,SIMPLE,split,7,6,350,300,1.1667,hard_winnable,"{""MARINE"": 7}","{""MARINE"": 6}",570552314ca0600881e0a501828cbf5202bce679912a55d689a56e962476b43e
r2_train_0026,configs/train/r2_train_0026.json,train,marine_mirror_04,marine_mirror,False,2,immediate,5.2899,NARROW,compact,7,6,350,300,1.1667,hard_winnable,"{""MARINE"": 7}","{""MARINE"": 6}",789ce6127c84252b74d99f74497dbfd0a3cf36f6fc1f06b8146ff361e2381cf5
r2_train_0027,configs/train/r2_train_0027.json,train,marine_mirror_04,marine_mirror,False,3,near,8.8302,SIMPLE,type_split,7,6,350,300,1.1667,hard_winnable,"{""MARINE"": 7}","{""MARINE"": 6}",358e884f78562cc6eaae7985ea80f2719ed08d4ebc46b6900ee9add93f75860d
r2_train_0028,configs/train/r2_train_0028.json,train,marine_mirror_04,marine_mirror,False,4,near,8.7195,SIMPLE,compact,7,6,350,300,1.1667,hard_winnable,"{""MARINE"": 7}","{""MARINE"": 6}",6499a5fa26bd8061c4cc6a7dbd2a4bec4570303f6de53e2c33ae6af89f807c9f
r2_train_0029,configs/train/r2_train_0029.json,train,marine_mirror_04,marine_mirror,False,5,near,8.7143,SIMPLE,split,7,6,350,300,1.1667,hard_winnable,"{""MARINE"": 7}","{""MARINE"": 6}",b747b06010957ea3e25122028090356894d7f6d4bedff89738b3ca2ce14b4f75
r2_train_0030,configs/train/r2_train_0030.json,train,marine_mirror_04,marine_mirror,False,6,medium,12.981,SIMPLE,staggered,7,6,350,300,1.1667,hard_winnable,"{""MARINE"": 7}","{""MARINE"": 6}",5ba4eedf3570900f215d14e5a7284484bc5ddd814b28d550c69a6a0ce09df211
r2_train_0031,configs/train/r2_train_0031.json,train,marine_mirror_04,marine_mirror,False,7,medium,12.6277,OCTAGON,type_split,7,6,350,300,1.1667,hard_winnable,"{""MARINE"": 7}","{""MARINE"": 6}",2d472d2481eebac22e2ba5a126df87a20f557529917241bc9cb91368a461d88b
r2_train_0032,configs/train/r2_train_0032.json,train,marine_mirror_04,marine_mirror,False,8,far,17.1781,SIMPLE,compact,7,6,350,300,1.1667,hard_winnable,"{""MARINE"": 7}","{""MARINE"": 6}",7ed7f9a568288780ae80eee0161af0382aa4abd129ef26cca0d0f83ab26acf6c
r2_train_0033,configs/train/r2_train_0033.json,train,marine_mirror_05,marine_mirror,False,1,immediate,5.2668,SIMPLE,split,9,8,450,400,1.125,hard_winnable,"{""MARINE"": 9}","{""MARINE"": 8}",a612041c3ecc9d8f211dbc9df0f9feb2f2842fb260de329b070b74dcc93472e2
r2_train_0034,configs/train/r2_train_0034.json,train,marine_mirror_05,marine_mirror,False,2,immediate,5.5224,SIMPLE,staggered,9,8,450,400,1.125,hard_winnable,"{""MARINE"": 9}","{""MARINE"": 8}",1abe065d21569fbd5997ccf9c0d9074b1a62a1d007333c8a688943728aa425f3
r2_train_0035,configs/train/r2_train_0035.json,train,marine_mirror_05,marine_mirror,False,3,near,8.6306,NARROW,compact,9,8,450,400,1.125,hard_winnable,"{""MARINE"": 9}","{""MARINE"": 8}",2e8e5c37c52ac88ecf33794c13d1db17aeec0100f1b232aa348aa6fe88919be2
r2_train_0036,configs/train/r2_train_0036.json,train,marine_mirror_05,marine_mirror,False,4,near,8.6824,SIMPLE,compact,9,8,450,400,1.125,hard_winnable,"{""MARINE"": 9}","{""MARINE"": 8}",6e901d78184e57b511b669b78ab739c9876c302196981da77c95230796a48f74
r2_train_0037,configs/train/r2_train_0037.json,train,marine_mirror_05,marine_mirror,False,5,near,8.557,SIMPLE,split,9,8,450,400,1.125,hard_winnable,"{""MARINE"": 9}","{""MARINE"": 8}",5dff07c279c7ed70cd5ca3ac330fbde7e990e5916194759839864dde5b5841ee
r2_train_0038,configs/train/r2_train_0038.json,train,marine_mirror_05,marine_mirror,False,6,medium,12.9522,SIMPLE,staggered,9,8,450,400,1.125,hard_winnable,"{""MARINE"": 9}","{""MARINE"": 8}",07c3ed60e3dd5f067599abc7757a40fc9c9ffe5d9ead0c89bca731afc79118aa
r2_train_0039,configs/train/r2_train_0039.json,train,marine_mirror_05,marine_mirror,False,7,medium,13.0312,SIMPLE,type_split,9,8,450,400,1.125,hard_winnable,"{""MARINE"": 9}","{""MARINE"": 8}",c83fb64b044f9d6679dc38526ddb142473b5d9962a155f8c8bb791b3b49ffd43
r2_train_0040,configs/train/r2_train_0040.json,train,marine_mirror_05,marine_mirror,False,8,far,16.766,SIMPLE,compact,9,8,450,400,1.125,hard_winnable,"{""MARINE"": 9}","{""MARINE"": 8}",d08d901f76adbe4400917a35a504766c7992ce52844c42fb661dad53785b2f2f
r2_train_0041,configs/train/r2_train_0041.json,train,stalker_mirror_01,stalker_mirror,False,1,immediate,5.478,SIMPLE,split,3,2,375,250,1.5,easy,"{""STALKER"": 3}","{""STALKER"": 2}",623d73698689686e9d360fabc2c0e86eb06f809d6c7f9879bfcb390d4082afd0
r2_train_0042,configs/train/r2_train_0042.json,train,stalker_mirror_01,stalker_mirror,False,2,immediate,5.1508,SIMPLE,staggered,3,2,375,250,1.5,easy,"{""STALKER"": 3}","{""STALKER"": 2}",5ac7d17b49bde7ad7810d6b9755c2d573a35d144d2d46c6632df43b483a5cd7e
r2_train_0043,configs/train/r2_train_0043.json,train,stalker_mirror_01,stalker_mirror,False,3,near,8.9963,SIMPLE,type_split,3,2,375,250,1.5,easy,"{""STALKER"": 3}","{""STALKER"": 2}",162eeffd108a54340805cca87dce72af8223c73e983057b76e990cfebb77e720
r2_train_0044,configs/train/r2_train_0044.json,train,stalker_mirror_01,stalker_mirror,False,4,near,8.6431,NARROW,compact,3,2,375,250,1.5,easy,"{""STALKER"": 3}","{""STALKER"": 2}",497cc8adb7e8209cbc72b992629c707fe454255cb47ce356a9ed3168192d163f
r2_train_0045,configs/train/r2_train_0045.json,train,stalker_mirror_01,stalker_mirror,False,5,near,8.9334,SIMPLE,split,3,2,375,250,1.5,easy,"{""STALKER"": 3}","{""STALKER"": 2}",f5010cfc7b2dcd73dbc1d4d8b69374f5e10485b613655b5393ac2044f4f92432
r2_train_0046,configs/train/r2_train_0046.json,train,stalker_mirror_01,stalker_mirror,False,6,medium,13.0018,SIMPLE,staggered,3,2,375,250,1.5,easy,"{""STALKER"": 3}","{""STALKER"": 2}",0363c73d7ce9b716d9dc39fd78a97dbd97d9a63b3b1feb9c805612d158871a85
r2_train_0047,configs/train/r2_train_0047.json,train,stalker_mirror_01,stalker_mirror,False,7,medium,12.6724,SIMPLE,type_split,3,2,375,250,1.5,easy,"{""STALKER"": 3}","{""STALKER"": 2}",0776758362a7c81c2956b4132883e7b1f9d828487ef639c58d90e4801ac5398c
r2_train_0048,configs/train/r2_train_0048.json,train,stalker_mirror_01,stalker_mirror,False,8,far,16.9266,SIMPLE,compact,3,2,375,250,1.5,easy,"{""STALKER"": 3}","{""STALKER"": 2}",1efd55394f04fcc86cdc516d395d4b956a97656883c42ca7b6bd60c96bbdd689
r2_train_0049,configs/train/r2_train_0049.json,train,stalker_mirror_02,stalker_mirror,False,1,immediate,5.587,SIMPLE,split,4,3,500,375,1.3333,moderate,"{""STALKER"": 4}","{""STALKER"": 3}",68b2d3267c3c70e9f44f81e07c3e3e6874a9b29ca49c14302913c65ea89fca7a
r2_train_0050,configs/train/r2_train_0050.json,train,stalker_mirror_02,stalker_mirror,False,2,immediate,5.1923,SIMPLE,staggered,4,3,500,375,1.3333,moderate,"{""STALKER"": 4}","{""STALKER"": 3}",56ea4f667210b05ea51a2ab9e6c11ee4d4ea7ebfed6ac539bfe9a1060357b5f5
r2_train_0051,configs/train/r2_train_0051.json,train,stalker_mirror_02,stalker_mirror,False,3,near,8.8523,SIMPLE,type_split,4,3,500,375,1.3333,moderate,"{""STALKER"": 4}","{""STALKER"": 3}",9584ad6f2de7c5ca41695c96cb4c684ce49a9fc9a5929af6464e9eea2c0479f2
r2_train_0052,configs/train/r2_train_0052.json,train,stalker_mirror_02,stalker_mirror,False,4,near,9.0229,SIMPLE,compact,4,3,500,375,1.3333,moderate,"{""STALKER"": 4}","{""STALKER"": 3}",cb930e2d781544254c8479428e8b47ee98fa05d3399077bcd95cc2c6426fe188
r2_train_0053,configs/train/r2_train_0053.json,train,stalker_mirror_02,stalker_mirror,False,5,near,8.8141,NARROW,compact,4,3,500,375,1.3333,moderate,"{""STALKER"": 4}","{""STALKER"": 3}",9020ea8b620b0a18fda0ecdf41fcb4dd94a7648a4e406d7f3470edd8a34a20fb
r2_train_0054,configs/train/r2_train_0054.json,train,stalker_mirror_02,stalker_mirror,False,6,medium,12.8026,SIMPLE,staggered,4,3,500,375,1.3333,moderate,"{""STALKER"": 4}","{""STALKER"": 3}",bc4433b3a397a0d2b0bb40e1be5986e6be2bd4989146434c649bc1c6b48b2f34
r2_train_0055,configs/train/r2_train_0055.json,train,stalker_mirror_02,stalker_mirror,False,7,medium,12.9665,SIMPLE,type_split,4,3,500,375,1.3333,moderate,"{""STALKER"": 4}","{""STALKER"": 3}",42e354965bf5a9f007a8c1efded74d4bfb0894f23257530137d0d9efcc93879b
r2_train_0056,configs/train/r2_train_0056.json,train,stalker_mirror_02,stalker_mirror,False,8,far,16.8256,SIMPLE,compact,4,3,500,375,1.3333,moderate,"{""STALKER"": 4}","{""STALKER"": 3}",fadd7da8fc23b24a7370aacc134f4e6482f7c387ee22c7322590ace293762dd5
r2_train_0057,configs/train/r2_train_0057.json,train,stalker_mirror_03,stalker_mirror,False,1,immediate,5.1721,NARROW,compact,5,4,625,500,1.25,moderate,"{""STALKER"": 5}","{""STALKER"": 4}",2d10e85a448e353c3d8227a963736adaa499153692abe1d1f8ea1526aad77e9a
r2_train_0058,configs/train/r2_train_0058.json,train,stalker_mirror_03,stalker_mirror,False,2,immediate,5.5763,SIMPLE,staggered,5,4,625,500,1.25,moderate,"{""STALKER"": 5}","{""STALKER"": 4}",9073ac8a2fa661afb424372c1897650c99b86bc803dfd6c52d24533184393e0f
r2_train_0059,configs/train/r2_train_0059.json,train,stalker_mirror_03,stalker_mirror,False,3,near,8.903,SIMPLE,type_split,5,4,625,500,1.25,moderate,"{""STALKER"": 5}","{""STALKER"": 4}",7c1e0be158548ea6a587ed74cc03379edeed3609a3a52ad9706b6e9b9bcfa491
r2_train_0060,configs/train/r2_train_0060.json,train,stalker_mirror_03,stalker_mirror,False,4,near,8.8814,SIMPLE,compact,5,4,625,500,1.25,moderate,"{""STALKER"": 5}","{""STALKER"": 4}",65af2258f88cc134d2ef36cbeea2ec685e495ce40ff0a96a4290311ee7032364
r2_train_0061,configs/train/r2_train_0061.json,train,stalker_mirror_03,stalker_mirror,False,5,near,9.003,SIMPLE,split,5,4,625,500,1.25,moderate,"{""STALKER"": 5}","{""STALKER"": 4}",80513ba2ea954d1efbb76b99229518e5358a6a63c278cd6f2aa332695ee53fec
r2_train_0062,configs/train/r2_train_0062.json,train,stalker_mirror_03,stalker_mirror,False,6,medium,12.6288,OCTAGON,staggered,5,4,625,500,1.25,moderate,"{""STALKER"": 5}","{""STALKER"": 4}",a6f5f6180ed75be6dc15ab400470722755f058718b73bf84e5cafb99537ce81d
r2_train_0063,configs/train/r2_train_0063.json,train,stalker_mirror_03,stalker_mirror,False,7,medium,13.0212,SIMPLE,type_split,5,4,625,500,1.25,moderate,"{""STALKER"": 5}","{""STALKER"": 4}",6b372cc7c11af22eff90be0ab71ebc5bdda5d4bdd3e51f4f1e3bba1b8b3996e6
r2_train_0064,configs/train/r2_train_0064.json,train,stalker_mirror_03,stalker_mirror,False,8,far,16.9076,SIMPLE,compact,5,4,625,500,1.25,moderate,"{""STALKER"": 5}","{""STALKER"": 4}",95f32cd4a5239405f779f19f3874a83229bc3bf6d3b316a6d9732ce5af56febf
r2_train_0065,configs/train/r2_train_0065.json,train,stalker_mirror_04,stalker_mirror,False,1,immediate,5.6081,SIMPLE,split,7,6,875,750,1.1667,hard_winnable,"{""STALKER"": 7}","{""STALKER"": 6}",badead2eae149ef04bbbe8550e4e9fd3d8bed22da5e9abb54d97171291e25ba1
r2_train_0066,configs/train/r2_train_0066.json,train,stalker_mirror_04,stalker_mirror,False,2,immediate,5.252,NARROW,compact,7,6,875,750,1.1667,hard_winnable,"{""STALKER"": 7}","{""STALKER"": 6}",82d4007849df77c07d4745241c968c7146b99bee1d859b6f522bd6f9f0f1260d
r2_train_0067,configs/train/r2_train_0067.json,train,stalker_mirror_04,stalker_mirror,False,3,near,8.8861,SIMPLE,type_split,7,6,875,750,1.1667,hard_winnable,"{""STALKER"": 7}","{""STALKER"": 6}",8013d193dbbb9bc605b59f075fa91d54acad35ddd33be2f5d88f2bd5410afadf
r2_train_0068,configs/train/r2_train_0068.json,train,stalker_mirror_04,stalker_mirror,False,4,near,8.7641,SIMPLE,compact,7,6,875,750,1.1667,hard_winnable,"{""STALKER"": 7}","{""STALKER"": 6}",1b23c6777c5a527f8f1e1c2fe2dc05184cf3f4fd367a6d489bfab721c72633a7
r2_train_0069,configs/train/r2_train_0069.json,train,stalker_mirror_04,stalker_mirror,False,5,near,9.0282,SIMPLE,split,7,6,875,750,1.1667,hard_winnable,"{""STALKER"": 7}","{""STALKER"": 6}",6238c9f1a28721f6778e8c9fda0d4b3188c22cd2084f4bf6f6f7a18104168667
r2_train_0070,configs/train/r2_train_0070.json,train,stalker_mirror_04,stalker_mirror,False,6,medium,12.9384,SIMPLE,staggered,7,6,875,750,1.1667,hard_winnable,"{""STALKER"": 7}","{""STALKER"": 6}",901e10b8fe3f03e867319ac070fc9ee1329af79ffeb3a2c49e4204bed40fddec
r2_train_0071,configs/train/r2_train_0071.json,train,stalker_mirror_04,stalker_mirror,False,7,medium,12.8191,OCTAGON,type_split,7,6,875,750,1.1667,hard_winnable,"{""STALKER"": 7}","{""STALKER"": 6}",c238f54664b580989684e00b604b026669e58906939e50f5d9e31e81609db7ef
r2_train_0072,configs/train/r2_train_0072.json,train,stalker_mirror_04,stalker_mirror,False,8,far,17.1157,SIMPLE,compact,7,6,875,750,1.1667,hard_winnable,"{""STALKER"": 7}","{""STALKER"": 6}",7999c9e22705ed377e54535c5ac92ca25606d2a91f7bb4df7f14a1724eefd6f0
r2_train_0073,configs/train/r2_train_0073.json,train,stalker_mirror_05,stalker_mirror,False,1,immediate,5.2562,SIMPLE,split,9,8,1125,1000,1.125,hard_winnable,"{""STALKER"": 9}","{""STALKER"": 8}",81c3f54cedf42819f663168a78f79d30105a8c969192e36316c90fedb81fb0c5
r2_train_0074,configs/train/r2_train_0074.json,train,stalker_mirror_05,stalker_mirror,False,2,immediate,5.4297,SIMPLE,staggered,9,8,1125,1000,1.125,hard_winnable,"{""STALKER"": 9}","{""STALKER"": 8}",2376921b8dcc5afe35f5ce8bb8841b06a70a3215b1ce62bd19057dee9cfb3ee9
r2_train_0075,configs/train/r2_train_0075.json,train,stalker_mirror_05,stalker_mirror,False,3,near,8.6796,NARROW,compact,9,8,1125,1000,1.125,hard_winnable,"{""STALKER"": 9}","{""STALKER"": 8}",25ff277191777f99580d64f2dcc76f34297f893e9c575cfde47dee1f611fe6f9
r2_train_0076,configs/train/r2_train_0076.json,train,stalker_mirror_05,stalker_mirror,False,4,near,9.0501,SIMPLE,compact,9,8,1125,1000,1.125,hard_winnable,"{""STALKER"": 9}","{""STALKER"": 8}",a23e635c9b82e99749ee48f61a6018b672bdc0d042a8ac044d0f7e0e60b7a6df
r2_train_0077,configs/train/r2_train_0077.json,train,stalker_mirror_05,stalker_mirror,False,5,near,8.7973,SIMPLE,split,9,8,1125,1000,1.125,hard_winnable,"{""STALKER"": 9}","{""STALKER"": 8}",36daa50cde76a8945fc77a3f6684d233a962b5b6c076e976d03edbf3c1ac35ef
r2_train_0078,configs/train/r2_train_0078.json,train,stalker_mirror_05,stalker_mirror,False,6,medium,12.9907,SIMPLE,staggered,9,8,1125,1000,1.125,hard_winnable,"{""STALKER"": 9}","{""STALKER"": 8}",af7158f3127233d841bbd84df04c2974cded2ac7b26ef4dd542aeedd4916c867
r2_train_0079,configs/train/r2_train_0079.json,train,stalker_mirror_05,stalker_mirror,False,7,medium,12.7372,SIMPLE,type_split,9,8,1125,1000,1.125,hard_winnable,"{""STALKER"": 9}","{""STALKER"": 8}",882d7ed087904e110c9cca53a4ffa46debb361bdbe81b5855121ad7af88f8948
r2_train_0080,configs/train/r2_train_0080.json,train,stalker_mirror_05,stalker_mirror,False,8,far,16.9747,SIMPLE,compact,9,8,1125,1000,1.125,hard_winnable,"{""STALKER"": 9}","{""STALKER"": 8}",3f3eedd0d0f1d561edad77a249c14e98f5f899a4034bcd99ae4337852d237dbe
r2_train_0081,configs/train/r2_train_0081.json,train,zealot_vs_zergling_01,zealot_vs_zergling,False,1,immediate,5.5932,SIMPLE,split,2,6,200,150,1.3333,moderate,"{""ZEALOT"": 2}","{""ZERGLING"": 6}",95328b0c431d77fa01c3ae364d99f83f595eb4d3d122fe464962dc2357b6542a
r2_train_0082,configs/train/r2_train_0082.json,train,zealot_vs_zergling_01,zealot_vs_zergling,False,2,immediate,5.589,SIMPLE,staggered,2,6,200,150,1.3333,moderate,"{""ZEALOT"": 2}","{""ZERGLING"": 6}",4207655ee951e9b25ea226fe9fdd72df6c65f0bfad5f00e5d7cb59a02d5d147c
r2_train_0083,configs/train/r2_train_0083.json,train,zealot_vs_zergling_01,zealot_vs_zergling,False,3,near,8.8329,SIMPLE,type_split,2,6,200,150,1.3333,moderate,"{""ZEALOT"": 2}","{""ZERGLING"": 6}",181f57f4a9740a62898c2c412433f2511ad75092ff9c26282ee712223e19dc06
r2_train_0084,configs/train/r2_train_0084.json,train,zealot_vs_zergling_01,zealot_vs_zergling,False,4,near,8.7433,NARROW,compact,2,6,200,150,1.3333,moderate,"{""ZEALOT"": 2}","{""ZERGLING"": 6}",6a873c1db437cee0b302e29f5789e33b511e39abfadb1d78065dd834d4167bea
r2_train_0085,configs/train/r2_train_0085.json,train,zealot_vs_zergling_01,zealot_vs_zergling,False,5,near,8.713,SIMPLE,split,2,6,200,150,1.3333,moderate,"{""ZEALOT"": 2}","{""ZERGLING"": 6}",af5dccea3e662f467db7eb7beeeace74fb87744c0c86d3e54da0fd3d5115c5f0
r2_train_0086,configs/train/r2_train_0086.json,train,zealot_vs_zergling_01,zealot_vs_zergling,False,6,medium,12.7659,SIMPLE,staggered,2,6,200,150,1.3333,moderate,"{""ZEALOT"": 2}","{""ZERGLING"": 6}",0659b693e32a22fee32d77138bbffd4ab2096b5c4ac9c7a160e8fc56f23b50c7
r2_train_0087,configs/train/r2_train_0087.json,train,zealot_vs_zergling_01,zealot_vs_zergling,False,7,medium,12.6889,SIMPLE,type_split,2,6,200,150,1.3333,moderate,"{""ZEALOT"": 2}","{""ZERGLING"": 6}",2274f21a4d8d02ae807f47a0a2bf58a10d419c486b25f98c8c195e2d93c7d157
r2_train_0088,configs/train/r2_train_0088.json,train,zealot_vs_zergling_01,zealot_vs_zergling,False,8,far,16.8011,SIMPLE,compact,2,6,200,150,1.3333,moderate,"{""ZEALOT"": 2}","{""ZERGLING"": 6}",23b848557552f2125638321e8047f9a1b5de29a172c2dced9ddef29227c8d440
r2_train_0089,configs/train/r2_train_0089.json,train,zealot_vs_zergling_02,zealot_vs_zergling,False,1,immediate,5.535,SIMPLE,split,2,7,200,175,1.1429,hard_winnable,"{""ZEALOT"": 2}","{""ZERGLING"": 7}",91dab8fa124e4dfe20ec8b5e5d198be7149e84dadd29438ff4916c969ea9671d
r2_train_0090,configs/train/r2_train_0090.json,train,zealot_vs_zergling_02,zealot_vs_zergling,False,2,immediate,5.41,SIMPLE,staggered,2,7,200,175,1.1429,hard_winnable,"{""ZEALOT"": 2}","{""ZERGLING"": 7}",b24c052ff1480b299d7bda37de3ec46be51a888c14a80c7b6c78ccd51e986714
r2_train_0091,configs/train/r2_train_0091.json,train,zealot_vs_zergling_02,zealot_vs_zergling,False,3,near,8.6389,SIMPLE,type_split,2,7,200,175,1.1429,hard_winnable,"{""ZEALOT"": 2}","{""ZERGLING"": 7}",af2be17501bb52f55b412611fcf72211dffc991b735190ba93f941b87f182804
r2_train_0092,configs/train/r2_train_0092.json,train,zealot_vs_zergling_02,zealot_vs_zergling,False,4,near,8.9268,SIMPLE,compact,2,7,200,175,1.1429,hard_winnable,"{""ZEALOT"": 2}","{""ZERGLING"": 7}",8647d9bbc7de1925bc19482626c5e7f34abc6935b66426b6cc401bdba24f8e07
r2_train_0093,configs/train/r2_train_0093.json,train,zealot_vs_zergling_02,zealot_vs_zergling,False,5,near,8.9512,NARROW,compact,2,7,200,175,1.1429,hard_winnable,"{""ZEALOT"": 2}","{""ZERGLING"": 7}",2aba77559f46d8742cdb37f5a478ef90d62b19078f1ba243e18538dd26d26072
r2_train_0094,configs/train/r2_train_0094.json,train,zealot_vs_zergling_02,zealot_vs_zergling,False,6,medium,12.628,SIMPLE,staggered,2,7,200,175,1.1429,hard_winnable,"{""ZEALOT"": 2}","{""ZERGLING"": 7}",316f6a2fad7825e77a9ca5f2db20074d6de5a80f69bc88c93b21a32609299b0f
r2_train_0095,configs/train/r2_train_0095.json,train,zealot_vs_zergling_02,zealot_vs_zergling,False,7,medium,12.929,SIMPLE,type_split,2,7,200,175,1.1429,hard_winnable,"{""ZEALOT"": 2}","{""ZERGLING"": 7}",51a3a5abc56eec56ddbb12443570f8cb20e2c823fb21cab6cd733c3e7411bd65
r2_train_0096,configs/train/r2_train_0096.json,train,zealot_vs_zergling_02,zealot_vs_zergling,False,8,far,17.1123,SIMPLE,compact,2,7,200,175,1.1429,hard_winnable,"{""ZEALOT"": 2}","{""ZERGLING"": 7}",c1a9ffa8b9927eb8c8f2461591ab429a765815fae7483b0b0a63fe9917940e98
r2_train_0097,configs/train/r2_train_0097.json,train,zealot_vs_zergling_03,zealot_vs_zergling,False,1,immediate,5.4815,NARROW,split,3,9,300,225,1.3333,moderate,"{""ZEALOT"": 3}","{""ZERGLING"": 9}",336756e3740576a30377ee8850c031a54b721229f93d13e92537e67215021759
r2_train_0098,configs/train/r2_train_0098.json,train,zealot_vs_zergling_03,zealot_vs_zergling,False,2,immediate,5.6009,SIMPLE,staggered,3,9,300,225,1.3333,moderate,"{""ZEALOT"": 3}","{""ZERGLING"": 9}",5b4fbfde83176c4c35d0d711e01ed379af3a7d5d10bd9ad35f6d17fd7b713821
r2_train_0099,configs/train/r2_train_0099.json,train,zealot_vs_zergling_03,zealot_vs_zergling,False,3,near,9.0333,SIMPLE,type_split,3,9,300,225,1.3333,moderate,"{""ZEALOT"": 3}","{""ZERGLING"": 9}",58d3e241209be5bfc8e5a8b793e8ae5092985dedbd24d4cc56dbb7ca8e6ae2b1
r2_train_0100,configs/train/r2_train_0100.json,train,zealot_vs_zergling_03,zealot_vs_zergling,False,4,near,8.996,SIMPLE,compact,3,9,300,225,1.3333,moderate,"{""ZEALOT"": 3}","{""ZERGLING"": 9}",394f41a620a8823370ff89e866922125745c3d5393b8984e2b79f0e6bbe21bcf
r2_train_0101,configs/train/r2_train_0101.json,train,zealot_vs_zergling_03,zealot_vs_zergling,False,5,near,8.5901,SIMPLE,split,3,9,300,225,1.3333,moderate,"{""ZEALOT"": 3}","{""ZERGLING"": 9}",c08d5560ee6e9cac3a38b87e423b9eb463ac8e65624e691b33ebaa11e72ff1b8
r2_train_0102,configs/train/r2_train_0102.json,train,zealot_vs_zergling_03,zealot_vs_zergling,False,6,medium,12.8023,OCTAGON,staggered,3,9,300,225,1.3333,moderate,"{""ZEALOT"": 3}","{""ZERGLING"": 9}",396fc27f8f84073b411c9bc8a81685ba42e6da56e40690812756f35f7f50cc69
r2_train_0103,configs/train/r2_train_0103.json,train,zealot_vs_zergling_03,zealot_vs_zergling,False,7,medium,12.7097,SIMPLE,type_split,3,9,300,225,1.3333,moderate,"{""ZEALOT"": 3}","{""ZERGLING"": 9}",b4269d4d14a2f07738b1dad6b49a867c1d8843a489cce02530dc7bb2db632e7d
r2_train_0104,configs/train/r2_train_0104.json,train,zealot_vs_zergling_03,zealot_vs_zergling,False,8,far,17.2123,SIMPLE,compact,3,9,300,225,1.3333,moderate,"{""ZEALOT"": 3}","{""ZERGLING"": 9}",811094f868e8137edea5638fc1551e7c4bf43028dca316745ea5f306754f922b
r2_train_0105,configs/train/r2_train_0105.json,train,zealot_vs_zergling_04,zealot_vs_zergling,False,1,immediate,5.2802,SIMPLE,split,3,10,300,250,1.2,moderate,"{""ZEALOT"": 3}","{""ZERGLING"": 10}",6db34569b8cacc021639d87d6c1d51f5ab988769631c5bca8b9f92e17ee757ed
r2_train_0106,configs/train/r2_train_0106.json,train,zealot_vs_zergling_04,zealot_vs_zergling,False,2,immediate,5.4962,NARROW,staggered,3,10,300,250,1.2,moderate,"{""ZEALOT"": 3}","{""ZERGLING"": 10}",5635dae2e39650873c7a24d98e66b6223c501434bde5190f15b9e8bcad6e53d6
r2_train_0107,configs/train/r2_train_0107.json,train,zealot_vs_zergling_04,zealot_vs_zergling,False,3,near,9.0414,SIMPLE,type_split,3,10,300,250,1.2,moderate,"{""ZEALOT"": 3}","{""ZERGLING"": 10}",3c988793abaf22dca95cc05d05d31e3c8b2c08829d091bfa9354759f3f331f13
r2_train_0108,configs/train/r2_train_0108.json,train,zealot_vs_zergling_04,zealot_vs_zergling,False,4,near,8.9002,SIMPLE,compact,3,10,300,250,1.2,moderate,"{""ZEALOT"": 3}","{""ZERGLING"": 10}",a08a9320fdd0d93f91278978373d4b6371c92ea76efa233a835b6a28e065bdda
r2_train_0109,configs/train/r2_train_0109.json,train,zealot_vs_zergling_04,zealot_vs_zergling,False,5,near,8.7952,SIMPLE,split,3,10,300,250,1.2,moderate,"{""ZEALOT"": 3}","{""ZERGLING"": 10}",58dc62008a2caf0b8440b6b6a1536fa9d282bebe2939c23d2231fdf538c2b856
r2_train_0110,configs/train/r2_train_0110.json,train,zealot_vs_zergling_04,zealot_vs_zergling,False,6,medium,12.6694,SIMPLE,staggered,3,10,300,250,1.2,moderate,"{""ZEALOT"": 3}","{""ZERGLING"": 10}",923fc42e1f525f2abe8285fcfc1223faf2c5a22873db54e25459a2d38fcf26c9
r2_train_0111,configs/train/r2_train_0111.json,train,zealot_vs_zergling_04,zealot_vs_zergling,False,7,medium,12.8901,OCTAGON,type_split,3,10,300,250,1.2,moderate,"{""ZEALOT"": 3}","{""ZERGLING"": 10}",4bf69a863d239a8e41d9d1486e53afce08a537adedf721c7db033eef2679e67f
r2_train_0112,configs/train/r2_train_0112.json,train,zealot_vs_zergling_04,zealot_vs_zergling,False,8,far,16.9371,SIMPLE,compact,3,10,300,250,1.2,moderate,"{""ZEALOT"": 3}","{""ZERGLING"": 10}",1ae2d5344861af3b6e2d9d79f5b6a5f1bda3139103a33305f257ef5bb8efa9f8
r2_train_0113,configs/train/r2_train_0113.json,train,zealot_vs_zergling_05,zealot_vs_zergling,False,1,immediate,5.5048,SIMPLE,split,4,10,400,250,1.6,easy,"{""ZEALOT"": 4}","{""ZERGLING"": 10}",cd87f58f26b2bed53facc7ab1dab6d347424141fdbe4cd3411f3caae86098174
r2_train_0114,configs/train/r2_train_0114.json,train,zealot_vs_zergling_05,zealot_vs_zergling,False,2,immediate,5.6487,SIMPLE,staggered,4,10,400,250,1.6,easy,"{""ZEALOT"": 4}","{""ZERGLING"": 10}",38d43299f3456e736ae7384840c654378b2331bf0599c71244c97eb31841d15a
r2_train_0115,configs/train/r2_train_0115.json,train,zealot_vs_zergling_05,zealot_vs_zergling,False,3,near,8.6159,NARROW,compact,4,10,400,250,1.6,easy,"{""ZEALOT"": 4}","{""ZERGLING"": 10}",5070dab20b8af723816b5b10d501402b585610f00ea5e1690a071b73f58e0a2e
r2_train_0116,configs/train/r2_train_0116.json,train,zealot_vs_zergling_05,zealot_vs_zergling,False,4,near,9.0229,SIMPLE,compact,4,10,400,250,1.6,easy,"{""ZEALOT"": 4}","{""ZERGLING"": 10}",5a4a257d6bc417a1439f5df6d3df6be5444451a0d4f8faafe65e0654a3e1c8ff
r2_train_0117,configs/train/r2_train_0117.json,train,zealot_vs_zergling_05,zealot_vs_zergling,False,5,near,8.8429,SIMPLE,split,4,10,400,250,1.6,easy,"{""ZEALOT"": 4}","{""ZERGLING"": 10}",bd23f2446531d2eab0b5b95af9dad78e4d629b867349d1c12cf13a495d6a5d0d
r2_train_0118,configs/train/r2_train_0118.json,train,zealot_vs_zergling_05,zealot_vs_zergling,False,6,medium,12.7678,SIMPLE,staggered,4,10,400,250,1.6,easy,"{""ZEALOT"": 4}","{""ZERGLING"": 10}",b886d631ad3e03f6e0e33fb233e32b83eb353aeb59326bf7ed53cb6b687aab55
r2_train_0119,configs/train/r2_train_0119.json,train,zealot_vs_zergling_05,zealot_vs_zergling,False,7,medium,12.8572,SIMPLE,type_split,4,10,400,250,1.6,easy,"{""ZEALOT"": 4}","{""ZERGLING"": 10}",2891a33bdba3cc53e0d5404cdf959e7fa6c90338f2571ebd5ccf8313fd14eebe
r2_train_0120,configs/train/r2_train_0120.json,train,zealot_vs_zergling_05,zealot_vs_zergling,False,8,far,17.2391,SIMPLE,compact,4,10,400,250,1.6,easy,"{""ZEALOT"": 4}","{""ZERGLING"": 10}",07ccaaefcb7d04c6291da53dbb1d5e4ded8652c48e20df41aa3da08e1f8ab9f7
r2_train_0121,configs/train/r2_train_0121.json,train,stalker_vs_zealot_01,stalker_vs_zealot,False,1,immediate,5.5463,SIMPLE,split,2,2,250,200,1.25,moderate,"{""STALKER"": 2}","{""ZEALOT"": 2}",ad5188978518687ebbd75a85a6cb326538e9e4d70a0b7906163116ad1f675c06
r2_train_0122,configs/train/r2_train_0122.json,train,stalker_vs_zealot_01,stalker_vs_zealot,False,2,immediate,5.2936,SIMPLE,staggered,2,2,250,200,1.25,moderate,"{""STALKER"": 2}","{""ZEALOT"": 2}",a304d5f546fc2d442d77b39d28a920f2f589f018ad452b4c194c92bedbea7923
r2_train_0123,configs/train/r2_train_0123.json,train,stalker_vs_zealot_01,stalker_vs_zealot,False,3,near,8.558,SIMPLE,type_split,2,2,250,200,1.25,moderate,"{""STALKER"": 2}","{""ZEALOT"": 2}",b42166b7419dfb23690592b3804bf08988af62496321771411574fb372b362e2
r2_train_0124,configs/train/r2_train_0124.json,train,stalker_vs_zealot_01,stalker_vs_zealot,False,4,near,9.0333,NARROW,compact,2,2,250,200,1.25,moderate,"{""STALKER"": 2}","{""ZEALOT"": 2}",c538fffd3c2fed9aee44e1b78fa98646331e83958d5f96a236ed598f4fab05ef
r2_train_0125,configs/train/r2_train_0125.json,train,stalker_vs_zealot_01,stalker_vs_zealot,False,5,near,8.6129,SIMPLE,split,2,2,250,200,1.25,moderate,"{""STALKER"": 2}","{""ZEALOT"": 2}",65d41bf4cc30e7ab29d2d8daf7c7be2578c5fb366f7b6be6495f11dbaa25aec2
r2_train_0126,configs/train/r2_train_0126.json,train,stalker_vs_zealot_01,stalker_vs_zealot,False,6,medium,12.7298,SIMPLE,staggered,2,2,250,200,1.25,moderate,"{""STALKER"": 2}","{""ZEALOT"": 2}",bd274ef3fe4f23645e180261233809beac2845bc3abd7233d2a0ff5173ddf5a4
r2_train_0127,configs/train/r2_train_0127.json,train,stalker_vs_zealot_01,stalker_vs_zealot,False,7,medium,12.8493,SIMPLE,type_split,2,2,250,200,1.25,moderate,"{""STALKER"": 2}","{""ZEALOT"": 2}",d25caeb75d423e3c9c9b9cfd383fdcf6ced7e3b262d39f47fa10fd709628a7e3
r2_train_0128,configs/train/r2_train_0128.json,train,stalker_vs_zealot_01,stalker_vs_zealot,False,8,far,16.836,SIMPLE,compact,2,2,250,200,1.25,moderate,"{""STALKER"": 2}","{""ZEALOT"": 2}",685628e3085214822e555ed1c1728e69b384d3db0a262508403494be2410d112
r2_train_0129,configs/train/r2_train_0129.json,train,stalker_vs_zealot_02,stalker_vs_zealot,False,1,immediate,5.296,SIMPLE,split,3,3,375,300,1.25,moderate,"{""STALKER"": 3}","{""ZEALOT"": 3}",33fb9787e5637b0ab41fc11a8e756ef4b3451fc654999a831676d8a78a53cec2
r2_train_0130,configs/train/r2_train_0130.json,train,stalker_vs_zealot_02,stalker_vs_zealot,False,2,immediate,5.3472,SIMPLE,staggered,3,3,375,300,1.25,moderate,"{""STALKER"": 3}","{""ZEALOT"": 3}",a4d1fbc15b2203279a83e29d8cba94febfc3d886d7182bbb91a23f2ad0e66c64
r2_train_0131,configs/train/r2_train_0131.json,train,stalker_vs_zealot_02,stalker_vs_zealot,False,3,near,8.8827,SIMPLE,type_split,3,3,375,300,1.25,moderate,"{""STALKER"": 3}","{""ZEALOT"": 3}",f9efed866e0edf7c61ee5aade8ad6ec1b4a6febd276fbc63a2b2f43979510c43
r2_train_0132,configs/train/r2_train_0132.json,train,stalker_vs_zealot_02,stalker_vs_zealot,False,4,near,8.6759,SIMPLE,compact,3,3,375,300,1.25,moderate,"{""STALKER"": 3}","{""ZEALOT"": 3}",a7c0e2a097edde9a8c9323319632f57c6ed57cd85d2a60f8dade08cbbb9962d2
r2_train_0133,configs/train/r2_train_0133.json,train,stalker_vs_zealot_02,stalker_vs_zealot,False,5,near,8.8528,NARROW,split,3,3,375,300,1.25,moderate,"{""STALKER"": 3}","{""ZEALOT"": 3}",0daa30de86bf36db106fd13dd009e4ae0ccbe43275c28c458255c9be8296858f
r2_train_0134,configs/train/r2_train_0134.json,train,stalker_vs_zealot_02,stalker_vs_zealot,False,6,medium,12.6419,SIMPLE,staggered,3,3,375,300,1.25,moderate,"{""STALKER"": 3}","{""ZEALOT"": 3}",92b8785515bf1acc5f1b801ec27572862dbe31cb3bc2e0628a7f9022a772937b
r2_train_0135,configs/train/r2_train_0135.json,train,stalker_vs_zealot_02,stalker_vs_zealot,False,7,medium,12.7388,SIMPLE,type_split,3,3,375,300,1.25,moderate,"{""STALKER"": 3}","{""ZEALOT"": 3}",7965f7a02199614b069cb8450b3b39fe49a6c92938183c7442131576c6782dab
r2_train_0136,configs/train/r2_train_0136.json,train,stalker_vs_zealot_02,stalker_vs_zealot,False,8,far,17.0181,SIMPLE,compact,3,3,375,300,1.25,moderate,"{""STALKER"": 3}","{""ZEALOT"": 3}",e00f5f33cb2532386de2810152156b816d64f10c00962f659e7f570b3ff2485a
r2_train_0137,configs/train/r2_train_0137.json,train,stalker_vs_zealot_03,stalker_vs_zealot,False,1,immediate,5.1565,NARROW,compact,4,4,500,400,1.25,moderate,"{""STALKER"": 4}","{""ZEALOT"": 4}",5f18cde140214779a4b6ab67b94ada4d7c6f00b7f7e12450d77bafb48d05677e
r2_train_0138,configs/train/r2_train_0138.json,train,stalker_vs_zealot_03,stalker_vs_zealot,False,2,immediate,5.2301,SIMPLE,staggered,4,4,500,400,1.25,moderate,"{""STALKER"": 4}","{""ZEALOT"": 4}",fe2955b8dc4096f9352e245e47e921c7a891d78b276d11e4e34a6207e6bb8b89
r2_train_0139,configs/train/r2_train_0139.json,train,stalker_vs_zealot_03,stalker_vs_zealot,False,3,near,8.9691,SIMPLE,type_split,4,4,500,400,1.25,moderate,"{""STALKER"": 4}","{""ZEALOT"": 4}",6f5dceef321f53065cce79ca99851edf0da760fadc25ce4a46710e0f5e63bdfe
r2_train_0140,configs/train/r2_train_0140.json,train,stalker_vs_zealot_03,stalker_vs_zealot,False,4,near,8.7862,SIMPLE,compact,4,4,500,400,1.25,moderate,"{""STALKER"": 4}","{""ZEALOT"": 4}",2f36db9efb23a8f5bf0b675e378f8cf3861aee244ebd201e1f93e910639b3ae9
r2_train_0141,configs/train/r2_train_0141.json,train,stalker_vs_zealot_03,stalker_vs_zealot,False,5,near,8.5904,SIMPLE,split,4,4,500,400,1.25,moderate,"{""STALKER"": 4}","{""ZEALOT"": 4}",8be3c0b4cdeec17d0ba1883a61ff0054379368d352ce870ae48c1abe2f9f8b14
r2_train_0142,configs/train/r2_train_0142.json,train,stalker_vs_zealot_03,stalker_vs_zealot,False,6,medium,12.829,OCTAGON,staggered,4,4,500,400,1.25,moderate,"{""STALKER"": 4}","{""ZEALOT"": 4}",36fb56b9f5075e9df7620870ad449be34bf5a5d5851a52672d6a0f08a67b3dde
r2_train_0143,configs/train/r2_train_0143.json,train,stalker_vs_zealot_03,stalker_vs_zealot,False,7,medium,12.616,SIMPLE,type_split,4,4,500,400,1.25,moderate,"{""STALKER"": 4}","{""ZEALOT"": 4}",b8c2a978e585ea4b81ee1cf75bc2f667af02b1ba85bde7db24759a5d91594822
r2_train_0144,configs/train/r2_train_0144.json,train,stalker_vs_zealot_03,stalker_vs_zealot,False,8,far,16.8974,SIMPLE,compact,4,4,500,400,1.25,moderate,"{""STALKER"": 4}","{""ZEALOT"": 4}",4b339d30a209d64b42856efff12006f8049c23af399edba0a194022902699fd6
r2_train_0145,configs/train/r2_train_0145.json,train,stalker_vs_zealot_04,stalker_vs_zealot,False,1,immediate,5.3279,SIMPLE,split,5,5,625,500,1.25,moderate,"{""STALKER"": 5}","{""ZEALOT"": 5}",453bfdb2afcd303e75618d54de93eacaeb20fb75f210911d853f4be3bef0941a
r2_train_0146,configs/train/r2_train_0146.json,train,stalker_vs_zealot_04,stalker_vs_zealot,False,2,immediate,5.6299,NARROW,compact,5,5,625,500,1.25,moderate,"{""STALKER"": 5}","{""ZEALOT"": 5}",e43d0b612b1625d8b53836e5d5ac8eb3a99ce80c8274e8ac592acdc96b87fd72
r2_train_0147,configs/train/r2_train_0147.json,train,stalker_vs_zealot_04,stalker_vs_zealot,False,3,near,8.8029,SIMPLE,type_split,5,5,625,500,1.25,moderate,"{""STALKER"": 5}","{""ZEALOT"": 5}",837f604d555fa03e5f9144616e3218731b90a89789d9109da9537484e14ed450
r2_train_0148,configs/train/r2_train_0148.json,train,stalker_vs_zealot_04,stalker_vs_zealot,False,4,near,8.6759,SIMPLE,compact,5,5,625,500,1.25,moderate,"{""STALKER"": 5}","{""ZEALOT"": 5}",856e46d9db008b0101b56e8e41f384b9aa5302685bc93e47a217fd08a4cbc450
r2_train_0149,configs/train/r2_train_0149.json,train,stalker_vs_zealot_04,stalker_vs_zealot,False,5,near,8.6871,SIMPLE,split,5,5,625,500,1.25,moderate,"{""STALKER"": 5}","{""ZEALOT"": 5}",211086b0631be45978a10d631c1163326539f1becc03a30e9bb577fc1af02be6
r2_train_0150,configs/train/r2_train_0150.json,train,stalker_vs_zealot_04,stalker_vs_zealot,False,6,medium,12.9897,SIMPLE,staggered,5,5,625,500,1.25,moderate,"{""STALKER"": 5}","{""ZEALOT"": 5}",cd3f62f4869e23f441e69176a28493a4be81a35403914f2130ba6417249231df
r2_train_0151,configs/train/r2_train_0151.json,train,stalker_vs_zealot_04,stalker_vs_zealot,False,7,medium,12.6597,OCTAGON,type_split,5,5,625,500,1.25,moderate,"{""STALKER"": 5}","{""ZEALOT"": 5}",54c1cf98acae5dcba819e0d44748c010ef9206b87d190017801e91196b880c93
r2_train_0152,configs/train/r2_train_0152.json,train,stalker_vs_zealot_04,stalker_vs_zealot,False,8,far,16.7871,SIMPLE,compact,5,5,625,500,1.25,moderate,"{""STALKER"": 5}","{""ZEALOT"": 5}",831a9cade0edde894895d8300f20b21f466090f2278bab966f20e987738f5763
r2_train_0153,configs/train/r2_train_0153.json,train,stalker_vs_zealot_05,stalker_vs_zealot,False,1,immediate,5.3449,SIMPLE,split,6,6,750,600,1.25,moderate,"{""STALKER"": 6}","{""ZEALOT"": 6}",1cc4685532880d0775383c610ebc503c411ed725056b5bac5096f64b0fe8597b
r2_train_0154,configs/train/r2_train_0154.json,train,stalker_vs_zealot_05,stalker_vs_zealot,False,2,immediate,5.4475,SIMPLE,staggered,6,6,750,600,1.25,moderate,"{""STALKER"": 6}","{""ZEALOT"": 6}",8560943b282977aa98237f94c23b56abcf77bbaf365af0786471ad39a9a13d41
r2_train_0155,configs/train/r2_train_0155.json,train,stalker_vs_zealot_05,stalker_vs_zealot,False,3,near,8.6696,NARROW,compact,6,6,750,600,1.25,moderate,"{""STALKER"": 6}","{""ZEALOT"": 6}",0954a1192fe1c44373aeae563ac2160e8e3b83b558eb05e934b5195daee6011f
r2_train_0156,configs/train/r2_train_0156.json,train,stalker_vs_zealot_05,stalker_vs_zealot,False,4,near,8.8216,SIMPLE,compact,6,6,750,600,1.25,moderate,"{""STALKER"": 6}","{""ZEALOT"": 6}",687995b0c8b0beb90062cf18c34d115500d3a070ef75c4a548b12a5cd6abbe81
r2_train_0157,configs/train/r2_train_0157.json,train,stalker_vs_zealot_05,stalker_vs_zealot,False,5,near,8.5707,SIMPLE,split,6,6,750,600,1.25,moderate,"{""STALKER"": 6}","{""ZEALOT"": 6}",3198d9ca95d3bde96c3dd397e416d1eefe032f8249dce0ce653d3ce92deff06f
r2_train_0158,configs/train/r2_train_0158.json,train,stalker_vs_zealot_05,stalker_vs_zealot,False,6,medium,12.981,SIMPLE,staggered,6,6,750,600,1.25,moderate,"{""STALKER"": 6}","{""ZEALOT"": 6}",cf19acb74823f627bfdbd25b628fa7ce4e75ebe42403c5db4c18abb4dcf20b8b
r2_train_0159,configs/train/r2_train_0159.json,train,stalker_vs_zealot_05,stalker_vs_zealot,False,7,medium,12.669,SIMPLE,type_split,6,6,750,600,1.25,moderate,"{""STALKER"": 6}","{""ZEALOT"": 6}",7638f7922877d4cab7e8a033120596514cbcd1e8b7f6286bb35a21398b904ab2
r2_train_0160,configs/train/r2_train_0160.json,train,stalker_vs_zealot_05,stalker_vs_zealot,False,8,far,17.1914,SIMPLE,compact,6,6,750,600,1.25,moderate,"{""STALKER"": 6}","{""ZEALOT"": 6}",138a187de9723acf75929b4ed18e5d6e535194a58e821635b11e529598927521
r2_train_0161,configs/train/r2_train_0161.json,train,terran_vs_swarm_01,terran_vs_swarm,False,1,immediate,5.406,SIMPLE,split,3,5,200,150,1.3333,moderate,"{""MARAUDER"": 1, ""MARINE"": 2}","{""BANELING"": 1, ""ZERGLING"": 4}",e1f82350b5d658b077bdef2c8f929e2944215f097998cbcdfd592df9852cfcf2
r2_train_0162,configs/train/r2_train_0162.json,train,terran_vs_swarm_01,terran_vs_swarm,False,2,immediate,5.503,SIMPLE,staggered,3,5,200,150,1.3333,moderate,"{""MARAUDER"": 1, ""MARINE"": 2}","{""BANELING"": 1, ""ZERGLING"": 4}",b1f3092319ffce50ce5c3e32a52cfeba76dc1afdd6bdfcd19d2cffa40ce26cba
r2_train_0163,configs/train/r2_train_0163.json,train,terran_vs_swarm_01,terran_vs_swarm,False,3,near,8.6506,SIMPLE,type_split,3,5,200,150,1.3333,moderate,"{""MARAUDER"": 1, ""MARINE"": 2}","{""BANELING"": 1, ""ZERGLING"": 4}",3e48c091a57c7d54dbde0a3637dc72b2a0541274cae8d43fb662b5404e5d5c8d
r2_train_0164,configs/train/r2_train_0164.json,train,terran_vs_swarm_01,terran_vs_swarm,False,4,near,8.9701,NARROW,compact,3,5,200,150,1.3333,moderate,"{""MARAUDER"": 1, ""MARINE"": 2}","{""BANELING"": 1, ""ZERGLING"": 4}",a1c757a08f65fe49f131a468521dd3c8dae8d3fac6fef6c5afb444c50ea80dfd
r2_train_0165,configs/train/r2_train_0165.json,train,terran_vs_swarm_01,terran_vs_swarm,False,5,near,8.8308,SIMPLE,split,3,5,200,150,1.3333,moderate,"{""MARAUDER"": 1, ""MARINE"": 2}","{""BANELING"": 1, ""ZERGLING"": 4}",ce1ceb9eff64fc68d22137c459a908fc15003689ff233972b6f3cf3539c4dd78
r2_train_0166,configs/train/r2_train_0166.json,train,terran_vs_swarm_01,terran_vs_swarm,False,6,medium,12.8659,SIMPLE,staggered,3,5,200,150,1.3333,moderate,"{""MARAUDER"": 1, ""MARINE"": 2}","{""BANELING"": 1, ""ZERGLING"": 4}",84d75db83abe6edb02424d1067c2850b700498d5682dd880400054ee8f2c5288
r2_train_0167,configs/train/r2_train_0167.json,train,terran_vs_swarm_01,terran_vs_swarm,False,7,medium,12.8596,SIMPLE,type_split,3,5,200,150,1.3333,moderate,"{""MARAUDER"": 1, ""MARINE"": 2}","{""BANELING"": 1, ""ZERGLING"": 4}",738cf7bd2f53da75c070c4d84828683038d219897f807ea8382651445fbb0d6f
r2_train_0168,configs/train/r2_train_0168.json,train,terran_vs_swarm_01,terran_vs_swarm,False,8,far,17.2404,SIMPLE,compact,3,5,200,150,1.3333,moderate,"{""MARAUDER"": 1, ""MARINE"": 2}","{""BANELING"": 1, ""ZERGLING"": 4}",ffa4692f615c58cd5158958e72c233dc1c4217c81fa776147194eca4af7837e3
r2_train_0169,configs/train/r2_train_0169.json,train,terran_vs_swarm_02,terran_vs_swarm,False,1,immediate,5.1833,SIMPLE,split,4,7,300,200,1.5,easy,"{""MARAUDER"": 2, ""MARINE"": 2}","{""BANELING"": 1, ""ZERGLING"": 6}",995d3a0261b5cdfdd1939e3b232d7de2972f8fa931d5c176a985ca412ff46529
r2_train_0170,configs/train/r2_train_0170.json,train,terran_vs_swarm_02,terran_vs_swarm,False,2,immediate,5.2061,SIMPLE,staggered,4,7,300,200,1.5,easy,"{""MARAUDER"": 2, ""MARINE"": 2}","{""BANELING"": 1, ""ZERGLING"": 6}",ba9dabdfc454b0f07502d9097892ab0651271e69f02e40989ee3c34a0f8d9fd5
r2_train_0171,configs/train/r2_train_0171.json,train,terran_vs_swarm_02,terran_vs_swarm,False,3,near,8.8813,SIMPLE,type_split,4,7,300,200,1.5,easy,"{""MARAUDER"": 2, ""MARINE"": 2}","{""BANELING"": 1, ""ZERGLING"": 6}",7e077090f51b723d5c574557552445891a91135e42391cef77314708d26966d9
r2_train_0172,configs/train/r2_train_0172.json,train,terran_vs_swarm_02,terran_vs_swarm,False,4,near,8.6481,SIMPLE,compact,4,7,300,200,1.5,easy,"{""MARAUDER"": 2, ""MARINE"": 2}","{""BANELING"": 1, ""ZERGLING"": 6}",9b338fd9dbeeeb1f039c27c0e77d1c2645ce6253907e3993909bd08209446293
r2_train_0173,configs/train/r2_train_0173.json,train,terran_vs_swarm_02,terran_vs_swarm,False,5,near,8.7871,NARROW,compact,4,7,300,200,1.5,easy,"{""MARAUDER"": 2, ""MARINE"": 2}","{""BANELING"": 1, ""ZERGLING"": 6}",f395e29b789022a059b97efca512a57916dd499fab8705a57c991d6034d32fdf
r2_train_0174,configs/train/r2_train_0174.json,train,terran_vs_swarm_02,terran_vs_swarm,False,6,medium,12.6641,SIMPLE,staggered,4,7,300,200,1.5,easy,"{""MARAUDER"": 2, ""MARINE"": 2}","{""BANELING"": 1, ""ZERGLING"": 6}",0d3aecbbeb6b811f17c1b2618cbf122612f466ba1ef38f7ce8c4de5674465d76
r2_train_0175,configs/train/r2_train_0175.json,train,terran_vs_swarm_02,terran_vs_swarm,False,7,medium,12.8512,SIMPLE,type_split,4,7,300,200,1.5,easy,"{""MARAUDER"": 2, ""MARINE"": 2}","{""BANELING"": 1, ""ZERGLING"": 6}",7dc3095d8220bcbc80036b28d79e95860ced67ccff995ffbe9ac4834dc1b0ba5
r2_train_0176,configs/train/r2_train_0176.json,train,terran_vs_swarm_02,terran_vs_swarm,False,8,far,16.8149,SIMPLE,compact,4,7,300,200,1.5,easy,"{""MARAUDER"": 2, ""MARINE"": 2}","{""BANELING"": 1, ""ZERGLING"": 6}",d15c9f9d26288a272768bf44506e12d0d1b358ffdda50a9441707197afe8ddee
r2_train_0177,configs/train/r2_train_0177.json,train,terran_vs_swarm_03,terran_vs_swarm,False,1,immediate,5.3628,NARROW,compact,5,8,350,250,1.4,moderate,"{""MARAUDER"": 2, ""MARINE"": 3}","{""BANELING"": 2, ""ZERGLING"": 6}",671bb86f0f975da098f028111d64d533eda3c2aab0d973491bf8d28d35dd5dc6
r2_train_0178,configs/train/r2_train_0178.json,train,terran_vs_swarm_03,terran_vs_swarm,False,2,immediate,5.1715,SIMPLE,staggered,5,8,350,250,1.4,moderate,"{""MARAUDER"": 2, ""MARINE"": 3}","{""BANELING"": 2, ""ZERGLING"": 6}",cff44d9a9e84707f85ce13e0b5b07628b54a27ba80efc7c3398284d93b351520
r2_train_0179,configs/train/r2_train_0179.json,train,terran_vs_swarm_03,terran_vs_swarm,False,3,near,8.9879,SIMPLE,type_split,5,8,350,250,1.4,moderate,"{""MARAUDER"": 2, ""MARINE"": 3}","{""BANELING"": 2, ""ZERGLING"": 6}",7856ca322aa895aecded8393237b256fe5d9f80d6abc043eeec463708cbc2800
r2_train_0180,configs/train/r2_train_0180.json,train,terran_vs_swarm_03,terran_vs_swarm,False,4,near,8.6812,SIMPLE,compact,5,8,350,250,1.4,moderate,"{""MARAUDER"": 2, ""MARINE"": 3}","{""BANELING"": 2, ""ZERGLING"": 6}",2154529af0e090a03d63b8d84cf7d18fce0ccddc3d7b261ad202123439f0d275
r2_train_0181,configs/train/r2_train_0181.json,train,terran_vs_swarm_03,terran_vs_swarm,False,5,near,8.9254,SIMPLE,split,5,8,350,250,1.4,moderate,"{""MARAUDER"": 2, ""MARINE"": 3}","{""BANELING"": 2, ""ZERGLING"": 6}",1e3919f38c065da8ce2fa9208f45a00d0ddc7c96c4e0bd8366191c3fcf32b064
r2_train_0182,configs/train/r2_train_0182.json,train,terran_vs_swarm_03,terran_vs_swarm,False,6,medium,12.8007,OCTAGON,staggered,5,8,350,250,1.4,moderate,"{""MARAUDER"": 2, ""MARINE"": 3}","{""BANELING"": 2, ""ZERGLING"": 6}",f767e8da3f67a382e4d4966dbfea65a9bb498480ba22d88a734055b2558d2070
r2_train_0183,configs/train/r2_train_0183.json,train,terran_vs_swarm_03,terran_vs_swarm,False,7,medium,12.5854,SIMPLE,type_split,5,8,350,250,1.4,moderate,"{""MARAUDER"": 2, ""MARINE"": 3}","{""BANELING"": 2, ""ZERGLING"": 6}",43b9d8de60e35d299a371510b793eb1a8f35c3ed0c02e354124bb03927189dda
r2_train_0184,configs/train/r2_train_0184.json,train,terran_vs_swarm_03,terran_vs_swarm,False,8,far,16.8984,SIMPLE,compact,5,8,350,250,1.4,moderate,"{""MARAUDER"": 2, ""MARINE"": 3}","{""BANELING"": 2, ""ZERGLING"": 6}",8cbb084a96c10e2e641b6f980468b9b170942e2421543f99b0df3d7a2f6bff85
r2_train_0185,configs/train/r2_train_0185.json,train,terran_vs_swarm_04,terran_vs_swarm,False,1,immediate,5.1522,SIMPLE,split,6,10,400,300,1.3333,moderate,"{""MARAUDER"": 2, ""MARINE"": 4}","{""BANELING"": 2, ""ZERGLING"": 8}",e22a10644dbfce40d1ce228fcebb6f8c368cc964815b0d307a5a286a532ac39e
r2_train_0186,configs/train/r2_train_0186.json,train,terran_vs_swarm_04,terran_vs_swarm,False,2,immediate,5.1507,NARROW,compact,6,10,400,300,1.3333,moderate,"{""MARAUDER"": 2, ""MARINE"": 4}","{""BANELING"": 2, ""ZERGLING"": 8}",9c107f45190690942d10d437174fc1894f13e9f7aa5f2b867ff07a6b5b3a2063
r2_train_0187,configs/train/r2_train_0187.json,train,terran_vs_swarm_04,terran_vs_swarm,False,3,near,8.6775,SIMPLE,type_split,6,10,400,300,1.3333,moderate,"{""MARAUDER"": 2, ""MARINE"": 4}","{""BANELING"": 2, ""ZERGLING"": 8}",7d583fd53c2099253c935fd90243520d091b9b9711b860bf6b216612c63a60ac
r2_train_0188,configs/train/r2_train_0188.json,train,terran_vs_swarm_04,terran_vs_swarm,False,4,near,8.567,SIMPLE,compact,6,10,400,300,1.3333,moderate,"{""MARAUDER"": 2, ""MARINE"": 4}","{""BANELING"": 2, ""ZERGLING"": 8}",54ba6bb299cc0b7e1714586dd20a5ae65a212e7624f7910853e828a1c1365881
r2_train_0189,configs/train/r2_train_0189.json,train,terran_vs_swarm_04,terran_vs_swarm,False,5,near,8.6673,SIMPLE,split,6,10,400,300,1.3333,moderate,"{""MARAUDER"": 2, ""MARINE"": 4}","{""BANELING"": 2, ""ZERGLING"": 8}",2bdb426c4452121d4c1236d107ce6beb8d2e82e514f88e99f7baadb154b4f70a
r2_train_0190,configs/train/r2_train_0190.json,train,terran_vs_swarm_04,terran_vs_swarm,False,6,medium,12.9147,SIMPLE,staggered,6,10,400,300,1.3333,moderate,"{""MARAUDER"": 2, ""MARINE"": 4}","{""BANELING"": 2, ""ZERGLING"": 8}",6db9fe6541aeca190e51258db6864741c1d7c8d6c6e1b9ee215cd8356780e0ac
r2_train_0191,configs/train/r2_train_0191.json,train,terran_vs_swarm_04,terran_vs_swarm,False,7,medium,12.613,OCTAGON,type_split,6,10,400,300,1.3333,moderate,"{""MARAUDER"": 2, ""MARINE"": 4}","{""BANELING"": 2, ""ZERGLING"": 8}",b6da467b942681abedbe8b72740069ff5da2b237b160545f139531e199d76321
r2_train_0192,configs/train/r2_train_0192.json,train,terran_vs_swarm_04,terran_vs_swarm,False,8,far,17.0063,SIMPLE,compact,6,10,400,300,1.3333,moderate,"{""MARAUDER"": 2, ""MARINE"": 4}","{""BANELING"": 2, ""ZERGLING"": 8}",b64ae7dfad96e3de8c9337b25aa0d93e1681fe2fad86620d5b7489f02c4e74d7
r2_train_0193,configs/train/r2_train_0193.json,train,terran_vs_swarm_05,terran_vs_swarm,False,1,immediate,5.6437,SIMPLE,split,8,10,550,325,1.6923,easy,"{""MARAUDER"": 3, ""MARINE"": 5}","{""BANELING"": 3, ""ZERGLING"": 7}",7d23d3d7e681e2c1bae4f2cb639d02e9d07f45b04089d78d03451cad1b274be7
r2_train_0194,configs/train/r2_train_0194.json,train,terran_vs_swarm_05,terran_vs_swarm,False,2,immediate,5.6281,SIMPLE,staggered,8,10,550,325,1.6923,easy,"{""MARAUDER"": 3, ""MARINE"": 5}","{""BANELING"": 3, ""ZERGLING"": 7}",1b2a8d2600c80c8eb7575a8e777d08bb3f9b0820ecd7f5919c08040dee8cee0a
r2_train_0195,configs/train/r2_train_0195.json,train,terran_vs_swarm_05,terran_vs_swarm,False,3,near,8.7991,NARROW,compact,8,10,550,325,1.6923,easy,"{""MARAUDER"": 3, ""MARINE"": 5}","{""BANELING"": 3, ""ZERGLING"": 7}",83b7a4a0b7f4dc0cd5bc96c127368ecdd376c721d9180ac9cf5c51c1b9813af6
r2_train_0196,configs/train/r2_train_0196.json,train,terran_vs_swarm_05,terran_vs_swarm,False,4,near,8.7356,SIMPLE,compact,8,10,550,325,1.6923,easy,"{""MARAUDER"": 3, ""MARINE"": 5}","{""BANELING"": 3, ""ZERGLING"": 7}",c19d5c2f73a3060c0030251d5769220cf39ae88e029c7665afe5820c6d3bb590
r2_train_0197,configs/train/r2_train_0197.json,train,terran_vs_swarm_05,terran_vs_swarm,False,5,near,8.9495,SIMPLE,split,8,10,550,325,1.6923,easy,"{""MARAUDER"": 3, ""MARINE"": 5}","{""BANELING"": 3, ""ZERGLING"": 7}",236727619754427d4b838eccb77ee549cc0901c5c2923e9312daeb881bf785a5
r2_train_0198,configs/train/r2_train_0198.json,train,terran_vs_swarm_05,terran_vs_swarm,False,6,medium,12.7495,SIMPLE,staggered,8,10,550,325,1.6923,easy,"{""MARAUDER"": 3, ""MARINE"": 5}","{""BANELING"": 3, ""ZERGLING"": 7}",07818f0110a50e9a8ff65dbd469da140d4522714f4af0abac070288fccfeef41
r2_train_0199,configs/train/r2_train_0199.json,train,terran_vs_swarm_05,terran_vs_swarm,False,7,medium,13.0366,SIMPLE,type_split,8,10,550,325,1.6923,easy,"{""MARAUDER"": 3, ""MARINE"": 5}","{""BANELING"": 3, ""ZERGLING"": 7}",edfbb0f2ec2aadb8dbb1d7abcd11c39e52ea17a82fb6fd67d85e3697447844e9
r2_train_0200,configs/train/r2_train_0200.json,train,terran_vs_swarm_05,terran_vs_swarm,False,8,far,16.8467,SIMPLE,compact,8,10,550,325,1.6923,easy,"{""MARAUDER"": 3, ""MARINE"": 5}","{""BANELING"": 3, ""ZERGLING"": 7}",fbe04f92920ad3ff61ac9e0c257a28636e20de6b7cb95bfe1924df5e559a801d
r2_train_0201,configs/train/r2_train_0201.json,train,mmm_mirror_01,mmm_mirror,False,1,immediate,5.6067,SIMPLE,split,5,4,375,325,1.1538,hard_winnable,"{""MARAUDER"": 1, ""MARINE"": 3, ""MEDIVAC"": 1}","{""MARAUDER"": 1, ""MARINE"": 2, ""MEDIVAC"": 1}",a006dc9dd7fda7052214dad3f3f8c9a23183eed3fbc4d15cee2bd9a795598b7f
r2_train_0202,configs/train/r2_train_0202.json,train,mmm_mirror_01,mmm_mirror,False,2,immediate,5.6304,SIMPLE,staggered,5,4,375,325,1.1538,hard_winnable,"{""MARAUDER"": 1, ""MARINE"": 3, ""MEDIVAC"": 1}","{""MARAUDER"": 1, ""MARINE"": 2, ""MEDIVAC"": 1}",f161c383d8412dd4410de7e9ad6f4453b1f99accf459401538da694643cd36ab
r2_train_0203,configs/train/r2_train_0203.json,train,mmm_mirror_01,mmm_mirror,False,3,near,8.6315,SIMPLE,type_split,5,4,375,325,1.1538,hard_winnable,"{""MARAUDER"": 1, ""MARINE"": 3, ""MEDIVAC"": 1}","{""MARAUDER"": 1, ""MARINE"": 2, ""MEDIVAC"": 1}",bed6e4849d6cfb79d07f774009ae2b8883db06fefa972a32fc71687cd221ec82
r2_train_0204,configs/train/r2_train_0204.json,train,mmm_mirror_01,mmm_mirror,False,4,near,8.7381,NARROW,compact,5,4,375,325,1.1538,hard_winnable,"{""MARAUDER"": 1, ""MARINE"": 3, ""MEDIVAC"": 1}","{""MARAUDER"": 1, ""MARINE"": 2, ""MEDIVAC"": 1}",67069b28721f74887d41cfd8ff4071498e6bf797d8e3698b47a59c26582a0787
r2_train_0205,configs/train/r2_train_0205.json,train,mmm_mirror_01,mmm_mirror,False,5,near,8.7566,SIMPLE,split,5,4,375,325,1.1538,hard_winnable,"{""MARAUDER"": 1, ""MARINE"": 3, ""MEDIVAC"": 1}","{""MARAUDER"": 1, ""MARINE"": 2, ""MEDIVAC"": 1}",56229ae7128f1f799bd7bac7e4ba8f43b4ad518468dc3acf57e54da641991378
r2_train_0206,configs/train/r2_train_0206.json,train,mmm_mirror_01,mmm_mirror,False,6,medium,12.6248,SIMPLE,staggered,5,4,375,325,1.1538,hard_winnable,"{""MARAUDER"": 1, ""MARINE"": 3, ""MEDIVAC"": 1}","{""MARAUDER"": 1, ""MARINE"": 2, ""MEDIVAC"": 1}",cbe60a59498f92dfe338846b97b994b8acc897ea0f03a1fd743b50c31c66f1c2
r2_train_0207,configs/train/r2_train_0207.json,train,mmm_mirror_01,mmm_mirror,False,7,medium,12.9794,SIMPLE,type_split,5,4,375,325,1.1538,hard_winnable,"{""MARAUDER"": 1, ""MARINE"": 3, ""MEDIVAC"": 1}","{""MARAUDER"": 1, ""MARINE"": 2, ""MEDIVAC"": 1}",5ed487f9e12fbd8869fb3066329e0574d3701b9ea3ee30ada088b614d01fcc4b
r2_train_0208,configs/train/r2_train_0208.json,train,mmm_mirror_01,mmm_mirror,False,8,far,17.0468,SIMPLE,compact,5,4,375,325,1.1538,hard_winnable,"{""MARAUDER"": 1, ""MARINE"": 3, ""MEDIVAC"": 1}","{""MARAUDER"": 1, ""MARINE"": 2, ""MEDIVAC"": 1}",669bacc2440b48bd9832351afbf38c3bcac3befeda0f98bd51002032e6b68d42
r2_train_0209,configs/train/r2_train_0209.json,train,mmm_mirror_02,mmm_mirror,False,1,immediate,5.5004,SIMPLE,split,6,5,475,375,1.2667,moderate,"{""MARAUDER"": 2, ""MARINE"": 3, ""MEDIVAC"": 1}","{""MARAUDER"": 1, ""MARINE"": 3, ""MEDIVAC"": 1}",f676232688bd7b557d136f05c2c6b8b4ab5ac6629653f596db5feb83c57b74c2
r2_train_0210,configs/train/r2_train_0210.json,train,mmm_mirror_02,mmm_mirror,False,2,immediate,5.5843,SIMPLE,staggered,6,5,475,375,1.2667,moderate,"{""MARAUDER"": 2, ""MARINE"": 3, ""MEDIVAC"": 1}","{""MARAUDER"": 1, ""MARINE"": 3, ""MEDIVAC"": 1}",bc642dbde2de7e63ebd884431f9b0ec6859ae224762301f783e35bb9030274df
r2_train_0211,configs/train/r2_train_0211.json,train,mmm_mirror_02,mmm_mirror,False,3,near,8.8469,SIMPLE,type_split,6,5,475,375,1.2667,moderate,"{""MARAUDER"": 2, ""MARINE"": 3, ""MEDIVAC"": 1}","{""MARAUDER"": 1, ""MARINE"": 3, ""MEDIVAC"": 1}",0d55282cd8c524ddb83008a4b9b93d8ca4168832fc5eec6c121119a74e25d644
r2_train_0212,configs/train/r2_train_0212.json,train,mmm_mirror_02,mmm_mirror,False,4,near,8.9338,SIMPLE,compact,6,5,475,375,1.2667,moderate,"{""MARAUDER"": 2, ""MARINE"": 3, ""MEDIVAC"": 1}","{""MARAUDER"": 1, ""MARINE"": 3, ""MEDIVAC"": 1}",746ec471dbbbed2a2492c890576949f129cfbc43832be771422f6c9480ad00a8
r2_train_0213,configs/train/r2_train_0213.json,train,mmm_mirror_02,mmm_mirror,False,5,near,8.8767,NARROW,compact,6,5,475,375,1.2667,moderate,"{""MARAUDER"": 2, ""MARINE"": 3, ""MEDIVAC"": 1}","{""MARAUDER"": 1, ""MARINE"": 3, ""MEDIVAC"": 1}",f2585e41a5a793034efce53dda31873bbc7898eccafe05c26da48e9e1d543663
r2_train_0214,configs/train/r2_train_0214.json,train,mmm_mirror_02,mmm_mirror,False,6,medium,12.7027,SIMPLE,staggered,6,5,475,375,1.2667,moderate,"{""MARAUDER"": 2, ""MARINE"": 3, ""MEDIVAC"": 1}","{""MARAUDER"": 1, ""MARINE"": 3, ""MEDIVAC"": 1}",ac4e063cfe16eb994dd2fcc94f27bbfb0d34e05977e4a2c5b7e79c3adb83b500
r2_train_0215,configs/train/r2_train_0215.json,train,mmm_mirror_02,mmm_mirror,False,7,medium,12.8613,SIMPLE,type_split,6,5,475,375,1.2667,moderate,"{""MARAUDER"": 2, ""MARINE"": 3, ""MEDIVAC"": 1}","{""MARAUDER"": 1, ""MARINE"": 3, ""MEDIVAC"": 1}",372975257aa8f6a968e5d2bd84a2f62fa7c0a694406574a1ed0f5db25f20cf09
r2_train_0216,configs/train/r2_train_0216.json,train,mmm_mirror_02,mmm_mirror,False,8,far,16.995,SIMPLE,compact,6,5,475,375,1.2667,moderate,"{""MARAUDER"": 2, ""MARINE"": 3, ""MEDIVAC"": 1}","{""MARAUDER"": 1, ""MARINE"": 3, ""MEDIVAC"": 1}",d87b2e5b2fd09334f0683cdc51ed101dc0504173e7f3d9d3158389381d4b6ddd
r2_train_0217,configs/train/r2_train_0217.json,train,mmm_mirror_03,mmm_mirror,False,1,immediate,5.3935,NARROW,compact,7,6,525,475,1.1053,hard_winnable,"{""MARAUDER"": 2, ""MARINE"": 4, ""MEDIVAC"": 1}","{""MARAUDER"": 2, ""MARINE"": 3, ""MEDIVAC"": 1}",2067f0b5c22944101e0c0ebed3ab9df6e61a1333734a08c952cc58c851b2bf22
r2_train_0218,configs/train/r2_train_0218.json,train,mmm_mirror_03,mmm_mirror,False,2,immediate,5.3329,SIMPLE,staggered,7,6,525,475,1.1053,hard_winnable,"{""MARAUDER"": 2, ""MARINE"": 4, ""MEDIVAC"": 1}","{""MARAUDER"": 2, ""MARINE"": 3, ""MEDIVAC"": 1}",9d657e1604a8c29460a138cf78954e8b799ef1b725c1deb0c2b63592535d53ba
r2_train_0219,configs/train/r2_train_0219.json,train,mmm_mirror_03,mmm_mirror,False,3,near,9.0054,SIMPLE,type_split,7,6,525,475,1.1053,hard_winnable,"{""MARAUDER"": 2, ""MARINE"": 4, ""MEDIVAC"": 1}","{""MARAUDER"": 2, ""MARINE"": 3, ""MEDIVAC"": 1}",0642fec4ec20d7bb53f7eb029a62414c2c20a9e1ca078e5b7945d4d0f0cad168
r2_train_0220,configs/train/r2_train_0220.json,train,mmm_mirror_03,mmm_mirror,False,4,near,8.8379,SIMPLE,compact,7,6,525,475,1.1053,hard_winnable,"{""MARAUDER"": 2, ""MARINE"": 4, ""MEDIVAC"": 1}","{""MARAUDER"": 2, ""MARINE"": 3, ""MEDIVAC"": 1}",7f1803b8fd31fb82853d8c53d9e772c70667ce3d881e8bf6284fdc729ed9a206
r2_train_0221,configs/train/r2_train_0221.json,train,mmm_mirror_03,mmm_mirror,False,5,near,8.7079,SIMPLE,split,7,6,525,475,1.1053,hard_winnable,"{""MARAUDER"": 2, ""MARINE"": 4, ""MEDIVAC"": 1}","{""MARAUDER"": 2, ""MARINE"": 3, ""MEDIVAC"": 1}",f2881114bee25db4b2bdaa5f7ea26eedd81b694a2f964b74a7195ef080110122
r2_train_0222,configs/train/r2_train_0222.json,train,mmm_mirror_03,mmm_mirror,False,6,medium,12.6775,OCTAGON,staggered,7,6,525,475,1.1053,hard_winnable,"{""MARAUDER"": 2, ""MARINE"": 4, ""MEDIVAC"": 1}","{""MARAUDER"": 2, ""MARINE"": 3, ""MEDIVAC"": 1}",7ce05d18b2ecea4a675d7c69cc2d64286d39c2e181a701f2a90fd8885f7b613f
r2_train_0223,configs/train/r2_train_0223.json,train,mmm_mirror_03,mmm_mirror,False,7,medium,12.9,SIMPLE,type_split,7,6,525,475,1.1053,hard_winnable,"{""MARAUDER"": 2, ""MARINE"": 4, ""MEDIVAC"": 1}","{""MARAUDER"": 2, ""MARINE"": 3, ""MEDIVAC"": 1}",1ece5cc8c062789878a51485dc473bc2ca33f6ee51a791a77abb4cc63942ff26
r2_train_0224,configs/train/r2_train_0224.json,train,mmm_mirror_03,mmm_mirror,False,8,far,16.9036,SIMPLE,compact,7,6,525,475,1.1053,hard_winnable,"{""MARAUDER"": 2, ""MARINE"": 4, ""MEDIVAC"": 1}","{""MARAUDER"": 2, ""MARINE"": 3, ""MEDIVAC"": 1}",f57c41c97d503de0f9b0078b5f0cb65d1c02335268ad448786f269bc6d3b58ed
r2_train_0225,configs/train/r2_train_0225.json,train,mmm_mirror_04,mmm_mirror,False,1,immediate,5.2691,SIMPLE,split,8,7,625,525,1.1905,hard_winnable,"{""MARAUDER"": 3, ""MARINE"": 4, ""MEDIVAC"": 1}","{""MARAUDER"": 2, ""MARINE"": 4, ""MEDIVAC"": 1}",9ad8627e8508a1e5b253067fe80e3c556f582f11f99d7852a01f1c7517d037da
r2_train_0226,configs/train/r2_train_0226.json,train,mmm_mirror_04,mmm_mirror,False,2,immediate,5.3579,NARROW,compact,8,7,625,525,1.1905,hard_winnable,"{""MARAUDER"": 3, ""MARINE"": 4, ""MEDIVAC"": 1}","{""MARAUDER"": 2, ""MARINE"": 4, ""MEDIVAC"": 1}",a431ae9e6a23e6706c1c631c008c9eef743fa8401d04fdcbdf69d56a52baa9ec
r2_train_0227,configs/train/r2_train_0227.json,train,mmm_mirror_04,mmm_mirror,False,3,near,8.9129,SIMPLE,type_split,8,7,625,525,1.1905,hard_winnable,"{""MARAUDER"": 3, ""MARINE"": 4, ""MEDIVAC"": 1}","{""MARAUDER"": 2, ""MARINE"": 4, ""MEDIVAC"": 1}",cffd066bc080d3336601e87114a1f89493238d407e8841ba62912afe38d5c6c8
r2_train_0228,configs/train/r2_train_0228.json,train,mmm_mirror_04,mmm_mirror,False,4,near,8.7386,SIMPLE,compact,8,7,625,525,1.1905,hard_winnable,"{""MARAUDER"": 3, ""MARINE"": 4, ""MEDIVAC"": 1}","{""MARAUDER"": 2, ""MARINE"": 4, ""MEDIVAC"": 1}",3f27ea449e28a994c1584073102a6ddd0331388c9f4de2b1fe2a6cff22eda310
r2_train_0229,configs/train/r2_train_0229.json,train,mmm_mirror_04,mmm_mirror,False,5,near,8.622,SIMPLE,split,8,7,625,525,1.1905,hard_winnable,"{""MARAUDER"": 3, ""MARINE"": 4, ""MEDIVAC"": 1}","{""MARAUDER"": 2, ""MARINE"": 4, ""MEDIVAC"": 1}",c6910a5551ed00da4b7ec31ba660e7ec8f50fd4671e70cba9dae28e5e940c24a
r2_train_0230,configs/train/r2_train_0230.json,train,mmm_mirror_04,mmm_mirror,False,6,medium,13.0237,SIMPLE,staggered,8,7,625,525,1.1905,hard_winnable,"{""MARAUDER"": 3, ""MARINE"": 4, ""MEDIVAC"": 1}","{""MARAUDER"": 2, ""MARINE"": 4, ""MEDIVAC"": 1}",e34c50a091693bc55286e585e2d5a4df4bc789dadd7f58a6ff69b8edd470d48f
r2_train_0231,configs/train/r2_train_0231.json,train,mmm_mirror_04,mmm_mirror,False,7,medium,12.8715,OCTAGON,type_split,8,7,625,525,1.1905,hard_winnable,"{""MARAUDER"": 3, ""MARINE"": 4, ""MEDIVAC"": 1}","{""MARAUDER"": 2, ""MARINE"": 4, ""MEDIVAC"": 1}",6e2fc8aec245f6de0e97849104a2d47dadda089294f9decad8829148c6bab149
r2_train_0232,configs/train/r2_train_0232.json,train,mmm_mirror_04,mmm_mirror,False,8,far,17.1173,SIMPLE,compact,8,7,625,525,1.1905,hard_winnable,"{""MARAUDER"": 3, ""MARINE"": 4, ""MEDIVAC"": 1}","{""MARAUDER"": 2, ""MARINE"": 4, ""MEDIVAC"": 1}",6272d90f11deddef3f5d720911cdc8666fbd51f9436768c58bba1f23fbcdca51
r2_train_0233,configs/train/r2_train_0233.json,train,mmm_mirror_05,mmm_mirror,False,1,immediate,5.3882,SIMPLE,split,9,8,675,625,1.08,hard_winnable,"{""MARAUDER"": 3, ""MARINE"": 5, ""MEDIVAC"": 1}","{""MARAUDER"": 3, ""MARINE"": 4, ""MEDIVAC"": 1}",51c1ca4f15d1d66120e0939c5b0caffd514af3b85c4e5579f73eb1dd4e31c87f
r2_train_0234,configs/train/r2_train_0234.json,train,mmm_mirror_05,mmm_mirror,False,2,immediate,5.4284,SIMPLE,staggered,9,8,675,625,1.08,hard_winnable,"{""MARAUDER"": 3, ""MARINE"": 5, ""MEDIVAC"": 1}","{""MARAUDER"": 3, ""MARINE"": 4, ""MEDIVAC"": 1}",bd4256c2a8eab470976817a3f69d993b73d544e32b65a5d488edb148c9a02f31
r2_train_0235,configs/train/r2_train_0235.json,train,mmm_mirror_05,mmm_mirror,False,3,near,8.9876,NARROW,compact,9,8,675,625,1.08,hard_winnable,"{""MARAUDER"": 3, ""MARINE"": 5, ""MEDIVAC"": 1}","{""MARAUDER"": 3, ""MARINE"": 4, ""MEDIVAC"": 1}",1ef324d0af5d5f21e84f1ae6e27e20d5e3a0dcc012211754843bac47fcd770a5
r2_train_0236,configs/train/r2_train_0236.json,train,mmm_mirror_05,mmm_mirror,False,4,near,8.6003,SIMPLE,compact,9,8,675,625,1.08,hard_winnable,"{""MARAUDER"": 3, ""MARINE"": 5, ""MEDIVAC"": 1}","{""MARAUDER"": 3, ""MARINE"": 4, ""MEDIVAC"": 1}",6a44f06d2a4795ed21a1858f6efd4a6de2252371680bc6020cfbf1194b070d57
r2_train_0237,configs/train/r2_train_0237.json,train,mmm_mirror_05,mmm_mirror,False,5,near,8.7807,SIMPLE,split,9,8,675,625,1.08,hard_winnable,"{""MARAUDER"": 3, ""MARINE"": 5, ""MEDIVAC"": 1}","{""MARAUDER"": 3, ""MARINE"": 4, ""MEDIVAC"": 1}",3a3b2a191939e11a6fd8327f845556f3b78d18e1303bbbd41ea3f8ac74c04dd1
r2_train_0238,configs/train/r2_train_0238.json,train,mmm_mirror_05,mmm_mirror,False,6,medium,12.7707,SIMPLE,staggered,9,8,675,625,1.08,hard_winnable,"{""MARAUDER"": 3, ""MARINE"": 5, ""MEDIVAC"": 1}","{""MARAUDER"": 3, ""MARINE"": 4, ""MEDIVAC"": 1}",91c98b4e3e1ed04cc8dc7778e0d644d7fc9926010bf10bddacf03383b6d70eba
r2_train_0239,configs/train/r2_train_0239.json,train,mmm_mirror_05,mmm_mirror,False,7,medium,12.9707,SIMPLE,type_split,9,8,675,625,1.08,hard_winnable,"{""MARAUDER"": 3, ""MARINE"": 5, ""MEDIVAC"": 1}","{""MARAUDER"": 3, ""MARINE"": 4, ""MEDIVAC"": 1}",25537ea4cec6c0af2521df8fe1c589ff5a70f4b3eaffddd062efadaef7842f73
r2_train_0240,configs/train/r2_train_0240.json,train,mmm_mirror_05,mmm_mirror,False,8,far,16.9226,SIMPLE,compact,9,8,675,625,1.08,hard_winnable,"{""MARAUDER"": 3, ""MARINE"": 5, ""MEDIVAC"": 1}","{""MARAUDER"": 3, ""MARINE"": 4, ""MEDIVAC"": 1}",8c705a9ea61459fed632f08ae779bddc2ebc80a0c1d9d7747b432c1bd5ac3fb9
r2_train_0241,configs/train/r2_train_0241.json,train,stalker_zealot_mirror_01,stalker_zealot_mirror,False,1,immediate,5.3397,SIMPLE,split,4,3,450,350,1.2857,moderate,"{""STALKER"": 2, ""ZEALOT"": 2}","{""STALKER"": 2, ""ZEALOT"": 1}",c42dee6559372bd4e6f026a84e798395331235b625e9c674d6f4079ebd1dbe0a
r2_train_0242,configs/train/r2_train_0242.json,train,stalker_zealot_mirror_01,stalker_zealot_mirror,False,2,near,8.6356,SIMPLE,staggered,4,3,450,350,1.2857,moderate,"{""STALKER"": 2, ""ZEALOT"": 2}","{""STALKER"": 2, ""ZEALOT"": 1}",6488f8a07e44e207bd6f83310e91f4fe11d913c47d50b5f3bd6d38290c518496
r2_train_0243,configs/train/r2_train_0243.json,train,stalker_zealot_mirror_01,stalker_zealot_mirror,False,3,near,8.5994,SIMPLE,type_split,4,3,450,350,1.2857,moderate,"{""STALKER"": 2, ""ZEALOT"": 2}","{""STALKER"": 2, ""ZEALOT"": 1}",3bc629cd3337a9128e2e9c063e181cec708c206c04d0a60ef3db17c1f2f331d1
r2_train_0244,configs/train/r2_train_0244.json,train,stalker_zealot_mirror_01,stalker_zealot_mirror,False,4,near,8.7456,NARROW,compact,4,3,450,350,1.2857,moderate,"{""STALKER"": 2, ""ZEALOT"": 2}","{""STALKER"": 2, ""ZEALOT"": 1}",c0a0e030563e3ba10072931f5ca29ec09bef882ddb1349887e5f3ebca4251ff7
r2_train_0245,configs/train/r2_train_0245.json,train,stalker_zealot_mirror_01,stalker_zealot_mirror,False,5,medium,12.7688,SIMPLE,split,4,3,450,350,1.2857,moderate,"{""STALKER"": 2, ""ZEALOT"": 2}","{""STALKER"": 2, ""ZEALOT"": 1}",936dd4e5a1a43911f4451d085de03f0fd67b7eb6fef0f74cb888029a6338fe67
r2_train_0246,configs/train/r2_train_0246.json,train,stalker_zealot_mirror_01,stalker_zealot_mirror,False,6,medium,12.6825,SIMPLE,staggered,4,3,450,350,1.2857,moderate,"{""STALKER"": 2, ""ZEALOT"": 2}","{""STALKER"": 2, ""ZEALOT"": 1}",aa0176944812d87921460813c7b1edbed1e3ac4be443123d5c5a17d1b9339ebf
r2_train_0247,configs/train/r2_train_0247.json,train,stalker_zealot_mirror_01,stalker_zealot_mirror,False,7,medium,12.7963,SIMPLE,type_split,4,3,450,350,1.2857,moderate,"{""STALKER"": 2, ""ZEALOT"": 2}","{""STALKER"": 2, ""ZEALOT"": 1}",06861f20607195e940c6546c08d459f606362df375c980ce92e41fa8b698acc7
r2_train_0248,configs/train/r2_train_0248.json,train,stalker_zealot_mirror_01,stalker_zealot_mirror,False,8,far,17.0903,SIMPLE,compact,4,3,450,350,1.2857,moderate,"{""STALKER"": 2, ""ZEALOT"": 2}","{""STALKER"": 2, ""ZEALOT"": 1}",06d2e256de3c38cc3751215a2a5b693dc9acebc764b3b17929009480a2cbac9d
r2_train_0249,configs/train/r2_train_0249.json,train,stalker_zealot_mirror_02,stalker_zealot_mirror,False,1,immediate,5.6266,SIMPLE,split,5,4,575,450,1.2778,moderate,"{""STALKER"": 3, ""ZEALOT"": 2}","{""STALKER"": 2, ""ZEALOT"": 2}",7d0d04f7d62983352bd24c9f135359dce29c70b064660d4dded4726ff650dc7c
r2_train_0250,configs/train/r2_train_0250.json,train,stalker_zealot_mirror_02,stalker_zealot_mirror,False,2,near,8.9462,SIMPLE,staggered,5,4,575,450,1.2778,moderate,"{""STALKER"": 3, ""ZEALOT"": 2}","{""STALKER"": 2, ""ZEALOT"": 2}",1c250cbc53983a3d1c9c67e6369f1aa98f95bf9716c29a8852ed75e5f6fa664c
r2_train_0251,configs/train/r2_train_0251.json,train,stalker_zealot_mirror_02,stalker_zealot_mirror,False,3,near,8.6404,SIMPLE,type_split,5,4,575,450,1.2778,moderate,"{""STALKER"": 3, ""ZEALOT"": 2}","{""STALKER"": 2, ""ZEALOT"": 2}",9b17815c8085d5a6d4ea8630e9db3a8bb2f26106dd4c91fbdad1bb85c704222f
r2_train_0252,configs/train/r2_train_0252.json,train,stalker_zealot_mirror_02,stalker_zealot_mirror,False,4,near,8.7359,SIMPLE,compact,5,4,575,450,1.2778,moderate,"{""STALKER"": 3, ""ZEALOT"": 2}","{""STALKER"": 2, ""ZEALOT"": 2}",69847f7c064fcc238eefeb46de4a855fe9e8fefbf8e04287a610b514d3d60774
r2_train_0253,configs/train/r2_train_0253.json,train,stalker_zealot_mirror_02,stalker_zealot_mirror,False,5,medium,12.8663,OCTAGON,split,5,4,575,450,1.2778,moderate,"{""STALKER"": 3, ""ZEALOT"": 2}","{""STALKER"": 2, ""ZEALOT"": 2}",d4974b73dbe8bc74b9fbd108c83f1cb986f1db6d59d913045d7572423674ddc0
r2_train_0254,configs/train/r2_train_0254.json,train,stalker_zealot_mirror_02,stalker_zealot_mirror,False,6,medium,12.8947,SIMPLE,staggered,5,4,575,450,1.2778,moderate,"{""STALKER"": 3, ""ZEALOT"": 2}","{""STALKER"": 2, ""ZEALOT"": 2}",b8756d5428a5ff411f5b05448fbb4cbf9b0832f7443b2b21b7bd10affd642ee7
r2_train_0255,configs/train/r2_train_0255.json,train,stalker_zealot_mirror_02,stalker_zealot_mirror,False,7,medium,12.7651,SIMPLE,type_split,5,4,575,450,1.2778,moderate,"{""STALKER"": 3, ""ZEALOT"": 2}","{""STALKER"": 2, ""ZEALOT"": 2}",1293c25e9bf45b54adbfdd9a76ec03b99f555dbac78e029f8004b130ea0f4065
r2_train_0256,configs/train/r2_train_0256.json,train,stalker_zealot_mirror_02,stalker_zealot_mirror,False,8,far,16.778,SIMPLE,compact,5,4,575,450,1.2778,moderate,"{""STALKER"": 3, ""ZEALOT"": 2}","{""STALKER"": 2, ""ZEALOT"": 2}",46e6a6af7fcd2c6f575bec6e3fde1667f1d832217c978f6de6962b87cdb45ec0
r2_train_0257,configs/train/r2_train_0257.json,train,stalker_zealot_mirror_03,stalker_zealot_mirror,False,1,immediate,5.4677,NARROW,compact,6,5,675,575,1.1739,hard_winnable,"{""STALKER"": 3, ""ZEALOT"": 3}","{""STALKER"": 3, ""ZEALOT"": 2}",8ad68bff48413101c1085998434922bcea65fe12574863ca4bd8055664494269
r2_train_0258,configs/train/r2_train_0258.json,train,stalker_zealot_mirror_03,stalker_zealot_mirror,False,2,near,9.0382,SIMPLE,staggered,6,5,675,575,1.1739,hard_winnable,"{""STALKER"": 3, ""ZEALOT"": 3}","{""STALKER"": 3, ""ZEALOT"": 2}",c59247fa33abdf24c14f1a96e02856daff04935a07614bf845a16e0855e6e69c
r2_train_0259,configs/train/r2_train_0259.json,train,stalker_zealot_mirror_03,stalker_zealot_mirror,False,3,near,8.6645,SIMPLE,type_split,6,5,675,575,1.1739,hard_winnable,"{""STALKER"": 3, ""ZEALOT"": 3}","{""STALKER"": 3, ""ZEALOT"": 2}",b685c2d06927e054df03d884944558decf405181c5d7336a9ac49175f14f852a
r2_train_0260,configs/train/r2_train_0260.json,train,stalker_zealot_mirror_03,stalker_zealot_mirror,False,4,near,8.7508,SIMPLE,compact,6,5,675,575,1.1739,hard_winnable,"{""STALKER"": 3, ""ZEALOT"": 3}","{""STALKER"": 3, ""ZEALOT"": 2}",700df3102c5e68734ffd650f42234bbf4bf59b4f928f70911131704154dfa396
r2_train_0261,configs/train/r2_train_0261.json,train,stalker_zealot_mirror_03,stalker_zealot_mirror,False,5,medium,12.6969,SIMPLE,split,6,5,675,575,1.1739,hard_winnable,"{""STALKER"": 3, ""ZEALOT"": 3}","{""STALKER"": 3, ""ZEALOT"": 2}",176d44d0024e98be3db1268cabb80840d9d63af7e732dd8468bb21d47b0127e3
r2_train_0262,configs/train/r2_train_0262.json,train,stalker_zealot_mirror_03,stalker_zealot_mirror,False,6,medium,12.6009,OCTAGON,staggered,6,5,675,575,1.1739,hard_winnable,"{""STALKER"": 3, ""ZEALOT"": 3}","{""STALKER"": 3, ""ZEALOT"": 2}",c8668da1be7414c051baab741649996a361b56a117cfcd2a4e71438a3e404edd
r2_train_0263,configs/train/r2_train_0263.json,train,stalker_zealot_mirror_03,stalker_zealot_mirror,False,7,medium,12.9755,SIMPLE,type_split,6,5,675,575,1.1739,hard_winnable,"{""STALKER"": 3, ""ZEALOT"": 3}","{""STALKER"": 3, ""ZEALOT"": 2}",b458a3c33454cdda65d12cb44e790538e64591f46974525b364daa56e9eaf59f
r2_train_0264,configs/train/r2_train_0264.json,train,stalker_zealot_mirror_03,stalker_zealot_mirror,False,8,far,16.9142,SIMPLE,compact,6,5,675,575,1.1739,hard_winnable,"{""STALKER"": 3, ""ZEALOT"": 3}","{""STALKER"": 3, ""ZEALOT"": 2}",59f750f765e12266af868932d8a2c4951f267feca19b8c2f5aeeb88e822519ec
r2_train_0265,configs/train/r2_train_0265.json,train,stalker_zealot_mirror_04,stalker_zealot_mirror,False,1,immediate,5.3112,SIMPLE,split,7,6,800,675,1.1852,hard_winnable,"{""STALKER"": 4, ""ZEALOT"": 3}","{""STALKER"": 3, ""ZEALOT"": 3}",342d0d58d6760777c4be5b772a1a2221017245feda29609102f5335c82f03f3e
r2_train_0266,configs/train/r2_train_0266.json,train,stalker_zealot_mirror_04,stalker_zealot_mirror,False,2,near,9.0334,NARROW,compact,7,6,800,675,1.1852,hard_winnable,"{""STALKER"": 4, ""ZEALOT"": 3}","{""STALKER"": 3, ""ZEALOT"": 3}",520dc97b76e7554da4c302f0a97d826704d91743a1b85cb478c29454e302fb2d
r2_train_0267,configs/train/r2_train_0267.json,train,stalker_zealot_mirror_04,stalker_zealot_mirror,False,3,near,8.5515,SIMPLE,type_split,7,6,800,675,1.1852,hard_winnable,"{""STALKER"": 4, ""ZEALOT"": 3}","{""STALKER"": 3, ""ZEALOT"": 3}",ac92b8347fccb07ac274bd5bff90dd5c1f0782c357750b79037f87cb3c05d2db
r2_train_0268,configs/train/r2_train_0268.json,train,stalker_zealot_mirror_04,stalker_zealot_mirror,False,4,near,8.8291,SIMPLE,compact,7,6,800,675,1.1852,hard_winnable,"{""STALKER"": 4, ""ZEALOT"": 3}","{""STALKER"": 3, ""ZEALOT"": 3}",9ff34ddb2342248335a56751ff1cfccc172e34d1210976983ec6a78e44a7c2fd
r2_train_0269,configs/train/r2_train_0269.json,train,stalker_zealot_mirror_04,stalker_zealot_mirror,False,5,medium,12.8832,SIMPLE,split,7,6,800,675,1.1852,hard_winnable,"{""STALKER"": 4, ""ZEALOT"": 3}","{""STALKER"": 3, ""ZEALOT"": 3}",41cf8489e9ba9904f075223b89f6a6ec86e9269700b69a887439d068068fa0ed
r2_train_0270,configs/train/r2_train_0270.json,train,stalker_zealot_mirror_04,stalker_zealot_mirror,False,6,medium,13.0377,SIMPLE,staggered,7,6,800,675,1.1852,hard_winnable,"{""STALKER"": 4, ""ZEALOT"": 3}","{""STALKER"": 3, ""ZEALOT"": 3}",c7a7995b60c75bb6c5014603405f52b339dc80062c60a1709604c27faf2d30bf
r2_train_0271,configs/train/r2_train_0271.json,train,stalker_zealot_mirror_04,stalker_zealot_mirror,False,7,medium,12.8398,OCTAGON,type_split,7,6,800,675,1.1852,hard_winnable,"{""STALKER"": 4, ""ZEALOT"": 3}","{""STALKER"": 3, ""ZEALOT"": 3}",c83b37b0259a4ebbc55193003bb45a4241cd3743a9dc23b392424e76b8b50d9a
r2_train_0272,configs/train/r2_train_0272.json,train,stalker_zealot_mirror_04,stalker_zealot_mirror,False,8,far,16.9561,SIMPLE,compact,7,6,800,675,1.1852,hard_winnable,"{""STALKER"": 4, ""ZEALOT"": 3}","{""STALKER"": 3, ""ZEALOT"": 3}",49ad0ddeb1c42147201423722d5718a5bf54926f83894a27690160f2c104938f
r2_train_0273,configs/train/r2_train_0273.json,train,stalker_zealot_mirror_05,stalker_zealot_mirror,False,1,immediate,5.1568,SIMPLE,split,9,8,1025,900,1.1389,hard_winnable,"{""STALKER"": 5, ""ZEALOT"": 4}","{""STALKER"": 4, ""ZEALOT"": 4}",76de08b8eff3bf71036109d82f9b782934b42b0b4985b3a62b8f17cbdf0cae6b
r2_train_0274,configs/train/r2_train_0274.json,train,stalker_zealot_mirror_05,stalker_zealot_mirror,False,2,near,9.0221,SIMPLE,staggered,9,8,1025,900,1.1389,hard_winnable,"{""STALKER"": 5, ""ZEALOT"": 4}","{""STALKER"": 4, ""ZEALOT"": 4}",12ee3cad1ba5b36839488d1333de02634c13f78e2eb16d6981e9009ebfdfa1cd
r2_train_0275,configs/train/r2_train_0275.json,train,stalker_zealot_mirror_05,stalker_zealot_mirror,False,3,near,8.894,NARROW,compact,9,8,1025,900,1.1389,hard_winnable,"{""STALKER"": 5, ""ZEALOT"": 4}","{""STALKER"": 4, ""ZEALOT"": 4}",ac32a337945fbdf67b965cf3b742c896a897721a9e4bad74d1fb0b2326aa343e
r2_train_0276,configs/train/r2_train_0276.json,train,stalker_zealot_mirror_05,stalker_zealot_mirror,False,4,near,8.7582,SIMPLE,compact,9,8,1025,900,1.1389,hard_winnable,"{""STALKER"": 5, ""ZEALOT"": 4}","{""STALKER"": 4, ""ZEALOT"": 4}",831cdb118e0158c04c8f0074ea25773f6543028db9f5c0c3885e06329d432186
r2_train_0277,configs/train/r2_train_0277.json,train,stalker_zealot_mirror_05,stalker_zealot_mirror,False,5,medium,12.6625,SIMPLE,split,9,8,1025,900,1.1389,hard_winnable,"{""STALKER"": 5, ""ZEALOT"": 4}","{""STALKER"": 4, ""ZEALOT"": 4}",5d14b41c314a3f8d8480aefdb28cbf90e5f41d74533d73bdb28c61464d47f05d
r2_train_0278,configs/train/r2_train_0278.json,train,stalker_zealot_mirror_05,stalker_zealot_mirror,False,6,medium,12.7512,SIMPLE,staggered,9,8,1025,900,1.1389,hard_winnable,"{""STALKER"": 5, ""ZEALOT"": 4}","{""STALKER"": 4, ""ZEALOT"": 4}",7a9139bfd8ce9d93b858734c6fc0daf397ec553774a3015c32e9dc0ef19e2c92
r2_train_0279,configs/train/r2_train_0279.json,train,stalker_zealot_mirror_05,stalker_zealot_mirror,False,7,medium,12.5711,SIMPLE,type_split,9,8,1025,900,1.1389,hard_winnable,"{""STALKER"": 5, ""ZEALOT"": 4}","{""STALKER"": 4, ""ZEALOT"": 4}",80c6765aae5a0645cd890afba693fda4b61432e8dfc91630f470534843d537ee
r2_train_0280,configs/train/r2_train_0280.json,train,stalker_zealot_mirror_05,stalker_zealot_mirror,False,8,far,17.0196,SIMPLE,compact,9,8,1025,900,1.1389,hard_winnable,"{""STALKER"": 5, ""ZEALOT"": 4}","{""STALKER"": 4, ""ZEALOT"": 4}",de832f7c595ddd9518834587c9bff7867a38fbb41f27e73c50fd562c6389f46f
r2_train_0281,configs/train/r2_train_0281.json,train,stalker_colossus_vs_swarm_01,stalker_colossus_vs_swarm,False,1,immediate,5.2072,SIMPLE,split,2,10,425,350,1.2143,moderate,"{""COLOSSUS"": 1, ""STALKER"": 1}","{""BANELING"": 4, ""ZERGLING"": 6}",a7a5e4b8763b4e3cbaf69d59dddae7fa4e0a00e1ebd697685be56c766b04623a
r2_train_0282,configs/train/r2_train_0282.json,train,stalker_colossus_vs_swarm_01,stalker_colossus_vs_swarm,False,2,near,8.581,SIMPLE,staggered,2,10,425,350,1.2143,moderate,"{""COLOSSUS"": 1, ""STALKER"": 1}","{""BANELING"": 4, ""ZERGLING"": 6}",2c70d6f8873cc50074d1506c9c41b536a8517f23b1c056724aadcad8aa06754f
r2_train_0283,configs/train/r2_train_0283.json,train,stalker_colossus_vs_swarm_01,stalker_colossus_vs_swarm,False,3,near,8.7022,SIMPLE,type_split,2,10,425,350,1.2143,moderate,"{""COLOSSUS"": 1, ""STALKER"": 1}","{""BANELING"": 4, ""ZERGLING"": 6}",a2ee91a687129e3e173ab7a22047bd6f31057aed3e7b462eb261031e8db2f740
r2_train_0284,configs/train/r2_train_0284.json,train,stalker_colossus_vs_swarm_01,stalker_colossus_vs_swarm,False,4,near,8.9568,NARROW,compact,2,10,425,350,1.2143,moderate,"{""COLOSSUS"": 1, ""STALKER"": 1}","{""BANELING"": 4, ""ZERGLING"": 6}",d73c079326ccbf1f004c106c8077005acd3da9ff5eded36a3d035b964a90e81b
r2_train_0285,configs/train/r2_train_0285.json,train,stalker_colossus_vs_swarm_01,stalker_colossus_vs_swarm,False,5,medium,12.9149,SIMPLE,split,2,10,425,350,1.2143,moderate,"{""COLOSSUS"": 1, ""STALKER"": 1}","{""BANELING"": 4, ""ZERGLING"": 6}",f480484b66f2df2d1f92b136f44f3bea2fc52a08d86c4a27c4b619fe01273cb3
r2_train_0286,configs/train/r2_train_0286.json,train,stalker_colossus_vs_swarm_01,stalker_colossus_vs_swarm,False,6,medium,12.9633,SIMPLE,staggered,2,10,425,350,1.2143,moderate,"{""COLOSSUS"": 1, ""STALKER"": 1}","{""BANELING"": 4, ""ZERGLING"": 6}",9b44d13eba90af3f69f4a133cb9513822b51a5c155a21f67f41ee7968561c9b8
r2_train_0287,configs/train/r2_train_0287.json,train,stalker_colossus_vs_swarm_01,stalker_colossus_vs_swarm,False,7,medium,12.7068,SIMPLE,type_split,2,10,425,350,1.2143,moderate,"{""COLOSSUS"": 1, ""STALKER"": 1}","{""BANELING"": 4, ""ZERGLING"": 6}",ec2c05ef3d3cbc6f7933eeb9c4c9f57536a3a8b822c1087e10c954c94dea0d17
r2_train_0288,configs/train/r2_train_0288.json,train,stalker_colossus_vs_swarm_01,stalker_colossus_vs_swarm,False,8,far,17.0791,SIMPLE,compact,2,10,425,350,1.2143,moderate,"{""COLOSSUS"": 1, ""STALKER"": 1}","{""BANELING"": 4, ""ZERGLING"": 6}",3ec7d692c5958b290fd270cadd5ed4dd5764e7ee5ddc1f7dbe4c99d0ade1ec70
r2_train_0289,configs/train/r2_train_0289.json,train,stalker_colossus_vs_swarm_02,stalker_colossus_vs_swarm,False,1,immediate,5.3918,SIMPLE,split,2,10,425,400,1.0625,hard_winnable,"{""COLOSSUS"": 1, ""STALKER"": 1}","{""BANELING"": 6, ""ZERGLING"": 4}",520ab73fe495f25780e6d97a214270830c8f3404acd0b3b8bf5560379d2857bb
r2_train_0290,configs/train/r2_train_0290.json,train,stalker_colossus_vs_swarm_02,stalker_colossus_vs_swarm,False,2,near,9.0395,SIMPLE,staggered,2,10,425,400,1.0625,hard_winnable,"{""COLOSSUS"": 1, ""STALKER"": 1}","{""BANELING"": 6, ""ZERGLING"": 4}",2bd61866ed64c930bc595c3924c4f2b160f522c045697ae29f525e3c4b0af214
r2_train_0291,configs/train/r2_train_0291.json,train,stalker_colossus_vs_swarm_02,stalker_colossus_vs_swarm,False,3,near,8.6822,SIMPLE,type_split,2,10,425,400,1.0625,hard_winnable,"{""COLOSSUS"": 1, ""STALKER"": 1}","{""BANELING"": 6, ""ZERGLING"": 4}",e873f26db6c09c27f78ea0343acccf46b6ddc94ded0170ab75471988c08fd120
r2_train_0292,configs/train/r2_train_0292.json,train,stalker_colossus_vs_swarm_02,stalker_colossus_vs_swarm,False,4,near,8.8778,SIMPLE,compact,2,10,425,400,1.0625,hard_winnable,"{""COLOSSUS"": 1, ""STALKER"": 1}","{""BANELING"": 6, ""ZERGLING"": 4}",72c3a90ce6940d30fc2c85c13006283263fc38762a8907472e625e4a0ead99c8
r2_train_0293,configs/train/r2_train_0293.json,train,stalker_colossus_vs_swarm_02,stalker_colossus_vs_swarm,False,5,medium,12.757,OCTAGON,split,2,10,425,400,1.0625,hard_winnable,"{""COLOSSUS"": 1, ""STALKER"": 1}","{""BANELING"": 6, ""ZERGLING"": 4}",3bb1d05466269ce7195e67be1b8fb789d203b19ff93f5f39ae966280e763bd0f
r2_train_0294,configs/train/r2_train_0294.json,train,stalker_colossus_vs_swarm_02,stalker_colossus_vs_swarm,False,6,medium,12.7342,SIMPLE,staggered,2,10,425,400,1.0625,hard_winnable,"{""COLOSSUS"": 1, ""STALKER"": 1}","{""BANELING"": 6, ""ZERGLING"": 4}",4fe2329e08c3e22a386571664a360f5c327540d654e78e104010539e3b6c4825
r2_train_0295,configs/train/r2_train_0295.json,train,stalker_colossus_vs_swarm_02,stalker_colossus_vs_swarm,False,7,medium,12.6725,SIMPLE,type_split,2,10,425,400,1.0625,hard_winnable,"{""COLOSSUS"": 1, ""STALKER"": 1}","{""BANELING"": 6, ""ZERGLING"": 4}",721919188472dfe0dad0706336f0686708689bf060ae91cd0fd8753d080f42ec
r2_train_0296,configs/train/r2_train_0296.json,train,stalker_colossus_vs_swarm_02,stalker_colossus_vs_swarm,False,8,far,17.0561,SIMPLE,compact,2,10,425,400,1.0625,hard_winnable,"{""COLOSSUS"": 1, ""STALKER"": 1}","{""BANELING"": 6, ""ZERGLING"": 4}",dbf39fb05f77a1191f7c32b350f242433358abe33cd75cb01b693af5c143a8f9
r2_train_0297,configs/train/r2_train_0297.json,train,stalker_colossus_vs_swarm_03,stalker_colossus_vs_swarm,False,1,immediate,5.4027,NARROW,split,3,10,550,450,1.2222,moderate,"{""COLOSSUS"": 1, ""STALKER"": 2}","{""BANELING"": 8, ""ZERGLING"": 2}",cf8201864a4bb4e24cb4a1ce4ea73a3ffe1257c3e671c0da5544c49443fc3ce3
r2_train_0298,configs/train/r2_train_0298.json,train,stalker_colossus_vs_swarm_03,stalker_colossus_vs_swarm,False,2,near,8.5586,SIMPLE,staggered,3,10,550,450,1.2222,moderate,"{""COLOSSUS"": 1, ""STALKER"": 2}","{""BANELING"": 8, ""ZERGLING"": 2}",0e64a9ec2eb0687d8c09c9377c7f7276ab2b917d1a9e92819143417bb191ea8d
r2_train_0299,configs/train/r2_train_0299.json,train,stalker_colossus_vs_swarm_03,stalker_colossus_vs_swarm,False,3,near,8.7977,SIMPLE,type_split,3,10,550,450,1.2222,moderate,"{""COLOSSUS"": 1, ""STALKER"": 2}","{""BANELING"": 8, ""ZERGLING"": 2}",30cdc8d51e9ada638623fe515eb3041fe1c93029c7b9deec088b8f05f1431f24
r2_train_0300,configs/train/r2_train_0300.json,train,stalker_colossus_vs_swarm_03,stalker_colossus_vs_swarm,False,4,near,8.7036,SIMPLE,compact,3,10,550,450,1.2222,moderate,"{""COLOSSUS"": 1, ""STALKER"": 2}","{""BANELING"": 8, ""ZERGLING"": 2}",95d6d68c5e68f4da91e00fa4ee5e878611a07d50c82dbcf5bf882817bf93474f
r2_train_0301,configs/train/r2_train_0301.json,train,stalker_colossus_vs_swarm_03,stalker_colossus_vs_swarm,False,5,medium,12.977,SIMPLE,split,3,10,550,450,1.2222,moderate,"{""COLOSSUS"": 1, ""STALKER"": 2}","{""BANELING"": 8, ""ZERGLING"": 2}",8acaa1d57f6b2982bbb30e7667c2cfe253e1fac9322521efd97682ec45a9af8b
r2_train_0302,configs/train/r2_train_0302.json,train,stalker_colossus_vs_swarm_03,stalker_colossus_vs_swarm,False,6,medium,12.6474,OCTAGON,staggered,3,10,550,450,1.2222,moderate,"{""COLOSSUS"": 1, ""STALKER"": 2}","{""BANELING"": 8, ""ZERGLING"": 2}",c700ed0485cfc5cb159942799ce16ef78dd0ce8c320959e608942fc1265b9432
r2_train_0303,configs/train/r2_train_0303.json,train,stalker_colossus_vs_swarm_03,stalker_colossus_vs_swarm,False,7,medium,12.9735,SIMPLE,type_split,3,10,550,450,1.2222,moderate,"{""COLOSSUS"": 1, ""STALKER"": 2}","{""BANELING"": 8, ""ZERGLING"": 2}",b28c4081bf79c81d934b980943ae6939f07801ee28f951f57dede8a5b555a2c4
r2_train_0304,configs/train/r2_train_0304.json,train,stalker_colossus_vs_swarm_03,stalker_colossus_vs_swarm,False,8,far,17.183,SIMPLE,compact,3,10,550,450,1.2222,moderate,"{""COLOSSUS"": 1, ""STALKER"": 2}","{""BANELING"": 8, ""ZERGLING"": 2}",c38eb22ba6634003ae7e6a82c5b40015c23db1902ba19589d7e53576b16eba54
r2_train_0305,configs/train/r2_train_0305.json,train,stalker_colossus_vs_swarm_04,stalker_colossus_vs_swarm,False,1,immediate,5.2938,SIMPLE,split,3,10,725,500,1.45,moderate,"{""COLOSSUS"": 2, ""STALKER"": 1}","{""BANELING"": 10}",fe9eaa1317d1891a30751ff37bf9a2f8cb3d96944f336b5bd84d7c73ba3a3a02
r2_train_0306,configs/train/r2_train_0306.json,train,stalker_colossus_vs_swarm_04,stalker_colossus_vs_swarm,False,2,near,8.8899,NARROW,compact,3,10,725,500,1.45,moderate,"{""COLOSSUS"": 2, ""STALKER"": 1}","{""BANELING"": 10}",ff925fa27f89ecbc12c387c40bf323a48f2a9ccc8a526afe297321c09f2b0069
r2_train_0307,configs/train/r2_train_0307.json,train,stalker_colossus_vs_swarm_04,stalker_colossus_vs_swarm,False,3,near,8.8827,SIMPLE,type_split,3,10,725,500,1.45,moderate,"{""COLOSSUS"": 2, ""STALKER"": 1}","{""BANELING"": 10}",922b896ac58d3347f3e665da80da00f31c2b60e4d5ed0e70e19758f612b97092
r2_train_0308,configs/train/r2_train_0308.json,train,stalker_colossus_vs_swarm_04,stalker_colossus_vs_swarm,False,4,near,8.5602,SIMPLE,compact,3,10,725,500,1.45,moderate,"{""COLOSSUS"": 2, ""STALKER"": 1}","{""BANELING"": 10}",31775e49fbb28b13f1cc0bce4521ae8f29d66ae2572c716bc25a73dd60bffe85
r2_train_0309,configs/train/r2_train_0309.json,train,stalker_colossus_vs_swarm_04,stalker_colossus_vs_swarm,False,5,medium,12.9566,SIMPLE,split,3,10,725,500,1.45,moderate,"{""COLOSSUS"": 2, ""STALKER"": 1}","{""BANELING"": 10}",2dea8d0db2e4403522c245281b03c9816680f3d4aebc17c18be3a24a5a75ca46
r2_train_0310,configs/train/r2_train_0310.json,train,stalker_colossus_vs_swarm_04,stalker_colossus_vs_swarm,False,6,medium,12.5772,SIMPLE,staggered,3,10,725,500,1.45,moderate,"{""COLOSSUS"": 2, ""STALKER"": 1}","{""BANELING"": 10}",0fd14442dd090333e7e4c0412817875eb732aa5e3e92fdfe2ba81dc208ddf6d2
r2_train_0311,configs/train/r2_train_0311.json,train,stalker_colossus_vs_swarm_04,stalker_colossus_vs_swarm,False,7,medium,12.6739,OCTAGON,type_split,3,10,725,500,1.45,moderate,"{""COLOSSUS"": 2, ""STALKER"": 1}","{""BANELING"": 10}",c4383ca5f62b64af345e5203e3cc0ecd4f480670342836f6dd407d191a3eb556
r2_train_0312,configs/train/r2_train_0312.json,train,stalker_colossus_vs_swarm_04,stalker_colossus_vs_swarm,False,8,far,17.0866,SIMPLE,compact,3,10,725,500,1.45,moderate,"{""COLOSSUS"": 2, ""STALKER"": 1}","{""BANELING"": 10}",a443554480d68900d2fa70c66c84310f76a6a291d4cf9b98206b43df032258ab
r2_train_0313,configs/train/r2_train_0313.json,train,stalker_colossus_vs_swarm_05,stalker_colossus_vs_swarm,False,1,immediate,5.5849,SIMPLE,split,4,10,850,500,1.7,easy,"{""COLOSSUS"": 2, ""STALKER"": 2}","{""BANELING"": 10}",77572dafcd1656d44f05243f21b46f416c91c6a7b259909a76efca1a9e036126
r2_train_0314,configs/train/r2_train_0314.json,train,stalker_colossus_vs_swarm_05,stalker_colossus_vs_swarm,False,2,near,8.9755,SIMPLE,staggered,4,10,850,500,1.7,easy,"{""COLOSSUS"": 2, ""STALKER"": 2}","{""BANELING"": 10}",1c6b378d6482992a44f8dd54a41f6c7c6d11a0be6df765a86b438e48e43216f1
r2_train_0315,configs/train/r2_train_0315.json,train,stalker_colossus_vs_swarm_05,stalker_colossus_vs_swarm,False,3,near,8.8913,NARROW,compact,4,10,850,500,1.7,easy,"{""COLOSSUS"": 2, ""STALKER"": 2}","{""BANELING"": 10}",6428a0c86840f96b0725a11e04de891db9ed2ff326940a6e9df94eec6ae96240
r2_train_0316,configs/train/r2_train_0316.json,train,stalker_colossus_vs_swarm_05,stalker_colossus_vs_swarm,False,4,near,8.8245,SIMPLE,compact,4,10,850,500,1.7,easy,"{""COLOSSUS"": 2, ""STALKER"": 2}","{""BANELING"": 10}",6c8f2bf12f249a9c3c28c850099e7bd6dabecfdd5e65ab2fb9a4fd7615141bf9
r2_train_0317,configs/train/r2_train_0317.json,train,stalker_colossus_vs_swarm_05,stalker_colossus_vs_swarm,False,5,medium,12.9068,SIMPLE,split,4,10,850,500,1.7,easy,"{""COLOSSUS"": 2, ""STALKER"": 2}","{""BANELING"": 10}",70c2801e9b0d7e7f9e69ed05a7600ef09fe7526a0aae0f699189bdc8afd6bbcd
r2_train_0318,configs/train/r2_train_0318.json,train,stalker_colossus_vs_swarm_05,stalker_colossus_vs_swarm,False,6,medium,12.7655,SIMPLE,staggered,4,10,850,500,1.7,easy,"{""COLOSSUS"": 2, ""STALKER"": 2}","{""BANELING"": 10}",4f3c4b30b40976e92bb67efe83fec5755dfc03da6453397ff900d8b5cd80d5a0
r2_train_0319,configs/train/r2_train_0319.json,train,stalker_colossus_vs_swarm_05,stalker_colossus_vs_swarm,False,7,medium,12.9661,SIMPLE,type_split,4,10,850,500,1.7,easy,"{""COLOSSUS"": 2, ""STALKER"": 2}","{""BANELING"": 10}",c4c8513604a9a60ec0fa14a713cbca8a0567d23cda475a4c810bc7759645ce4b
r2_train_0320,configs/train/r2_train_0320.json,train,stalker_colossus_vs_swarm_05,stalker_colossus_vs_swarm,False,8,far,17.1598,SIMPLE,compact,4,10,850,500,1.7,easy,"{""COLOSSUS"": 2, ""STALKER"": 2}","{""BANELING"": 10}",433608948fccca3e58aa9a47c0a931f9438a5aa0869422fb878cb5d1f5601a64
r2_train_0321,configs/train/r2_train_0321.json,train,stalker_vs_spine_01,stalker_vs_spine,False,1,immediate,5.2254,SIMPLE,split,2,1,250,175,1.4286,moderate,"{""STALKER"": 2}","{""SPINE_CRAWLER"": 1}",aa0602edae709551f617f9cc74631eb7194c92c7d015cb6ab0a81ec21cde37d8
r2_train_0322,configs/train/r2_train_0322.json,train,stalker_vs_spine_01,stalker_vs_spine,False,2,near,8.8831,SIMPLE,staggered,2,1,250,175,1.4286,moderate,"{""STALKER"": 2}","{""SPINE_CRAWLER"": 1}",a4620e8c309f21145d2d0861e4dd672784fce37cba7da4ff7370480f7934fcec
r2_train_0323,configs/train/r2_train_0323.json,train,stalker_vs_spine_01,stalker_vs_spine,False,3,near,8.5921,SIMPLE,type_split,2,1,250,175,1.4286,moderate,"{""STALKER"": 2}","{""SPINE_CRAWLER"": 1}",05eb4870174f03c44e031944e9eb8acb5ecb2c632fc2580e64addf919d426f26
r2_train_0324,configs/train/r2_train_0324.json,train,stalker_vs_spine_01,stalker_vs_spine,False,4,medium,12.7634,OCTAGON,compact,2,1,250,175,1.4286,moderate,"{""STALKER"": 2}","{""SPINE_CRAWLER"": 1}",49f5a5ee6969911570f81542eaf521331bf4134fe193c62a1b01ca8cf75db46a
r2_train_0325,configs/train/r2_train_0325.json,train,stalker_vs_spine_01,stalker_vs_spine,False,5,medium,12.9887,SIMPLE,split,2,1,250,175,1.4286,moderate,"{""STALKER"": 2}","{""SPINE_CRAWLER"": 1}",cc085a1145487b0ac72b12345bcd94639f325ef11aa883ec3e1dca6695a19fd4
r2_train_0326,configs/train/r2_train_0326.json,train,stalker_vs_spine_01,stalker_vs_spine,False,6,medium,13.0221,SIMPLE,staggered,2,1,250,175,1.4286,moderate,"{""STALKER"": 2}","{""SPINE_CRAWLER"": 1}",63384d7683bc4921be4bff198fe4457cba78fce41542f3cc513898fe3f10acf0
r2_train_0327,configs/train/r2_train_0327.json,train,stalker_vs_spine_01,stalker_vs_spine,False,7,far,16.8708,SIMPLE,type_split,2,1,250,175,1.4286,moderate,"{""STALKER"": 2}","{""SPINE_CRAWLER"": 1}",d2766c148f94a125346c6af335406be09f3e8432ee73df838da367d6c8f6164e
r2_train_0328,configs/train/r2_train_0328.json,train,stalker_vs_spine_01,stalker_vs_spine,False,8,far,17.011,SIMPLE,compact,2,1,250,175,1.4286,moderate,"{""STALKER"": 2}","{""SPINE_CRAWLER"": 1}",2d55d46cb0563278951029983b5cdebed921df0a7ec1d56b64bc1666f12a52f8
r2_train_0329,configs/train/r2_train_0329.json,train,stalker_vs_spine_02,stalker_vs_spine,False,1,immediate,5.549,SIMPLE,split,4,2,500,350,1.4286,moderate,"{""STALKER"": 4}","{""SPINE_CRAWLER"": 2}",5de5b26417e5dd5422845a98293a8e9f3ecb3d3c7bd4d391c503102078c3b539
r2_train_0330,configs/train/r2_train_0330.json,train,stalker_vs_spine_02,stalker_vs_spine,False,2,near,8.8531,SIMPLE,staggered,4,2,500,350,1.4286,moderate,"{""STALKER"": 4}","{""SPINE_CRAWLER"": 2}",e14fe15574804cf3260a9b266a2abb234d6ba54bb1a8969e208b8e4d2930a98f
r2_train_0331,configs/train/r2_train_0331.json,train,stalker_vs_spine_02,stalker_vs_spine,False,3,near,8.6075,SIMPLE,type_split,4,2,500,350,1.4286,moderate,"{""STALKER"": 4}","{""SPINE_CRAWLER"": 2}",98da608adae04362b3a4b1af0b781db882e215abcafb3763ebb542fd52f99960
r2_train_0332,configs/train/r2_train_0332.json,train,stalker_vs_spine_02,stalker_vs_spine,False,4,medium,12.6695,SIMPLE,compact,4,2,500,350,1.4286,moderate,"{""STALKER"": 4}","{""SPINE_CRAWLER"": 2}",cd5bee790f156fccc89ba320f55c3ba85d6e6b4784635c0c6edf9e59ec26309e
r2_train_0333,configs/train/r2_train_0333.json,train,stalker_vs_spine_02,stalker_vs_spine,False,5,medium,12.974,OCTAGON,split,4,2,500,350,1.4286,moderate,"{""STALKER"": 4}","{""SPINE_CRAWLER"": 2}",1050150eeabac35aba331bc45725fe9f6c0f516ab496b693c35e6dbf36375ee8
r2_train_0334,configs/train/r2_train_0334.json,train,stalker_vs_spine_02,stalker_vs_spine,False,6,medium,12.5977,SIMPLE,staggered,4,2,500,350,1.4286,moderate,"{""STALKER"": 4}","{""SPINE_CRAWLER"": 2}",f7c8857401738a43cc8eee643f10798f40d484dd31298698e11ff1ac0c9e5b22
r2_train_0335,configs/train/r2_train_0335.json,train,stalker_vs_spine_02,stalker_vs_spine,False,7,far,16.7866,SIMPLE,type_split,4,2,500,350,1.4286,moderate,"{""STALKER"": 4}","{""SPINE_CRAWLER"": 2}",922d84383737cb07fa471c4bc876f99459b02a6d9a81466313d59f76619346eb
r2_train_0336,configs/train/r2_train_0336.json,train,stalker_vs_spine_02,stalker_vs_spine,False,8,far,16.7838,SIMPLE,compact,4,2,500,350,1.4286,moderate,"{""STALKER"": 4}","{""SPINE_CRAWLER"": 2}",48ded708e3364e8ed94765ebaf6fed2711c0c38de4ec25f1bcb518f3abbf90e1
r2_train_0337,configs/train/r2_train_0337.json,train,stalker_vs_spine_03,stalker_vs_spine,False,1,immediate,5.5024,NARROW,compact,5,3,625,525,1.1905,hard_winnable,"{""STALKER"": 5}","{""SPINE_CRAWLER"": 3}",16edb55bc0b5533232f39606ed19cf25e0dae7c1a0b6454c8e8fba118ad0d81a
r2_train_0338,configs/train/r2_train_0338.json,train,stalker_vs_spine_03,stalker_vs_spine,False,2,near,8.6902,SIMPLE,staggered,5,3,625,525,1.1905,hard_winnable,"{""STALKER"": 5}","{""SPINE_CRAWLER"": 3}",172054e5c055d23273213259706f8d62c29b91223557d053a3f5f6d16d912f10
r2_train_0339,configs/train/r2_train_0339.json,train,stalker_vs_spine_03,stalker_vs_spine,False,3,near,9.0,SIMPLE,type_split,5,3,625,525,1.1905,hard_winnable,"{""STALKER"": 5}","{""SPINE_CRAWLER"": 3}",0798215a13a968e8f66d046bdc569430e8361c3eaf69ceb502ea9a09ea7e48c1
r2_train_0340,configs/train/r2_train_0340.json,train,stalker_vs_spine_03,stalker_vs_spine,False,4,medium,12.7691,SIMPLE,compact,5,3,625,525,1.1905,hard_winnable,"{""STALKER"": 5}","{""SPINE_CRAWLER"": 3}",ca0b681ce88a9a8ef788a237cd32cf7839220b8002cd89450df70a1661d374e3
r2_train_0341,configs/train/r2_train_0341.json,train,stalker_vs_spine_03,stalker_vs_spine,False,5,medium,12.6162,SIMPLE,split,5,3,625,525,1.1905,hard_winnable,"{""STALKER"": 5}","{""SPINE_CRAWLER"": 3}",f9174950bceabc5ba91de3016d635fdf09c482974b4ce27239b47bc643919086
r2_train_0342,configs/train/r2_train_0342.json,train,stalker_vs_spine_03,stalker_vs_spine,False,6,medium,13.0232,OCTAGON,staggered,5,3,625,525,1.1905,hard_winnable,"{""STALKER"": 5}","{""SPINE_CRAWLER"": 3}",e4556cea561a3b52be8ae0a0afc0cdb858e86429b2bff454ceaa66c7c3c1c7aa
r2_train_0343,configs/train/r2_train_0343.json,train,stalker_vs_spine_03,stalker_vs_spine,False,7,far,16.9737,SIMPLE,type_split,5,3,625,525,1.1905,hard_winnable,"{""STALKER"": 5}","{""SPINE_CRAWLER"": 3}",a3fb0c3813f4f7f3d8df2ebd67bb960b1d7a6d6c4c364d0c632ce392975a0a03
r2_train_0344,configs/train/r2_train_0344.json,train,stalker_vs_spine_03,stalker_vs_spine,False,8,far,17.0963,SIMPLE,compact,5,3,625,525,1.1905,hard_winnable,"{""STALKER"": 5}","{""SPINE_CRAWLER"": 3}",a0f2f7636bb65ad56001291d1bd61555825b8007d3f5c7017818063d78cacd7c
r2_train_0345,configs/train/r2_train_0345.json,train,stalker_vs_spine_04,stalker_vs_spine,False,1,immediate,5.603,SIMPLE,split,7,4,875,700,1.25,moderate,"{""STALKER"": 7}","{""SPINE_CRAWLER"": 4}",a2763ed028dd7b9b5ba992712c409c63bb1bdc566778e71bfbb33fbd91f542ae
r2_train_0346,configs/train/r2_train_0346.json,train,stalker_vs_spine_04,stalker_vs_spine,False,2,near,8.6434,NARROW,compact,7,4,875,700,1.25,moderate,"{""STALKER"": 7}","{""SPINE_CRAWLER"": 4}",5f0eac9b8a51fbb67407706bf23466c62b845ea5f6b97d5c84f724c4ff5e6441
r2_train_0347,configs/train/r2_train_0347.json,train,stalker_vs_spine_04,stalker_vs_spine,False,3,near,8.5843,SIMPLE,type_split,7,4,875,700,1.25,moderate,"{""STALKER"": 7}","{""SPINE_CRAWLER"": 4}",ef5307b4171fb9aa665073d050e7810cb75c540a34258a80578537ff2c8eba18
r2_train_0348,configs/train/r2_train_0348.json,train,stalker_vs_spine_04,stalker_vs_spine,False,4,medium,12.7195,SIMPLE,compact,7,4,875,700,1.25,moderate,"{""STALKER"": 7}","{""SPINE_CRAWLER"": 4}",9daed3689b40c450a19e7a23bf838729f7138685f5a22aafe38fe01f976a8072
r2_train_0349,configs/train/r2_train_0349.json,train,stalker_vs_spine_04,stalker_vs_spine,False,5,medium,12.8178,SIMPLE,split,7,4,875,700,1.25,moderate,"{""STALKER"": 7}","{""SPINE_CRAWLER"": 4}",347966d0e4510af0f5ef815af945cd9930ea00092a01c47eb9f59135f3f467be
r2_train_0350,configs/train/r2_train_0350.json,train,stalker_vs_spine_04,stalker_vs_spine,False,6,medium,12.9809,SIMPLE,staggered,7,4,875,700,1.25,moderate,"{""STALKER"": 7}","{""SPINE_CRAWLER"": 4}",8e0090d74b9da9a2003db820412cb99fdf8b27fe155fce3a09e5a71f144b191c
r2_train_0351,configs/train/r2_train_0351.json,train,stalker_vs_spine_04,stalker_vs_spine,False,7,far,17.1654,SIMPLE,type_split,7,4,875,700,1.25,moderate,"{""STALKER"": 7}","{""SPINE_CRAWLER"": 4}",d160513638c66c52e86d23a95faac1d9c81b34b0f1e1bcf1e00d66feb31f5cfe
r2_train_0352,configs/train/r2_train_0352.json,train,stalker_vs_spine_04,stalker_vs_spine,False,8,far,17.0361,SIMPLE,compact,7,4,875,700,1.25,moderate,"{""STALKER"": 7}","{""SPINE_CRAWLER"": 4}",b8e6f21f15df4f334d8f8e73423a958ee61527af97b803cd137d3582b53f480a
r2_train_0353,configs/train/r2_train_0353.json,train,stalker_vs_spine_05,stalker_vs_spine,False,1,immediate,5.158,SIMPLE,split,9,5,1125,875,1.2857,moderate,"{""STALKER"": 9}","{""SPINE_CRAWLER"": 5}",4c952a2b7872a1eac94545660ef1c24adecdb005dfccb2562b3e9411c96bf7b3
r2_train_0354,configs/train/r2_train_0354.json,train,stalker_vs_spine_05,stalker_vs_spine,False,2,near,8.6622,SIMPLE,staggered,9,5,1125,875,1.2857,moderate,"{""STALKER"": 9}","{""SPINE_CRAWLER"": 5}",146098357d82aac36044479fe69f32377964c750f2d7e64db8cafbcd1f225233
r2_train_0355,configs/train/r2_train_0355.json,train,stalker_vs_spine_05,stalker_vs_spine,False,3,near,8.6766,NARROW,compact,9,5,1125,875,1.2857,moderate,"{""STALKER"": 9}","{""SPINE_CRAWLER"": 5}",a32c406d58dd42151b88bffc473378c8c670f4c148df20f6a8efb4034a86c21e
r2_train_0356,configs/train/r2_train_0356.json,train,stalker_vs_spine_05,stalker_vs_spine,False,4,medium,12.938,SIMPLE,compact,9,5,1125,875,1.2857,moderate,"{""STALKER"": 9}","{""SPINE_CRAWLER"": 5}",b50eaa16ac16d56b4c48f3b40abf60264458d02d175ecd66bdfc40a8a9c60c2c
r2_train_0357,configs/train/r2_train_0357.json,train,stalker_vs_spine_05,stalker_vs_spine,False,5,medium,12.5606,SIMPLE,split,9,5,1125,875,1.2857,moderate,"{""STALKER"": 9}","{""SPINE_CRAWLER"": 5}",c883d3567f5b32af65e948b2781d1dabd795b8802b05cf50b8db46cb2c0fc447
r2_train_0358,configs/train/r2_train_0358.json,train,stalker_vs_spine_05,stalker_vs_spine,False,6,medium,12.7906,SIMPLE,staggered,9,5,1125,875,1.2857,moderate,"{""STALKER"": 9}","{""SPINE_CRAWLER"": 5}",074c4e36589389455fdedda4555822fc642333ff11a68bbe85263f3c3641e722
r2_train_0359,configs/train/r2_train_0359.json,train,stalker_vs_spine_05,stalker_vs_spine,False,7,far,16.9361,SIMPLE,type_split,9,5,1125,875,1.2857,moderate,"{""STALKER"": 9}","{""SPINE_CRAWLER"": 5}",5b084ea0e2d21c1159a143a3dba444dd13d4d0bec06eeb6aa955cf90bb9710b7
r2_train_0360,configs/train/r2_train_0360.json,train,stalker_vs_spine_05,stalker_vs_spine,False,8,far,16.9324,SIMPLE,compact,9,5,1125,875,1.2857,moderate,"{""STALKER"": 9}","{""SPINE_CRAWLER"": 5}",2ad4440ed02548257e1cfe4397365a074e84b6d4d3fab81dc2ff01fcf460ee38
r2_train_0361,configs/train/r2_train_0361.json,train,zealot_colossus_vs_terran_01,zealot_colossus_vs_terran,False,1,immediate,5.3772,SIMPLE,split,3,4,500,300,1.6667,easy,"{""COLOSSUS"": 1, ""ZEALOT"": 2}","{""MARAUDER"": 2, ""MARINE"": 2}",4f08cb4579c87940e6d923cb6b8abdc5b339d34fe987db617ca7e47590a6ecba
r2_train_0362,configs/train/r2_train_0362.json,train,zealot_colossus_vs_terran_01,zealot_colossus_vs_terran,False,2,near,8.6398,SIMPLE,staggered,3,4,500,300,1.6667,easy,"{""COLOSSUS"": 1, ""ZEALOT"": 2}","{""MARAUDER"": 2, ""MARINE"": 2}",9e41e478d55d182a4a0a5313d9b101e95793c220939f6c1f43154aeb67a8fe0e
r2_train_0363,configs/train/r2_train_0363.json,train,zealot_colossus_vs_terran_01,zealot_colossus_vs_terran,False,3,near,9.0459,SIMPLE,type_split,3,4,500,300,1.6667,easy,"{""COLOSSUS"": 1, ""ZEALOT"": 2}","{""MARAUDER"": 2, ""MARINE"": 2}",6b1547070f8c34b4eb773f1a51e3f69dcf0c0cb5c75f4e59c82257d3fdd0d981
r2_train_0364,configs/train/r2_train_0364.json,train,zealot_colossus_vs_terran_01,zealot_colossus_vs_terran,False,4,medium,12.8489,OCTAGON,compact,3,4,500,300,1.6667,easy,"{""COLOSSUS"": 1, ""ZEALOT"": 2}","{""MARAUDER"": 2, ""MARINE"": 2}",ef0b34839c67e617a6c10eb0ccca4d79a79a21bc1fae35ea2026a072357483c3
r2_train_0365,configs/train/r2_train_0365.json,train,zealot_colossus_vs_terran_01,zealot_colossus_vs_terran,False,5,medium,12.5513,SIMPLE,split,3,4,500,300,1.6667,easy,"{""COLOSSUS"": 1, ""ZEALOT"": 2}","{""MARAUDER"": 2, ""MARINE"": 2}",49d6d68bb0ee7f531e67efdeaffa2056c9695d09d0c7a3b060c4f60f91cfe23a
r2_train_0366,configs/train/r2_train_0366.json,train,zealot_colossus_vs_terran_01,zealot_colossus_vs_terran,False,6,medium,12.7704,SIMPLE,staggered,3,4,500,300,1.6667,easy,"{""COLOSSUS"": 1, ""ZEALOT"": 2}","{""MARAUDER"": 2, ""MARINE"": 2}",7c80209175534821f187bb8ced7ee858306debb68851d1688b3010f31c096f0b
r2_train_0367,configs/train/r2_train_0367.json,train,zealot_colossus_vs_terran_01,zealot_colossus_vs_terran,False,7,far,16.9888,SIMPLE,type_split,3,4,500,300,1.6667,easy,"{""COLOSSUS"": 1, ""ZEALOT"": 2}","{""MARAUDER"": 2, ""MARINE"": 2}",d8ce0e22fab689ca201c51f7e86e0b852f696b52f2f4e03e8ea75d621439db30
r2_train_0368,configs/train/r2_train_0368.json,train,zealot_colossus_vs_terran_01,zealot_colossus_vs_terran,False,8,far,17.1684,SIMPLE,compact,3,4,500,300,1.6667,easy,"{""COLOSSUS"": 1, ""ZEALOT"": 2}","{""MARAUDER"": 2, ""MARINE"": 2}",a7b0fbe84e9fb8319f418c5e1d17d05c316c7c74066b4f7dbd945d7d0a17b069
r2_train_0369,configs/train/r2_train_0369.json,train,zealot_colossus_vs_terran_02,zealot_colossus_vs_terran,False,1,immediate,5.1694,SIMPLE,split,3,5,500,350,1.4286,moderate,"{""COLOSSUS"": 1, ""ZEALOT"": 2}","{""MARAUDER"": 2, ""MARINE"": 3}",bdaf6ace30c3fa5624a3b04a1ac5c631204387b2daa71c8fdc6c504240841a33
r2_train_0370,configs/train/r2_train_0370.json,train,zealot_colossus_vs_terran_02,zealot_colossus_vs_terran,False,2,near,8.8955,SIMPLE,staggered,3,5,500,350,1.4286,moderate,"{""COLOSSUS"": 1, ""ZEALOT"": 2}","{""MARAUDER"": 2, ""MARINE"": 3}",7e072e15389e8ba346fa391f51d7618d19818887542651e463314c9163374d8f
r2_train_0371,configs/train/r2_train_0371.json,train,zealot_colossus_vs_terran_02,zealot_colossus_vs_terran,False,3,near,8.9672,SIMPLE,type_split,3,5,500,350,1.4286,moderate,"{""COLOSSUS"": 1, ""ZEALOT"": 2}","{""MARAUDER"": 2, ""MARINE"": 3}",acdd3ce6931b3c9577e0a9eab5a481b19828ac3f3669c115250ab5806f7d3f2c
r2_train_0372,configs/train/r2_train_0372.json,train,zealot_colossus_vs_terran_02,zealot_colossus_vs_terran,False,4,medium,12.7644,SIMPLE,compact,3,5,500,350,1.4286,moderate,"{""COLOSSUS"": 1, ""ZEALOT"": 2}","{""MARAUDER"": 2, ""MARINE"": 3}",610aed438f5c8fadfb035fe46803a3e97b1b567c931a285bc971628ac8e3b6c9
r2_train_0373,configs/train/r2_train_0373.json,train,zealot_colossus_vs_terran_02,zealot_colossus_vs_terran,False,5,medium,12.5806,OCTAGON,split,3,5,500,350,1.4286,moderate,"{""COLOSSUS"": 1, ""ZEALOT"": 2}","{""MARAUDER"": 2, ""MARINE"": 3}",37cb7be635cd42d38aa7792affdc36a222e4e89488b4b9732d4a10e992ba6215
r2_train_0374,configs/train/r2_train_0374.json,train,zealot_colossus_vs_terran_02,zealot_colossus_vs_terran,False,6,medium,13.0484,SIMPLE,staggered,3,5,500,350,1.4286,moderate,"{""COLOSSUS"": 1, ""ZEALOT"": 2}","{""MARAUDER"": 2, ""MARINE"": 3}",cdaababd5338a14ecd650517013afc6c365a2e47e2357ef504258e084934ac1d
r2_train_0375,configs/train/r2_train_0375.json,train,zealot_colossus_vs_terran_02,zealot_colossus_vs_terran,False,7,far,17.166,SIMPLE,type_split,3,5,500,350,1.4286,moderate,"{""COLOSSUS"": 1, ""ZEALOT"": 2}","{""MARAUDER"": 2, ""MARINE"": 3}",46ae1a850b7426215fd77e2ebc4a2d39bffaa25e3fa8bb8483cd54e67bf049ca
r2_train_0376,configs/train/r2_train_0376.json,train,zealot_colossus_vs_terran_02,zealot_colossus_vs_terran,False,8,far,17.1112,SIMPLE,compact,3,5,500,350,1.4286,moderate,"{""COLOSSUS"": 1, ""ZEALOT"": 2}","{""MARAUDER"": 2, ""MARINE"": 3}",afb78dfd48013159ee8f62acc203956cd36bd3eccc48bbe6ccd6069ff121d4e1
r2_train_0377,configs/train/r2_train_0377.json,train,zealot_colossus_vs_terran_03,zealot_colossus_vs_terran,False,1,immediate,5.5081,NARROW,compact,4,6,600,400,1.5,easy,"{""COLOSSUS"": 1, ""ZEALOT"": 3}","{""MARAUDER"": 2, ""MARINE"": 4}",a1da42ebce6e762c574bf6c51b57570ce307b66fd0735a55876ecd633e07da04
r2_train_0378,configs/train/r2_train_0378.json,train,zealot_colossus_vs_terran_03,zealot_colossus_vs_terran,False,2,near,8.9467,SIMPLE,staggered,4,6,600,400,1.5,easy,"{""COLOSSUS"": 1, ""ZEALOT"": 3}","{""MARAUDER"": 2, ""MARINE"": 4}",b46d48e7bdff6ba492d4d8eb668e47407a810feb3be387d5ccebaa561b6fd6e7
r2_train_0379,configs/train/r2_train_0379.json,train,zealot_colossus_vs_terran_03,zealot_colossus_vs_terran,False,3,near,9.0236,SIMPLE,type_split,4,6,600,400,1.5,easy,"{""COLOSSUS"": 1, ""ZEALOT"": 3}","{""MARAUDER"": 2, ""MARINE"": 4}",87a3befab610026c131ef0600cf4583c3b0bc84e148859d549527c6254c083d9
r2_train_0380,configs/train/r2_train_0380.json,train,zealot_colossus_vs_terran_03,zealot_colossus_vs_terran,False,4,medium,13.0182,SIMPLE,compact,4,6,600,400,1.5,easy,"{""COLOSSUS"": 1, ""ZEALOT"": 3}","{""MARAUDER"": 2, ""MARINE"": 4}",d74c76e555bf352b4dcffdd6925f814194ca788f690e13b1e5d7c0ce1be267fc
r2_train_0381,configs/train/r2_train_0381.json,train,zealot_colossus_vs_terran_03,zealot_colossus_vs_terran,False,5,medium,13.0064,SIMPLE,split,4,6,600,400,1.5,easy,"{""COLOSSUS"": 1, ""ZEALOT"": 3}","{""MARAUDER"": 2, ""MARINE"": 4}",85a12fecb8a8ed970116875a6cbcbd32eab0ed252299728423a37bbab5b252eb
r2_train_0382,configs/train/r2_train_0382.json,train,zealot_colossus_vs_terran_03,zealot_colossus_vs_terran,False,6,medium,12.5629,OCTAGON,staggered,4,6,600,400,1.5,easy,"{""COLOSSUS"": 1, ""ZEALOT"": 3}","{""MARAUDER"": 2, ""MARINE"": 4}",5c0b2e4d8fea8b0ceeef8d036200636904ef3f4420ea708c7c83688ce03906c0
r2_train_0383,configs/train/r2_train_0383.json,train,zealot_colossus_vs_terran_03,zealot_colossus_vs_terran,False,7,far,16.8496,SIMPLE,type_split,4,6,600,400,1.5,easy,"{""COLOSSUS"": 1, ""ZEALOT"": 3}","{""MARAUDER"": 2, ""MARINE"": 4}",4bd0c7f64db7bcaf7203c1475f1b1d914a499510fe41d0248a8e7b6ac87dbb23
r2_train_0384,configs/train/r2_train_0384.json,train,zealot_colossus_vs_terran_03,zealot_colossus_vs_terran,False,8,far,16.9419,SIMPLE,compact,4,6,600,400,1.5,easy,"{""COLOSSUS"": 1, ""ZEALOT"": 3}","{""MARAUDER"": 2, ""MARINE"": 4}",5364900fa59082ce4fd42a4208c7526c145cbff29a9cabf512b605334223d2fb
r2_train_0385,configs/train/r2_train_0385.json,train,zealot_colossus_vs_terran_04,zealot_colossus_vs_terran,False,1,immediate,5.4318,SIMPLE,split,5,8,900,550,1.6364,easy,"{""COLOSSUS"": 2, ""ZEALOT"": 3}","{""MARAUDER"": 3, ""MARINE"": 5}",8794aa0fa4467002693722fac548cbe17dd00dc64f60973b798bada9edaf3486
r2_train_0386,configs/train/r2_train_0386.json,train,zealot_colossus_vs_terran_04,zealot_colossus_vs_terran,False,2,near,8.7466,NARROW,compact,5,8,900,550,1.6364,easy,"{""COLOSSUS"": 2, ""ZEALOT"": 3}","{""MARAUDER"": 3, ""MARINE"": 5}",950f4293b09addb3a72d1a10e5f49c09c562e7b7aa9a8f54e628ee9f49e3f8e8
r2_train_0387,configs/train/r2_train_0387.json,train,zealot_colossus_vs_terran_04,zealot_colossus_vs_terran,False,3,near,8.959,SIMPLE,type_split,5,8,900,550,1.6364,easy,"{""COLOSSUS"": 2, ""ZEALOT"": 3}","{""MARAUDER"": 3, ""MARINE"": 5}",107705b78c6aebcb38231dda6ae63650f45c0e05a63e2a6621e3cb2a59e79474
r2_train_0388,configs/train/r2_train_0388.json,train,zealot_colossus_vs_terran_04,zealot_colossus_vs_terran,False,4,medium,12.7065,SIMPLE,compact,5,8,900,550,1.6364,easy,"{""COLOSSUS"": 2, ""ZEALOT"": 3}","{""MARAUDER"": 3, ""MARINE"": 5}",543592280af7db663c5648a91f3aa5d3b71b595dad5bdab074d3e10355609785
r2_train_0389,configs/train/r2_train_0389.json,train,zealot_colossus_vs_terran_04,zealot_colossus_vs_terran,False,5,medium,12.9624,SIMPLE,split,5,8,900,550,1.6364,easy,"{""COLOSSUS"": 2, ""ZEALOT"": 3}","{""MARAUDER"": 3, ""MARINE"": 5}",020288afb91aec39bf65800e70dd1f810274c0951b6f74830bf244c1e6cd9e4f
r2_train_0390,configs/train/r2_train_0390.json,train,zealot_colossus_vs_terran_04,zealot_colossus_vs_terran,False,6,medium,12.7993,SIMPLE,staggered,5,8,900,550,1.6364,easy,"{""COLOSSUS"": 2, ""ZEALOT"": 3}","{""MARAUDER"": 3, ""MARINE"": 5}",5cd52a6def1f113321715ca7147219c56288e2f80cfad18ab32fa59c378bfcd4
r2_train_0391,configs/train/r2_train_0391.json,train,zealot_colossus_vs_terran_04,zealot_colossus_vs_terran,False,7,far,17.1119,SIMPLE,type_split,5,8,900,550,1.6364,easy,"{""COLOSSUS"": 2, ""ZEALOT"": 3}","{""MARAUDER"": 3, ""MARINE"": 5}",dcbe8cd54b52238927acdf25043af4e5eb4c8df116bf0c4cb3b16f1105c87737
r2_train_0392,configs/train/r2_train_0392.json,train,zealot_colossus_vs_terran_04,zealot_colossus_vs_terran,False,8,far,17.2184,SIMPLE,compact,5,8,900,550,1.6364,easy,"{""COLOSSUS"": 2, ""ZEALOT"": 3}","{""MARAUDER"": 3, ""MARINE"": 5}",dd785aded3ac9a08a899c790ef458a65ce133cf21c77c0adad7fc44efd7d7067
r2_train_0393,configs/train/r2_train_0393.json,train,zealot_colossus_vs_terran_05,zealot_colossus_vs_terran,False,1,immediate,5.4287,SIMPLE,split,6,9,1000,650,1.5385,easy,"{""COLOSSUS"": 2, ""ZEALOT"": 4}","{""MARAUDER"": 4, ""MARINE"": 5}",c2c36041ee7c625313527bf62ba76d2aac6391f8cbd808d3b8789b08bbdad80a
r2_train_0394,configs/train/r2_train_0394.json,train,zealot_colossus_vs_terran_05,zealot_colossus_vs_terran,False,2,near,8.7417,SIMPLE,staggered,6,9,1000,650,1.5385,easy,"{""COLOSSUS"": 2, ""ZEALOT"": 4}","{""MARAUDER"": 4, ""MARINE"": 5}",550cc6142d7b696f19e849335edec03593530c332c1d32ddf56f70c22eec54c8
r2_train_0395,configs/train/r2_train_0395.json,train,zealot_colossus_vs_terran_05,zealot_colossus_vs_terran,False,3,near,8.8226,NARROW,compact,6,9,1000,650,1.5385,easy,"{""COLOSSUS"": 2, ""ZEALOT"": 4}","{""MARAUDER"": 4, ""MARINE"": 5}",a7e283e17c145664722fe72da110ad1408c75f6828d1932f8c4c5475432ac2c1
r2_train_0396,configs/train/r2_train_0396.json,train,zealot_colossus_vs_terran_05,zealot_colossus_vs_terran,False,4,medium,12.8791,SIMPLE,compact,6,9,1000,650,1.5385,easy,"{""COLOSSUS"": 2, ""ZEALOT"": 4}","{""MARAUDER"": 4, ""MARINE"": 5}",5263f7afa88bc8b63f35888a4fd5cae8102978882f07b1e3e9a432e2fec3d40f
r2_train_0397,configs/train/r2_train_0397.json,train,zealot_colossus_vs_terran_05,zealot_colossus_vs_terran,False,5,medium,12.9805,SIMPLE,split,6,9,1000,650,1.5385,easy,"{""COLOSSUS"": 2, ""ZEALOT"": 4}","{""MARAUDER"": 4, ""MARINE"": 5}",f1a0ca5fae6f74b518fddcd229b407f85b048f2eebe64d4ffb7b9dddd74a5d76
r2_train_0398,configs/train/r2_train_0398.json,train,zealot_colossus_vs_terran_05,zealot_colossus_vs_terran,False,6,medium,12.7013,SIMPLE,staggered,6,9,1000,650,1.5385,easy,"{""COLOSSUS"": 2, ""ZEALOT"": 4}","{""MARAUDER"": 4, ""MARINE"": 5}",a032d1d84e05ec6a293c8deecae7c9aadea142ab23c7eca2c114ab14b1305fb5
r2_train_0399,configs/train/r2_train_0399.json,train,zealot_colossus_vs_terran_05,zealot_colossus_vs_terran,False,7,far,16.9069,SIMPLE,type_split,6,9,1000,650,1.5385,easy,"{""COLOSSUS"": 2, ""ZEALOT"": 4}","{""MARAUDER"": 4, ""MARINE"": 5}",6fe08af63b96421d04b80eec9c4b5601715136a687e10d1a98ba7ef85285af37
r2_train_0400,configs/train/r2_train_0400.json,train,zealot_colossus_vs_terran_05,zealot_colossus_vs_terran,False,8,far,16.8517,SIMPLE,compact,6,9,1000,650,1.5385,easy,"{""COLOSSUS"": 2, ""ZEALOT"": 4}","{""MARAUDER"": 4, ""MARINE"": 5}",fa0926dca1522a5e9dedbf1aa3ce71d1b68828d973098ed470f7a485fcf4d61d
r2_validation_0401,configs/validation/r2_validation_0401.json,validation,marine_mirror_01,marine_mirror,False,9,medium,12.6547,SIMPLE,split,3,2,150,100,1.5,easy,"{""MARINE"": 3}","{""MARINE"": 2}",9cbbe85d28865d444c03244423ed0025985f79b4a888c355ccab2620114deb53
r2_validation_0402,configs/validation/r2_validation_0402.json,validation,marine_mirror_02,marine_mirror,False,9,near,9.0291,NARROW,compact,4,3,200,150,1.3333,moderate,"{""MARINE"": 4}","{""MARINE"": 3}",3722233f2352dba7bea4fc9428206ba2e23c3ef5b6c9e3e769f6d9826c46fdfe
r2_validation_0403,configs/validation/r2_validation_0403.json,validation,marine_mirror_03,marine_mirror,False,9,medium,12.8246,SIMPLE,type_split,5,4,250,200,1.25,moderate,"{""MARINE"": 5}","{""MARINE"": 4}",6dce46c21265e0f9dea88b73ad051a2903e4d5a4b1818298bee1111e4297b7df
r2_validation_0404,configs/validation/r2_validation_0404.json,validation,marine_mirror_04,marine_mirror,False,9,near,8.6579,OCTAGON,compact,7,6,350,300,1.1667,hard_winnable,"{""MARINE"": 7}","{""MARINE"": 6}",4bcff346550b2b7abe488798c82c3750eb32adff4a87758081e4fc46f131181e
r2_validation_0405,configs/validation/r2_validation_0405.json,validation,marine_mirror_05,marine_mirror,False,9,far,16.8231,SIMPLE,split,9,8,450,400,1.125,hard_winnable,"{""MARINE"": 9}","{""MARINE"": 8}",cad1e9c25d0e9c1ecdfaad86bbbc5175475fc38fcb08d86a1dcb95d8230d42f7
r2_validation_0406,configs/validation/r2_validation_0406.json,validation,stalker_mirror_01,stalker_mirror,False,9,medium,12.7994,OCTAGON,staggered,3,2,375,250,1.5,easy,"{""STALKER"": 3}","{""STALKER"": 2}",b81c741359b0ddc5d00541dd573c8619d6efcbdd865760008e4e7e10aae86bd3
r2_validation_0407,configs/validation/r2_validation_0407.json,validation,stalker_mirror_02,stalker_mirror,False,9,immediate,5.2819,SIMPLE,type_split,4,3,500,375,1.3333,moderate,"{""STALKER"": 4}","{""STALKER"": 3}",a23e77bd1db6e40fd7c75a8ecf42146482607bcfd985535186a7c4d82db7065b
r2_validation_0408,configs/validation/r2_validation_0408.json,validation,stalker_mirror_03,stalker_mirror,False,9,far,17.0553,SIMPLE,compact,5,4,625,500,1.25,moderate,"{""STALKER"": 5}","{""STALKER"": 4}",4be4b0a725eeb0efc190d3a831243f6e4710061b1711d6fff24f0bdeb2fbc8ae
r2_validation_0409,configs/validation/r2_validation_0409.json,validation,stalker_mirror_04,stalker_mirror,False,9,near,8.9146,NARROW,compact,7,6,875,750,1.1667,hard_winnable,"{""STALKER"": 7}","{""STALKER"": 6}",39b120d619f45f2779906ee534a3329c5be2356a66f9f76ee6398a819a0f5e07
r2_validation_0410,configs/validation/r2_validation_0410.json,validation,stalker_mirror_05,stalker_mirror,False,9,near,8.9248,SIMPLE,staggered,9,8,1125,1000,1.125,hard_winnable,"{""STALKER"": 9}","{""STALKER"": 8}",f45f175bdcfb95565b4ec33ab0a81d4ff0a4e736fd82fd783913b4ea09a092be
r2_validation_0411,configs/validation/r2_validation_0411.json,validation,zealot_vs_zergling_01,zealot_vs_zergling,False,9,immediate,5.609,SIMPLE,type_split,2,6,200,150,1.3333,moderate,"{""ZEALOT"": 2}","{""ZERGLING"": 6}",feb3edfc2ac14a600ce1af9c0c9ec50e07a1dda1dcf6f8dc7ceac0a1f1f75ca6
r2_validation_0412,configs/validation/r2_validation_0412.json,validation,zealot_vs_zergling_02,zealot_vs_zergling,False,9,immediate,5.2088,NARROW,compact,2,7,200,175,1.1429,hard_winnable,"{""ZEALOT"": 2}","{""ZERGLING"": 7}",5eb95429ac488d45d0b107ed21d395647cc9f47f88a768d1045f90a5907b9696
r2_validation_0413,configs/validation/r2_validation_0413.json,validation,zealot_vs_zergling_03,zealot_vs_zergling,False,9,medium,12.7241,SIMPLE,split,3,9,300,225,1.3333,moderate,"{""ZEALOT"": 3}","{""ZERGLING"": 9}",85269d8381135ec8dc40c55b27b970e27eb7b5ab3d438eb2403cd501c4479a7a
r2_validation_0414,configs/validation/r2_validation_0414.json,validation,zealot_vs_zergling_04,zealot_vs_zergling,False,9,near,8.9004,OCTAGON,staggered,3,10,300,250,1.2,moderate,"{""ZEALOT"": 3}","{""ZERGLING"": 10}",51a83fc51b56e2edc9d4bddae3a5e59db15cfc51b60c107fde41d51720347e27
r2_validation_0415,configs/validation/r2_validation_0415.json,validation,zealot_vs_zergling_05,zealot_vs_zergling,False,9,near,9.0315,SIMPLE,type_split,4,10,400,250,1.6,easy,"{""ZEALOT"": 4}","{""ZERGLING"": 10}",a7b7e6280edeb42d452bbf03711db0ee41c1f2ed0fcb3bf79853fd07a01c9813
r2_validation_0416,configs/validation/r2_validation_0416.json,validation,stalker_vs_zealot_01,stalker_vs_zealot,False,9,far,17.1416,SIMPLE,compact,2,2,250,200,1.25,moderate,"{""STALKER"": 2}","{""ZEALOT"": 2}",9f7fc4e3eaa27fb560c86eb579c75ae39992ada101104654a1155ae3636f3d64
r2_validation_0417,configs/validation/r2_validation_0417.json,validation,stalker_vs_zealot_02,stalker_vs_zealot,False,9,medium,12.7943,SIMPLE,split,3,3,375,300,1.25,moderate,"{""STALKER"": 3}","{""ZEALOT"": 3}",bafd32fe13e97b5fe44ca59f1bfda15ceeb81e325d99436aab7933fa84e6cfda
r2_validation_0418,configs/validation/r2_validation_0418.json,validation,stalker_vs_zealot_03,stalker_vs_zealot,False,9,far,17.1884,SIMPLE,staggered,4,4,500,400,1.25,moderate,"{""STALKER"": 4}","{""ZEALOT"": 4}",a94724fb16241eca7a66f38e567975c8b5fe30af2c2953ddc9a5c620e5855590
r2_validation_0419,configs/validation/r2_validation_0419.json,validation,stalker_vs_zealot_04,stalker_vs_zealot,False,9,immediate,5.2799,NARROW,compact,5,5,625,500,1.25,moderate,"{""STALKER"": 5}","{""ZEALOT"": 5}",890cd266e0f63f1c048bbd111f008a85ce67504dab2c904d59470b74322b23cb
r2_validation_0420,configs/validation/r2_validation_0420.json,validation,stalker_vs_zealot_05,stalker_vs_zealot,False,9,near,8.594,SIMPLE,compact,6,6,750,600,1.25,moderate,"{""STALKER"": 6}","{""ZEALOT"": 6}",2d0c07fcfeab0e35a12e728edbd1a4e43c6beea644eafcdf4e5dd4de6e08381d
r2_validation_0421,configs/validation/r2_validation_0421.json,validation,terran_vs_swarm_01,terran_vs_swarm,False,9,medium,12.675,SIMPLE,split,3,5,200,150,1.3333,moderate,"{""MARAUDER"": 1, ""MARINE"": 2}","{""BANELING"": 1, ""ZERGLING"": 4}",fb94e5294d66eea259f004d9d05d7d7a5a1683088768911c4fa124f108cef870
r2_validation_0422,configs/validation/r2_validation_0422.json,validation,terran_vs_swarm_02,terran_vs_swarm,False,9,immediate,5.1802,NARROW,staggered,4,7,300,200,1.5,easy,"{""MARAUDER"": 2, ""MARINE"": 2}","{""BANELING"": 1, ""ZERGLING"": 6}",f39691e239af2c6963664c03f8f922cd12291e87c0e8706f34f0c9bcc794d19c
r2_validation_0423,configs/validation/r2_validation_0423.json,validation,terran_vs_swarm_03,terran_vs_swarm,False,9,medium,12.6515,SIMPLE,type_split,5,8,350,250,1.4,moderate,"{""MARAUDER"": 2, ""MARINE"": 3}","{""BANELING"": 2, ""ZERGLING"": 6}",944c5f3956d8df0320a515ceeb798a85ebcd1af98ff0111cfe0f860a806d0a06
r2_validation_0424,configs/validation/r2_validation_0424.json,validation,terran_vs_swarm_04,terran_vs_swarm,False,9,medium,12.9927,OCTAGON,compact,6,10,400,300,1.3333,moderate,"{""MARAUDER"": 2, ""MARINE"": 4}","{""BANELING"": 2, ""ZERGLING"": 8}",302098cd3ebe5dd479823f29294063fda6884fac67e37f1be8aa567a01248f74
r2_validation_0425,configs/validation/r2_validation_0425.json,validation,terran_vs_swarm_05,terran_vs_swarm,False,9,near,8.9567,SIMPLE,split,8,10,550,325,1.6923,easy,"{""MARAUDER"": 3, ""MARINE"": 5}","{""BANELING"": 3, ""ZERGLING"": 7}",d78c16b2f13eb1038f20bbd51cecb7aa59d5665daa15186052e2dee3dbdbfcae
r2_validation_0426,configs/validation/r2_validation_0426.json,validation,mmm_mirror_01,mmm_mirror,False,9,far,17.0392,SIMPLE,staggered,5,4,375,325,1.1538,hard_winnable,"{""MARAUDER"": 1, ""MARINE"": 3, ""MEDIVAC"": 1}","{""MARAUDER"": 1, ""MARINE"": 2, ""MEDIVAC"": 1}",890c1e1e3406d3b11d5a8df85f0735b068c98265557b26563688094a7a74cde0
r2_validation_0427,configs/validation/r2_validation_0427.json,validation,mmm_mirror_02,mmm_mirror,False,9,medium,12.7699,SIMPLE,type_split,6,5,475,375,1.2667,moderate,"{""MARAUDER"": 2, ""MARINE"": 3, ""MEDIVAC"": 1}","{""MARAUDER"": 1, ""MARINE"": 3, ""MEDIVAC"": 1}",e99ddf1a7f05f17ff3bc1661cd1964aee3b1c0b19a856771d20a342252729a4b
r2_validation_0428,configs/validation/r2_validation_0428.json,validation,mmm_mirror_03,mmm_mirror,False,9,medium,12.9777,OCTAGON,compact,7,6,525,475,1.1053,hard_winnable,"{""MARAUDER"": 2, ""MARINE"": 4, ""MEDIVAC"": 1}","{""MARAUDER"": 2, ""MARINE"": 3, ""MEDIVAC"": 1}",a72a5d4044089418a0395e85672b684b9f1de39dad177b25266c51af6b1b8d93
r2_validation_0429,configs/validation/r2_validation_0429.json,validation,mmm_mirror_04,mmm_mirror,False,9,immediate,5.2551,NARROW,compact,8,7,625,525,1.1905,hard_winnable,"{""MARAUDER"": 3, ""MARINE"": 4, ""MEDIVAC"": 1}","{""MARAUDER"": 2, ""MARINE"": 4, ""MEDIVAC"": 1}",e1b2b1e86260763d1825d8ffca1159b1aefd8dcbe04a7c0cade4c29e6142fffc
r2_validation_0430,configs/validation/r2_validation_0430.json,validation,mmm_mirror_05,mmm_mirror,False,9,immediate,5.1996,SIMPLE,staggered,9,8,675,625,1.08,hard_winnable,"{""MARAUDER"": 3, ""MARINE"": 5, ""MEDIVAC"": 1}","{""MARAUDER"": 3, ""MARINE"": 4, ""MEDIVAC"": 1}",1fc4837cd54afa0cf3aeb07277f48621edc034c39c872b488a5bd000c3194cea
r2_validation_0431,configs/validation/r2_validation_0431.json,validation,stalker_zealot_mirror_01,stalker_zealot_mirror,False,9,medium,12.8302,SIMPLE,type_split,4,3,450,350,1.2857,moderate,"{""STALKER"": 2, ""ZEALOT"": 2}","{""STALKER"": 2, ""ZEALOT"": 1}",87d7dc5c335feeab82e17566083fa4b543e0d4eb0fdb939d95884056a471dce1
r2_validation_0432,configs/validation/r2_validation_0432.json,validation,stalker_zealot_mirror_02,stalker_zealot_mirror,False,9,medium,12.5906,OCTAGON,compact,5,4,575,450,1.2778,moderate,"{""STALKER"": 3, ""ZEALOT"": 2}","{""STALKER"": 2, ""ZEALOT"": 2}",8fcbed259edaae06e9d4dfb25c9fa389e411450b18e2f713ca760ed0d0d0c334
r2_validation_0433,configs/validation/r2_validation_0433.json,validation,stalker_zealot_mirror_03,stalker_zealot_mirror,False,9,far,16.8508,SIMPLE,split,6,5,675,575,1.1739,hard_winnable,"{""STALKER"": 3, ""ZEALOT"": 3}","{""STALKER"": 3, ""ZEALOT"": 2}",2ac0d6c4852118576297069afec6452f1cbf2bdeb1ed5d2fb7f0a82ba3242bc1
r2_validation_0434,configs/validation/r2_validation_0434.json,validation,stalker_zealot_mirror_04,stalker_zealot_mirror,False,9,near,8.8238,OCTAGON,staggered,7,6,800,675,1.1852,hard_winnable,"{""STALKER"": 4, ""ZEALOT"": 3}","{""STALKER"": 3, ""ZEALOT"": 3}",a49d5dd7f7b69d2f5984a4aa5c71d15704be4eb63ecae4840b28ef71df95707c
r2_validation_0435,configs/validation/r2_validation_0435.json,validation,stalker_zealot_mirror_05,stalker_zealot_mirror,False,9,near,8.769,SIMPLE,type_split,9,8,1025,900,1.1389,hard_winnable,"{""STALKER"": 5, ""ZEALOT"": 4}","{""STALKER"": 4, ""ZEALOT"": 4}",5045bce21f645426fc50fdf1987b0cb7e0e84bb7b2d8bda9f5e2bfb9e340ca5d
r2_validation_0436,configs/validation/r2_validation_0436.json,validation,stalker_colossus_vs_swarm_01,stalker_colossus_vs_swarm,False,9,near,9.0208,NARROW,compact,2,10,425,350,1.2143,moderate,"{""COLOSSUS"": 1, ""STALKER"": 1}","{""BANELING"": 4, ""ZERGLING"": 6}",c04c043af5f2e5a43caf21ef6cd9813fbdbec42e054eadefdccb05afe01d2cde
r2_validation_0437,configs/validation/r2_validation_0437.json,validation,stalker_colossus_vs_swarm_02,stalker_colossus_vs_swarm,False,9,near,8.5598,SIMPLE,split,2,10,425,400,1.0625,hard_winnable,"{""COLOSSUS"": 1, ""STALKER"": 1}","{""BANELING"": 6, ""ZERGLING"": 4}",6ef7eadbf758d1ad81b23f5a959a692fec89ec242a8fd450e05fca9ce749d3bf
r2_validation_0438,configs/validation/r2_validation_0438.json,validation,stalker_colossus_vs_swarm_03,stalker_colossus_vs_swarm,False,9,near,8.9604,OCTAGON,staggered,3,10,550,450,1.2222,moderate,"{""COLOSSUS"": 1, ""STALKER"": 2}","{""BANELING"": 8, ""ZERGLING"": 2}",6f18ff765510d039d6022c96ff0bbbd9aa563d3657fe8822924b1131ebeabf68
r2_validation_0439,configs/validation/r2_validation_0439.json,validation,stalker_colossus_vs_swarm_04,stalker_colossus_vs_swarm,False,9,immediate,5.4228,NARROW,type_split,3,10,725,500,1.45,moderate,"{""COLOSSUS"": 2, ""STALKER"": 1}","{""BANELING"": 10}",f949abcce7d5772fc3e98e804cce601720ffc7f897d0987267f6d23410b3de4c
r2_validation_0440,configs/validation/r2_validation_0440.json,validation,stalker_colossus_vs_swarm_05,stalker_colossus_vs_swarm,False,9,medium,12.9702,SIMPLE,compact,4,10,850,500,1.7,easy,"{""COLOSSUS"": 2, ""STALKER"": 2}","{""BANELING"": 10}",c4f9487617791617bc6995b4760fe9b97cab884455d28679a902f625db90b58b
r2_validation_0441,configs/validation/r2_validation_0441.json,validation,stalker_vs_spine_01,stalker_vs_spine,False,9,far,16.7793,SIMPLE,split,2,1,250,175,1.4286,moderate,"{""STALKER"": 2}","{""SPINE_CRAWLER"": 1}",643c83d073eb854c92f13200f73815a94f64f00509a2ec6a4c1df8da78f9f19e
r2_validation_0442,configs/validation/r2_validation_0442.json,validation,stalker_vs_spine_02,stalker_vs_spine,False,9,near,8.8523,NARROW,compact,4,2,500,350,1.4286,moderate,"{""STALKER"": 4}","{""SPINE_CRAWLER"": 2}",e803448c40636c0ce3a1be45360977d7ac23ad974208587687fd939152c4f5a9
r2_validation_0443,configs/validation/r2_validation_0443.json,validation,stalker_vs_spine_03,stalker_vs_spine,False,9,medium,12.8612,SIMPLE,type_split,5,3,625,525,1.1905,hard_winnable,"{""STALKER"": 5}","{""SPINE_CRAWLER"": 3}",e3d9368ab41901db79fcc24c39f885deb6d90f071318504f726cefe9c8fc4384
r2_validation_0444,configs/validation/r2_validation_0444.json,validation,stalker_vs_spine_04,stalker_vs_spine,False,9,near,9.0456,OCTAGON,compact,7,4,875,700,1.25,moderate,"{""STALKER"": 7}","{""SPINE_CRAWLER"": 4}",032fbd33fb3eba50f7fabb19ae0a84299b5cf6be8976a275dafb5b91b55bebae
r2_validation_0445,configs/validation/r2_validation_0445.json,validation,stalker_vs_spine_05,stalker_vs_spine,False,9,immediate,5.1864,SIMPLE,split,9,5,1125,875,1.2857,moderate,"{""STALKER"": 9}","{""SPINE_CRAWLER"": 5}",440bc249777f61eab9cc094fe3bb7cf7b77c23754453efce01fb0ef1bea5a39f
r2_validation_0446,configs/validation/r2_validation_0446.json,validation,zealot_colossus_vs_terran_01,zealot_colossus_vs_terran,False,9,near,9.0345,NARROW,compact,3,4,500,300,1.6667,easy,"{""COLOSSUS"": 1, ""ZEALOT"": 2}","{""MARAUDER"": 2, ""MARINE"": 2}",b4034dbf134f0791552ae73beb078d9b68e6f135e8fa2221cb076173d49fe494
r2_validation_0447,configs/validation/r2_validation_0447.json,validation,zealot_colossus_vs_terran_02,zealot_colossus_vs_terran,False,9,near,8.614,SIMPLE,type_split,3,5,500,350,1.4286,moderate,"{""COLOSSUS"": 1, ""ZEALOT"": 2}","{""MARAUDER"": 2, ""MARINE"": 3}",f6c5d5f99b984aed7483d1b86f06fc2ad1824d1dd7e3c191b83c4d6c76eaa8b1
r2_validation_0448,configs/validation/r2_validation_0448.json,validation,zealot_colossus_vs_terran_03,zealot_colossus_vs_terran,False,9,near,9.0213,OCTAGON,compact,4,6,600,400,1.5,easy,"{""COLOSSUS"": 1, ""ZEALOT"": 3}","{""MARAUDER"": 2, ""MARINE"": 4}",2b955ae1b0980b594b41594ad188bcdcdecaf1a95ab9938957f5aaf6e7a57acf
r2_validation_0449,configs/validation/r2_validation_0449.json,validation,zealot_colossus_vs_terran_04,zealot_colossus_vs_terran,False,9,medium,12.9839,OCTAGON,split,5,8,900,550,1.6364,easy,"{""COLOSSUS"": 2, ""ZEALOT"": 3}","{""MARAUDER"": 3, ""MARINE"": 5}",6100f4defee27ca20fcd589d65a2727d0ad0f74f6af8fc488b4839edabbf6502
r2_validation_0450,configs/validation/r2_validation_0450.json,validation,zealot_colossus_vs_terran_05,zealot_colossus_vs_terran,False,9,immediate,5.4668,SIMPLE,staggered,6,9,1000,650,1.5385,easy,"{""COLOSSUS"": 2, ""ZEALOT"": 4}","{""MARAUDER"": 4, ""MARINE"": 5}",5ecb99383ea0ce31249be09771b870be83e6b549f79c9ce7bf2057b53c3eff3e
r2_blind_iid_0451,configs/blind_iid/r2_blind_iid_0451.json,blind_iid,marine_mirror_01,marine_mirror,False,10,near,9.0301,NARROW,type_split,3,2,150,100,1.5,easy,"{""MARINE"": 3}","{""MARINE"": 2}",16b6fb8c468eca1c27680a2ddf292b8f490b1d7ca13959407720067cdf2d8d35
r2_blind_iid_0452,configs/blind_iid/r2_blind_iid_0452.json,blind_iid,marine_mirror_01,marine_mirror,False,11,near,8.9629,OCTAGON,compact,3,2,150,100,1.5,easy,"{""MARINE"": 3}","{""MARINE"": 2}",9724a59157e9fda2900b89f2526de10bea83a98d544726363071c2e698f12d7f
r2_blind_iid_0453,configs/blind_iid/r2_blind_iid_0453.json,blind_iid,marine_mirror_02,marine_mirror,False,10,medium,12.7068,OCTAGON,split,4,3,200,150,1.3333,moderate,"{""MARINE"": 4}","{""MARINE"": 3}",271d0f9bb179c6d19d2d00200ce8973b2c32fe3683a0736f987211b2395d7423
r2_blind_iid_0454,configs/blind_iid/r2_blind_iid_0454.json,blind_iid,marine_mirror_02,marine_mirror,False,11,near,8.8641,NARROW,compact,4,3,200,150,1.3333,moderate,"{""MARINE"": 4}","{""MARINE"": 3}",7565d30aa4264474f253623565eae5a0c6ededffe585b49d5be6b13426c9378c
r2_blind_iid_0455,configs/blind_iid/r2_blind_iid_0455.json,blind_iid,marine_mirror_03,marine_mirror,False,10,medium,12.8983,OCTAGON,type_split,5,4,250,200,1.25,moderate,"{""MARINE"": 5}","{""MARINE"": 4}",0ee7eee3c5bcc9b56252683cdf12d307e3d6d6fade5d1d733d6d2fab4e2f6cd2
r2_blind_iid_0456,configs/blind_iid/r2_blind_iid_0456.json,blind_iid,marine_mirror_03,marine_mirror,False,11,far,16.9696,SIMPLE,compact,5,4,250,200,1.25,moderate,"{""MARINE"": 5}","{""MARINE"": 4}",2eb64ee9229aa4a8feccb523a8dd8879eaba245ba2905b2e30179e8a99d48344
r2_blind_iid_0457,configs/blind_iid/r2_blind_iid_0457.json,blind_iid,marine_mirror_04,marine_mirror,False,10,near,8.6083,OCTAGON,split,7,6,350,300,1.1667,hard_winnable,"{""MARINE"": 7}","{""MARINE"": 6}",c3bb7a3390a9cf5967761d4b2d88e519fa464ca53b7ea2acafdf33092ca51d08
r2_blind_iid_0458,configs/blind_iid/r2_blind_iid_0458.json,blind_iid,marine_mirror_04,marine_mirror,False,11,near,8.9277,SIMPLE,staggered,7,6,350,300,1.1667,hard_winnable,"{""MARINE"": 7}","{""MARINE"": 6}",11b224a641b52f947fa4675e95ca77b50e7fa010452c8d7ba85f0847462640ae
r2_blind_iid_0459,configs/blind_iid/r2_blind_iid_0459.json,blind_iid,marine_mirror_05,marine_mirror,False,10,near,8.8332,SIMPLE,type_split,9,8,450,400,1.125,hard_winnable,"{""MARINE"": 9}","{""MARINE"": 8}",1f9e41ba067912c99af78aa78278b5efc62b099174d36bf4e69dc7e08b52bfd4
r2_blind_iid_0460,configs/blind_iid/r2_blind_iid_0460.json,blind_iid,marine_mirror_05,marine_mirror,False,11,medium,12.6645,OCTAGON,compact,9,8,450,400,1.125,hard_winnable,"{""MARINE"": 9}","{""MARINE"": 8}",56851bb781be4787425623094a86b590505e9492298697e2562545773f173bc9
r2_blind_iid_0461,configs/blind_iid/r2_blind_iid_0461.json,blind_iid,stalker_mirror_01,stalker_mirror,False,10,near,8.9451,NARROW,split,3,2,375,250,1.5,easy,"{""STALKER"": 3}","{""STALKER"": 2}",d9aad455db9d59a68804ff8c13fe7ba731c15062b59c7439972aa01b94acc040
r2_blind_iid_0462,configs/blind_iid/r2_blind_iid_0462.json,blind_iid,stalker_mirror_01,stalker_mirror,False,11,near,8.733,OCTAGON,staggered,3,2,375,250,1.5,easy,"{""STALKER"": 3}","{""STALKER"": 2}",e7c721eb7f618cd013f9668d032caff2428f22d68fc4bf30c03e4390c72c0b6c
r2_blind_iid_0463,configs/blind_iid/r2_blind_iid_0463.json,blind_iid,stalker_mirror_02,stalker_mirror,False,10,near,8.8867,OCTAGON,type_split,4,3,500,375,1.3333,moderate,"{""STALKER"": 4}","{""STALKER"": 3}",9a34c0eea786e4a998aa5b5dad0d03bdb671bd57bb275725794f835beafe0ba9
r2_blind_iid_0464,configs/blind_iid/r2_blind_iid_0464.json,blind_iid,stalker_mirror_02,stalker_mirror,False,11,immediate,5.5702,NARROW,compact,4,3,500,375,1.3333,moderate,"{""STALKER"": 4}","{""STALKER"": 3}",de06e5c91ff8d0500c5b1c3661a1d1f72e43fb287949cecadf8a7291010f03d2
r2_blind_iid_0465,configs/blind_iid/r2_blind_iid_0465.json,blind_iid,stalker_mirror_03,stalker_mirror,False,10,far,17.1033,SIMPLE,split,5,4,625,500,1.25,moderate,"{""STALKER"": 5}","{""STALKER"": 4}",2911f73a94e7a17d17b27a399204e13b5197d6e257e1d4e5a9a056ef7fd82c15
r2_blind_iid_0466,configs/blind_iid/r2_blind_iid_0466.json,blind_iid,stalker_mirror_03,stalker_mirror,False,11,far,16.92,SIMPLE,staggered,5,4,625,500,1.25,moderate,"{""STALKER"": 5}","{""STALKER"": 4}",a08016b0872ebc5d3f1f932ae597fae57d1c7f07947076985b95e68a803cea3e
r2_blind_iid_0467,configs/blind_iid/r2_blind_iid_0467.json,blind_iid,stalker_mirror_04,stalker_mirror,False,10,far,17.1972,SIMPLE,type_split,7,6,875,750,1.1667,hard_winnable,"{""STALKER"": 7}","{""STALKER"": 6}",6e0fa8f66973733971adeb5048af04bd75fa61325ba6674d076626a77040f8ba
r2_blind_iid_0468,configs/blind_iid/r2_blind_iid_0468.json,blind_iid,stalker_mirror_04,stalker_mirror,False,11,far,17.026,SIMPLE,compact,7,6,875,750,1.1667,hard_winnable,"{""STALKER"": 7}","{""STALKER"": 6}",0b0b26b8df0716abdf2663eda2ccaf233d4017cafe0a51646b9dee97bcbd8334
r2_blind_iid_0469,configs/blind_iid/r2_blind_iid_0469.json,blind_iid,stalker_mirror_05,stalker_mirror,False,10,medium,12.8381,SIMPLE,split,9,8,1125,1000,1.125,hard_winnable,"{""STALKER"": 9}","{""STALKER"": 8}",cc85d3821b3a35a904603ad975f14625084035f8fc187159406deabf1e9230de
r2_blind_iid_0470,configs/blind_iid/r2_blind_iid_0470.json,blind_iid,stalker_mirror_05,stalker_mirror,False,11,near,8.9906,NARROW,compact,9,8,1125,1000,1.125,hard_winnable,"{""STALKER"": 9}","{""STALKER"": 8}",74032ad12734727f0eb3f18904e26bfd99c959da34f03b71ae98bc2b4573132c
r2_blind_iid_0471,configs/blind_iid/r2_blind_iid_0471.json,blind_iid,zealot_vs_zergling_01,zealot_vs_zergling,False,10,immediate,5.4308,NARROW,type_split,2,6,200,150,1.3333,moderate,"{""ZEALOT"": 2}","{""ZERGLING"": 6}",2207eb0f8588b3ac61064beea3ffcff083690ab92ab00ac4382704c83c2aecff
r2_blind_iid_0472,configs/blind_iid/r2_blind_iid_0472.json,blind_iid,zealot_vs_zergling_01,zealot_vs_zergling,False,11,medium,13.0345,OCTAGON,compact,2,6,200,150,1.3333,moderate,"{""ZEALOT"": 2}","{""ZERGLING"": 6}",e416af8a9a1b7ceb452777aa8bd903020799780c1b8abe2851a36df17c5de803
r2_blind_iid_0473,configs/blind_iid/r2_blind_iid_0473.json,blind_iid,zealot_vs_zergling_02,zealot_vs_zergling,False,10,near,8.6961,OCTAGON,split,2,7,200,175,1.1429,hard_winnable,"{""ZEALOT"": 2}","{""ZERGLING"": 7}",32b472b9e53aab132375285623a548fa23aed3fb33e650616cd3e458e5c49511
r2_blind_iid_0474,configs/blind_iid/r2_blind_iid_0474.json,blind_iid,zealot_vs_zergling_02,zealot_vs_zergling,False,11,medium,12.5725,OCTAGON,staggered,2,7,200,175,1.1429,hard_winnable,"{""ZEALOT"": 2}","{""ZERGLING"": 7}",cc378e2d84ea2817a7196bffb2e90fdc4d47013f78a075c9d09e5184b04cfe9f
r2_blind_iid_0475,configs/blind_iid/r2_blind_iid_0475.json,blind_iid,zealot_vs_zergling_03,zealot_vs_zergling,False,10,near,8.8919,NARROW,compact,3,9,300,225,1.3333,moderate,"{""ZEALOT"": 3}","{""ZERGLING"": 9}",5b1ebeeabda5d62b8246bb8b7ad4b58d6056edc23d9469be4f4ed464dac75b36
r2_blind_iid_0476,configs/blind_iid/r2_blind_iid_0476.json,blind_iid,zealot_vs_zergling_03,zealot_vs_zergling,False,11,medium,12.9504,OCTAGON,compact,3,9,300,225,1.3333,moderate,"{""ZEALOT"": 3}","{""ZERGLING"": 9}",43d6c55d2b42585ad52aea9324353f5ee9112c804b09c731a37f1afdef0ae1ab
r2_blind_iid_0477,configs/blind_iid/r2_blind_iid_0477.json,blind_iid,zealot_vs_zergling_04,zealot_vs_zergling,False,10,near,8.7658,OCTAGON,split,3,10,300,250,1.2,moderate,"{""ZEALOT"": 3}","{""ZERGLING"": 10}",5e2080bf67b5dec2da0fbb1397d4a9a8ba7b4477d7e94d76f245b5edb284df89
r2_blind_iid_0478,configs/blind_iid/r2_blind_iid_0478.json,blind_iid,zealot_vs_zergling_04,zealot_vs_zergling,False,11,immediate,5.345,SIMPLE,staggered,3,10,300,250,1.2,moderate,"{""ZEALOT"": 3}","{""ZERGLING"": 10}",17df0855191dbc919d0b0c2fec0cfa656be348c1067f0f06692816d1659d0d59
r2_blind_iid_0479,configs/blind_iid/r2_blind_iid_0479.json,blind_iid,zealot_vs_zergling_05,zealot_vs_zergling,False,10,near,8.7438,SIMPLE,type_split,4,10,400,250,1.6,easy,"{""ZEALOT"": 4}","{""ZERGLING"": 10}",3afffc4cc2ac86c1fe09c3e2732af637cfef005645ef3519903bddcf3e396e34
r2_blind_iid_0480,configs/blind_iid/r2_blind_iid_0480.json,blind_iid,zealot_vs_zergling_05,zealot_vs_zergling,False,11,near,8.7199,NARROW,compact,4,10,400,250,1.6,easy,"{""ZEALOT"": 4}","{""ZERGLING"": 10}",efdc87609a97c99af04af8199f87d68857f74d059b613d2acb7748b5aae93e25
r2_blind_iid_0481,configs/blind_iid/r2_blind_iid_0481.json,blind_iid,stalker_vs_zealot_01,stalker_vs_zealot,False,10,medium,12.6808,OCTAGON,split,2,2,250,200,1.25,moderate,"{""STALKER"": 2}","{""ZEALOT"": 2}",46ca5851c39648c48be8c340bec7cf85c788139237e130ed64138152e09ffed6
r2_blind_iid_0482,configs/blind_iid/r2_blind_iid_0482.json,blind_iid,stalker_vs_zealot_01,stalker_vs_zealot,False,11,immediate,5.2511,OCTAGON,staggered,2,2,250,200,1.25,moderate,"{""STALKER"": 2}","{""ZEALOT"": 2}",5cd5be201df41dbd29af7427055d574f120400c25594f989ef52404b71c2ef64
r2_blind_iid_0483,configs/blind_iid/r2_blind_iid_0483.json,blind_iid,stalker_vs_zealot_02,stalker_vs_zealot,False,10,medium,12.8669,OCTAGON,type_split,3,3,375,300,1.25,moderate,"{""STALKER"": 3}","{""ZEALOT"": 3}",909ce9893559d66bb9bc07bbf0e4634b4b4d980d98786f7b68078b5d89a4da75
r2_blind_iid_0484,configs/blind_iid/r2_blind_iid_0484.json,blind_iid,stalker_vs_zealot_02,stalker_vs_zealot,False,11,far,17.228,SIMPLE,compact,3,3,375,300,1.25,moderate,"{""STALKER"": 3}","{""ZEALOT"": 3}",8a9751ffa760e4a5b1bd77bd1a3d188663a37bdb16c908b59dd63b0e4dd7042d
r2_blind_iid_0485,configs/blind_iid/r2_blind_iid_0485.json,blind_iid,stalker_vs_zealot_03,stalker_vs_zealot,False,10,near,8.9443,NARROW,compact,4,4,500,400,1.25,moderate,"{""STALKER"": 4}","{""ZEALOT"": 4}",d0c2eac70976ea943b350ba675e85bd544d36371c14d376509d5857034e44add
r2_blind_iid_0486,configs/blind_iid/r2_blind_iid_0486.json,blind_iid,stalker_vs_zealot_03,stalker_vs_zealot,False,11,medium,12.9638,OCTAGON,staggered,4,4,500,400,1.25,moderate,"{""STALKER"": 4}","{""ZEALOT"": 4}",1f458b4a59166f932a629cc43edd9cd5bfc16baeec18abf86b7c145ef6b47010
r2_blind_iid_0487,configs/blind_iid/r2_blind_iid_0487.json,blind_iid,stalker_vs_zealot_04,stalker_vs_zealot,False,10,far,17.0641,SIMPLE,type_split,5,5,625,500,1.25,moderate,"{""STALKER"": 5}","{""ZEALOT"": 5}",95bb50de3078f3d9f914b3b55ad7a28826b74d2debdcff890e3a19b5c9720892
r2_blind_iid_0488,configs/blind_iid/r2_blind_iid_0488.json,blind_iid,stalker_vs_zealot_04,stalker_vs_zealot,False,11,immediate,5.5748,SIMPLE,compact,5,5,625,500,1.25,moderate,"{""STALKER"": 5}","{""ZEALOT"": 5}",0677092183cf618d203dddd7abeb18fb7bce8f274926d95d11d62aaf3898340c
r2_blind_iid_0489,configs/blind_iid/r2_blind_iid_0489.json,blind_iid,stalker_vs_zealot_05,stalker_vs_zealot,False,10,near,9.0393,SIMPLE,split,6,6,750,600,1.25,moderate,"{""STALKER"": 6}","{""ZEALOT"": 6}",10fc79cbe5cea007640451844337f47f85f0bcd7d2693a488ff53ceee9971724
r2_blind_iid_0490,configs/blind_iid/r2_blind_iid_0490.json,blind_iid,stalker_vs_zealot_05,stalker_vs_zealot,False,11,immediate,5.223,NARROW,compact,6,6,750,600,1.25,moderate,"{""STALKER"": 6}","{""ZEALOT"": 6}",36d92e9209c7949300c23099aa39ad909f92a9958620816ca7d70701fcea7490
r2_blind_iid_0491,configs/blind_iid/r2_blind_iid_0491.json,blind_iid,terran_vs_swarm_01,terran_vs_swarm,False,10,medium,12.7899,OCTAGON,type_split,3,5,200,150,1.3333,moderate,"{""MARAUDER"": 1, ""MARINE"": 2}","{""BANELING"": 1, ""ZERGLING"": 4}",4990820130fd3e7e3646790cbb49d5729147363d55f27cdbb324ab46eaea15dc
r2_blind_iid_0492,configs/blind_iid/r2_blind_iid_0492.json,blind_iid,terran_vs_swarm_01,terran_vs_swarm,False,11,medium,12.8977,OCTAGON,compact,3,5,200,150,1.3333,moderate,"{""MARAUDER"": 1, ""MARINE"": 2}","{""BANELING"": 1, ""ZERGLING"": 4}",84f0fb1cdfa6646b93afda47aac55aeb9807da83174dfb9ebb9021d3cd17675a
r2_blind_iid_0493,configs/blind_iid/r2_blind_iid_0493.json,blind_iid,terran_vs_swarm_02,terran_vs_swarm,False,10,medium,12.7199,OCTAGON,split,4,7,300,200,1.5,easy,"{""MARAUDER"": 2, ""MARINE"": 2}","{""BANELING"": 1, ""ZERGLING"": 6}",909e1b902e6da7955e9b4c2d8e01191c7f616312ccfcfd2971b02c8cad0c9ef5
r2_blind_iid_0494,configs/blind_iid/r2_blind_iid_0494.json,blind_iid,terran_vs_swarm_02,terran_vs_swarm,False,11,near,8.7681,NARROW,compact,4,7,300,200,1.5,easy,"{""MARAUDER"": 2, ""MARINE"": 2}","{""BANELING"": 1, ""ZERGLING"": 6}",d2fa7e38705989727f54453db48d1c12faeb7633adc5a743d235e9d69dedca78
r2_blind_iid_0495,configs/blind_iid/r2_blind_iid_0495.json,blind_iid,terran_vs_swarm_03,terran_vs_swarm,False,10,immediate,5.5947,NARROW,compact,5,8,350,250,1.4,moderate,"{""MARAUDER"": 2, ""MARINE"": 3}","{""BANELING"": 2, ""ZERGLING"": 6}",99d37286205e0d38428a75df00c85b6a62283927ce761b08d0fee2592d5cc58a
r2_blind_iid_0496,configs/blind_iid/r2_blind_iid_0496.json,blind_iid,terran_vs_swarm_03,terran_vs_swarm,False,11,near,8.8231,OCTAGON,compact,5,8,350,250,1.4,moderate,"{""MARAUDER"": 2, ""MARINE"": 3}","{""BANELING"": 2, ""ZERGLING"": 6}",7ce8b4ab336b7ff483c92c0b6b8cebb74552448e47649a35aed47fe236a4a583
r2_blind_iid_0497,configs/blind_iid/r2_blind_iid_0497.json,blind_iid,terran_vs_swarm_04,terran_vs_swarm,False,10,near,8.7346,OCTAGON,split,6,10,400,300,1.3333,moderate,"{""MARAUDER"": 2, ""MARINE"": 4}","{""BANELING"": 2, ""ZERGLING"": 8}",c3e15cd640d72992a8652eb8fc9ce5b76b6b59408ef824800d294d3567f060da
r2_blind_iid_0498,configs/blind_iid/r2_blind_iid_0498.json,blind_iid,terran_vs_swarm_04,terran_vs_swarm,False,11,medium,12.6515,SIMPLE,staggered,6,10,400,300,1.3333,moderate,"{""MARAUDER"": 2, ""MARINE"": 4}","{""BANELING"": 2, ""ZERGLING"": 8}",0ca818c23728ff2576ad934462b19c1cb22e0ac684896f84cc96ac5e5e50ce92
r2_blind_iid_0499,configs/blind_iid/r2_blind_iid_0499.json,blind_iid,terran_vs_swarm_05,terran_vs_swarm,False,10,medium,12.8632,SIMPLE,type_split,8,10,550,325,1.6923,easy,"{""MARAUDER"": 3, ""MARINE"": 5}","{""BANELING"": 3, ""ZERGLING"": 7}",1a7497041890ab71f0deda8b572a8360729a6cb44e21d558f53f085a88818e30
r2_blind_iid_0500,configs/blind_iid/r2_blind_iid_0500.json,blind_iid,terran_vs_swarm_05,terran_vs_swarm,False,11,immediate,5.4534,NARROW,compact,8,10,550,325,1.6923,easy,"{""MARAUDER"": 3, ""MARINE"": 5}","{""BANELING"": 3, ""ZERGLING"": 7}",d2e680f6514e96887d62da694ff1e802fdb8aec919975ead4ee6a01a08651736
r2_blind_iid_0501,configs/blind_iid/r2_blind_iid_0501.json,blind_iid,mmm_mirror_01,mmm_mirror,False,10,far,17.2152,SIMPLE,split,5,4,375,325,1.1538,hard_winnable,"{""MARAUDER"": 1, ""MARINE"": 3, ""MEDIVAC"": 1}","{""MARAUDER"": 1, ""MARINE"": 2, ""MEDIVAC"": 1}",bc5829e0200a1f393bad4a26c273948293294fa4f6ff4b59cc2a7cb0419a0202
r2_blind_iid_0502,configs/blind_iid/r2_blind_iid_0502.json,blind_iid,mmm_mirror_01,mmm_mirror,False,11,near,8.6979,OCTAGON,staggered,5,4,375,325,1.1538,hard_winnable,"{""MARAUDER"": 1, ""MARINE"": 3, ""MEDIVAC"": 1}","{""MARAUDER"": 1, ""MARINE"": 2, ""MEDIVAC"": 1}",b23783f9fe27c90cf0cabe2423f08f790d2aa38151e9f2f3a8d1f02086cd6f33
r2_blind_iid_0503,configs/blind_iid/r2_blind_iid_0503.json,blind_iid,mmm_mirror_02,mmm_mirror,False,10,near,8.7145,OCTAGON,type_split,6,5,475,375,1.2667,moderate,"{""MARAUDER"": 2, ""MARINE"": 3, ""MEDIVAC"": 1}","{""MARAUDER"": 1, ""MARINE"": 3, ""MEDIVAC"": 1}",ab9d78c96d6f90683bce6b03c0acf6167bb3bd660248e309c0f05468075aeed6
r2_blind_iid_0504,configs/blind_iid/r2_blind_iid_0504.json,blind_iid,mmm_mirror_02,mmm_mirror,False,11,medium,12.692,OCTAGON,compact,6,5,475,375,1.2667,moderate,"{""MARAUDER"": 2, ""MARINE"": 3, ""MEDIVAC"": 1}","{""MARAUDER"": 1, ""MARINE"": 3, ""MEDIVAC"": 1}",09ec474c94df080ed48e11566a9c2764bd1ed81b048ec9970faffb1ce01c3d9b
r2_blind_iid_0505,configs/blind_iid/r2_blind_iid_0505.json,blind_iid,mmm_mirror_03,mmm_mirror,False,10,medium,12.7283,OCTAGON,split,7,6,525,475,1.1053,hard_winnable,"{""MARAUDER"": 2, ""MARINE"": 4, ""MEDIVAC"": 1}","{""MARAUDER"": 2, ""MARINE"": 3, ""MEDIVAC"": 1}",d7fd966105bcb812b7f506a8b70a029c59dd231dbe92cb9ebfd61863bb48780f
r2_blind_iid_0506,configs/blind_iid/r2_blind_iid_0506.json,blind_iid,mmm_mirror_03,mmm_mirror,False,11,medium,12.7264,OCTAGON,staggered,7,6,525,475,1.1053,hard_winnable,"{""MARAUDER"": 2, ""MARINE"": 4, ""MEDIVAC"": 1}","{""MARAUDER"": 2, ""MARINE"": 3, ""MEDIVAC"": 1}",cb81801113da3a31231e0041cc8e633d3afd8b16a54bace3ed15db1bdbc6eef8
r2_blind_iid_0507,configs/blind_iid/r2_blind_iid_0507.json,blind_iid,mmm_mirror_04,mmm_mirror,False,10,immediate,5.3844,OCTAGON,type_split,8,7,625,525,1.1905,hard_winnable,"{""MARAUDER"": 3, ""MARINE"": 4, ""MEDIVAC"": 1}","{""MARAUDER"": 2, ""MARINE"": 4, ""MEDIVAC"": 1}",bd5237068cfe1bb59a3f759b78f4df13ab069f16ca4cf7e7bf5d9867dc4c3409
r2_blind_iid_0508,configs/blind_iid/r2_blind_iid_0508.json,blind_iid,mmm_mirror_04,mmm_mirror,False,11,near,8.69,SIMPLE,compact,8,7,625,525,1.1905,hard_winnable,"{""MARAUDER"": 3, ""MARINE"": 4, ""MEDIVAC"": 1}","{""MARAUDER"": 2, ""MARINE"": 4, ""MEDIVAC"": 1}",7227ea825bb169f47432a3d45d66bfe6e234db01200d38838237400c1d02a501
r2_blind_iid_0509,configs/blind_iid/r2_blind_iid_0509.json,blind_iid,mmm_mirror_05,mmm_mirror,False,10,medium,12.8109,SIMPLE,split,9,8,675,625,1.08,hard_winnable,"{""MARAUDER"": 3, ""MARINE"": 5, ""MEDIVAC"": 1}","{""MARAUDER"": 3, ""MARINE"": 4, ""MEDIVAC"": 1}",7d3d2b75a032b982e6652ea78fccc44337d73d93b4620875d078a767a7244dfc
r2_blind_iid_0510,configs/blind_iid/r2_blind_iid_0510.json,blind_iid,mmm_mirror_05,mmm_mirror,False,11,immediate,5.6154,NARROW,compact,9,8,675,625,1.08,hard_winnable,"{""MARAUDER"": 3, ""MARINE"": 5, ""MEDIVAC"": 1}","{""MARAUDER"": 3, ""MARINE"": 4, ""MEDIVAC"": 1}",85101560d86be1e93b24e157f73bdf4398971b7a023af18d46a1651ec96ae5ea
r2_blind_iid_0511,configs/blind_iid/r2_blind_iid_0511.json,blind_iid,stalker_zealot_mirror_01,stalker_zealot_mirror,False,10,medium,12.907,OCTAGON,type_split,4,3,450,350,1.2857,moderate,"{""STALKER"": 2, ""ZEALOT"": 2}","{""STALKER"": 2, ""ZEALOT"": 1}",eca12187193838447a9008429d5bf75f07dab90299afef79e0fcd394f0557a04
r2_blind_iid_0512,configs/blind_iid/r2_blind_iid_0512.json,blind_iid,stalker_zealot_mirror_01,stalker_zealot_mirror,False,11,near,8.8935,OCTAGON,compact,4,3,450,350,1.2857,moderate,"{""STALKER"": 2, ""ZEALOT"": 2}","{""STALKER"": 2, ""ZEALOT"": 1}",3d383ddeb2d03f4cf9ebfe93174477d1f82cb7fc55341a2c72752254b93d0bf7
r2_blind_iid_0513,configs/blind_iid/r2_blind_iid_0513.json,blind_iid,stalker_zealot_mirror_02,stalker_zealot_mirror,False,10,medium,12.9689,OCTAGON,split,5,4,575,450,1.2778,moderate,"{""STALKER"": 3, ""ZEALOT"": 2}","{""STALKER"": 2, ""ZEALOT"": 2}",9d7c68bbddae4a024f1cf7ba3e413e4172e0bbd637ebedc78462aab8732acf8b
r2_blind_iid_0514,configs/blind_iid/r2_blind_iid_0514.json,blind_iid,stalker_zealot_mirror_02,stalker_zealot_mirror,False,11,medium,12.5545,OCTAGON,staggered,5,4,575,450,1.2778,moderate,"{""STALKER"": 3, ""ZEALOT"": 2}","{""STALKER"": 2, ""ZEALOT"": 2}",1076cd61c6252790426ded8c91c6be031b25e4639942987a12bf1a6200f5f68a
r2_blind_iid_0515,configs/blind_iid/r2_blind_iid_0515.json,blind_iid,stalker_zealot_mirror_03,stalker_zealot_mirror,False,10,near,9.0458,NARROW,compact,6,5,675,575,1.1739,hard_winnable,"{""STALKER"": 3, ""ZEALOT"": 3}","{""STALKER"": 3, ""ZEALOT"": 2}",e3e6c72e85bded7aee609482a02c0ce0642eb54d63254ee0d84f708e0d8c942f
r2_blind_iid_0516,configs/blind_iid/r2_blind_iid_0516.json,blind_iid,stalker_zealot_mirror_03,stalker_zealot_mirror,False,11,immediate,5.2104,OCTAGON,compact,6,5,675,575,1.1739,hard_winnable,"{""STALKER"": 3, ""ZEALOT"": 3}","{""STALKER"": 3, ""ZEALOT"": 2}",1067ebe732849118eee4232b2f0734bdc4615a089bb4a54f3374d3b603c67300
r2_blind_iid_0517,configs/blind_iid/r2_blind_iid_0517.json,blind_iid,stalker_zealot_mirror_04,stalker_zealot_mirror,False,10,far,16.8414,SIMPLE,split,7,6,800,675,1.1852,hard_winnable,"{""STALKER"": 4, ""ZEALOT"": 3}","{""STALKER"": 3, ""ZEALOT"": 3}",debb3d4966d76d61f99fa7cd072b4b919e41e1f2a0db53c58ac05254bac7d8b4
r2_blind_iid_0518,configs/blind_iid/r2_blind_iid_0518.json,blind_iid,stalker_zealot_mirror_04,stalker_zealot_mirror,False,11,medium,12.7912,SIMPLE,staggered,7,6,800,675,1.1852,hard_winnable,"{""STALKER"": 4, ""ZEALOT"": 3}","{""STALKER"": 3, ""ZEALOT"": 3}",fcf8c680b3340a4e7e75de64bffb4c4349f45587028c9c442b1fd40017c2fd62
r2_blind_iid_0519,configs/blind_iid/r2_blind_iid_0519.json,blind_iid,stalker_zealot_mirror_05,stalker_zealot_mirror,False,10,near,8.6203,SIMPLE,type_split,9,8,1025,900,1.1389,hard_winnable,"{""STALKER"": 5, ""ZEALOT"": 4}","{""STALKER"": 4, ""ZEALOT"": 4}",10cee8f4ac813482211305847217b31e0e47deb661a438bd21fc30e6e9f211ce
r2_blind_iid_0520,configs/blind_iid/r2_blind_iid_0520.json,blind_iid,stalker_zealot_mirror_05,stalker_zealot_mirror,False,11,immediate,5.2373,NARROW,compact,9,8,1025,900,1.1389,hard_winnable,"{""STALKER"": 5, ""ZEALOT"": 4}","{""STALKER"": 4, ""ZEALOT"": 4}",4c15ce258dd36cb2dec8e765799b85a9449dca1b40e74a4c04efed54044ef1d0
r2_blind_iid_0521,configs/blind_iid/r2_blind_iid_0521.json,blind_iid,stalker_colossus_vs_swarm_01,stalker_colossus_vs_swarm,False,10,near,9.0148,NARROW,compact,2,10,425,350,1.2143,moderate,"{""COLOSSUS"": 1, ""STALKER"": 1}","{""BANELING"": 4, ""ZERGLING"": 6}",ed3afe1c0941d71d6d75a6fc64b0cfab26c28c5538c606f019d613eea8c5160a
r2_blind_iid_0522,configs/blind_iid/r2_blind_iid_0522.json,blind_iid,stalker_colossus_vs_swarm_01,stalker_colossus_vs_swarm,False,11,immediate,5.454,OCTAGON,staggered,2,10,425,350,1.2143,moderate,"{""COLOSSUS"": 1, ""STALKER"": 1}","{""BANELING"": 4, ""ZERGLING"": 6}",2a0fe59f79491595e08152324cc49422cf064a99c0552721500411ff59b26327
r2_blind_iid_0523,configs/blind_iid/r2_blind_iid_0523.json,blind_iid,stalker_colossus_vs_swarm_02,stalker_colossus_vs_swarm,False,10,medium,12.998,OCTAGON,type_split,2,10,425,400,1.0625,hard_winnable,"{""COLOSSUS"": 1, ""STALKER"": 1}","{""BANELING"": 6, ""ZERGLING"": 4}",2a1d8d0d1583480cb413f0d8855f9ddecfd97bbc0e75609479069a7c83a9b943
r2_blind_iid_0524,configs/blind_iid/r2_blind_iid_0524.json,blind_iid,stalker_colossus_vs_swarm_02,stalker_colossus_vs_swarm,False,11,immediate,5.4502,NARROW,compact,2,10,425,400,1.0625,hard_winnable,"{""COLOSSUS"": 1, ""STALKER"": 1}","{""BANELING"": 6, ""ZERGLING"": 4}",554079ad1b542688d62bf9e6fddf6cbe9bc254ab91d91a4a05db3ac19cdd7593
r2_blind_iid_0525,configs/blind_iid/r2_blind_iid_0525.json,blind_iid,stalker_colossus_vs_swarm_03,stalker_colossus_vs_swarm,False,10,immediate,5.2378,NARROW,split,3,10,550,450,1.2222,moderate,"{""COLOSSUS"": 1, ""STALKER"": 2}","{""BANELING"": 8, ""ZERGLING"": 2}",4b5fb4de296c8adc182c260ccecf18108f0e4b06fcc73c0532ebf3de297ba16e
r2_blind_iid_0526,configs/blind_iid/r2_blind_iid_0526.json,blind_iid,stalker_colossus_vs_swarm_03,stalker_colossus_vs_swarm,False,11,near,8.6238,OCTAGON,staggered,3,10,550,450,1.2222,moderate,"{""COLOSSUS"": 1, ""STALKER"": 2}","{""BANELING"": 8, ""ZERGLING"": 2}",fcd39ebf4830932c772dc48e259e02bee307a2e86e22996a43ca86f711a46bc0
r2_blind_iid_0527,configs/blind_iid/r2_blind_iid_0527.json,blind_iid,stalker_colossus_vs_swarm_04,stalker_colossus_vs_swarm,False,10,far,17.021,SIMPLE,type_split,3,10,725,500,1.45,moderate,"{""COLOSSUS"": 2, ""STALKER"": 1}","{""BANELING"": 10}",fa931b13037d77317f0d63563bb1bc12ae3bf0d3d3054b00502fb3afa17e8c7b
r2_blind_iid_0528,configs/blind_iid/r2_blind_iid_0528.json,blind_iid,stalker_colossus_vs_swarm_04,stalker_colossus_vs_swarm,False,11,near,8.6018,SIMPLE,compact,3,10,725,500,1.45,moderate,"{""COLOSSUS"": 2, ""STALKER"": 1}","{""BANELING"": 10}",1f8535a82084f9f9ac2d04a73e5cc68c222b61cf99dc4260438d57bec8c8220f
r2_blind_iid_0529,configs/blind_iid/r2_blind_iid_0529.json,blind_iid,stalker_colossus_vs_swarm_05,stalker_colossus_vs_swarm,False,10,far,17.0,SIMPLE,split,4,10,850,500,1.7,easy,"{""COLOSSUS"": 2, ""STALKER"": 2}","{""BANELING"": 10}",8fbb4a99fc3f953f97818fe5526a65927b8b639fb679cf32be6ad04dfb87bb51
r2_blind_iid_0530,configs/blind_iid/r2_blind_iid_0530.json,blind_iid,stalker_colossus_vs_swarm_05,stalker_colossus_vs_swarm,False,11,immediate,5.4815,NARROW,compact,4,10,850,500,1.7,easy,"{""COLOSSUS"": 2, ""STALKER"": 2}","{""BANELING"": 10}",97624e39fc72cbb13eac03e1263412f7888823daa5c004f90835ff9bf38a4b28
r2_blind_iid_0531,configs/blind_iid/r2_blind_iid_0531.json,blind_iid,stalker_vs_spine_01,stalker_vs_spine,False,10,medium,12.5614,OCTAGON,type_split,2,1,250,175,1.4286,moderate,"{""STALKER"": 2}","{""SPINE_CRAWLER"": 1}",a0883754ac86084dd24e8e3f9596c6ccc6d0c4db7c885d3f12148e87b516ea61
r2_blind_iid_0532,configs/blind_iid/r2_blind_iid_0532.json,blind_iid,stalker_vs_spine_01,stalker_vs_spine,False,11,medium,12.6535,OCTAGON,compact,2,1,250,175,1.4286,moderate,"{""STALKER"": 2}","{""SPINE_CRAWLER"": 1}",b1f879007812f92e0e41231f50589cf7a55e9e4f94038b6717acf2c8a6bb999d
r2_blind_iid_0533,configs/blind_iid/r2_blind_iid_0533.json,blind_iid,stalker_vs_spine_02,stalker_vs_spine,False,10,near,8.979,OCTAGON,split,4,2,500,350,1.4286,moderate,"{""STALKER"": 4}","{""SPINE_CRAWLER"": 2}",ae6ca9f323119b6b311eb2b4d96d16b773df0e23f3b45a12a59f5852369aeb90
r2_blind_iid_0534,configs/blind_iid/r2_blind_iid_0534.json,blind_iid,stalker_vs_spine_02,stalker_vs_spine,False,11,medium,12.8218,OCTAGON,staggered,4,2,500,350,1.4286,moderate,"{""STALKER"": 4}","{""SPINE_CRAWLER"": 2}",4a116c3c223c413bec6f49e1d6c6d5fa28a6d99e4aae34e379913bc9e8c42a7e
r2_blind_iid_0535,configs/blind_iid/r2_blind_iid_0535.json,blind_iid,stalker_vs_spine_03,stalker_vs_spine,False,10,near,8.6208,NARROW,compact,5,3,625,525,1.1905,hard_winnable,"{""STALKER"": 5}","{""SPINE_CRAWLER"": 3}",9f46ee1fa61a4ce2ae7caeb01d7444380782de00d3cc88c9c11064ba3162522a
r2_blind_iid_0536,configs/blind_iid/r2_blind_iid_0536.json,blind_iid,stalker_vs_spine_03,stalker_vs_spine,False,11,near,8.5738,OCTAGON,compact,5,3,625,525,1.1905,hard_winnable,"{""STALKER"": 5}","{""SPINE_CRAWLER"": 3}",7338ff0373d96280a77b240bf6d2e4826040e9668ddea8970920d7fdcc006158
r2_blind_iid_0537,configs/blind_iid/r2_blind_iid_0537.json,blind_iid,stalker_vs_spine_04,stalker_vs_spine,False,10,immediate,5.2618,OCTAGON,split,7,4,875,700,1.25,moderate,"{""STALKER"": 7}","{""SPINE_CRAWLER"": 4}",e11bfc0629870a80bd81a6fa9fa8e6670b219a145bfee1b579532ca97871de32
r2_blind_iid_0538,configs/blind_iid/r2_blind_iid_0538.json,blind_iid,stalker_vs_spine_04,stalker_vs_spine,False,11,far,17.2421,SIMPLE,staggered,7,4,875,700,1.25,moderate,"{""STALKER"": 7}","{""SPINE_CRAWLER"": 4}",49ac9c699a72958d6643d6bb96b7a0407a2e371262c2b3b4cfbb22bb07735874
r2_blind_iid_0539,configs/blind_iid/r2_blind_iid_0539.json,blind_iid,stalker_vs_spine_05,stalker_vs_spine,False,10,far,17.0365,SIMPLE,type_split,9,5,1125,875,1.2857,moderate,"{""STALKER"": 9}","{""SPINE_CRAWLER"": 5}",d03a3ee7b88a027ec6ed76f87b50c1bc611044dc2f075b412fe5fbff7674f69d
r2_blind_iid_0540,configs/blind_iid/r2_blind_iid_0540.json,blind_iid,stalker_vs_spine_05,stalker_vs_spine,False,11,near,8.7676,NARROW,compact,9,5,1125,875,1.2857,moderate,"{""STALKER"": 9}","{""SPINE_CRAWLER"": 5}",e776201d7cfc2e771497893235526775784df06fe4c8f47ba4873a0d79a7180d
r2_blind_iid_0541,configs/blind_iid/r2_blind_iid_0541.json,blind_iid,zealot_colossus_vs_terran_01,zealot_colossus_vs_terran,False,10,near,8.9118,NARROW,compact,3,4,500,300,1.6667,easy,"{""COLOSSUS"": 1, ""ZEALOT"": 2}","{""MARAUDER"": 2, ""MARINE"": 2}",f46cdaf8232ee804fa699e0fecb8f8fd239431ce30937ef0812c34c41c458b95
r2_blind_iid_0542,configs/blind_iid/r2_blind_iid_0542.json,blind_iid,zealot_colossus_vs_terran_01,zealot_colossus_vs_terran,False,11,far,16.7559,SIMPLE,staggered,3,4,500,300,1.6667,easy,"{""COLOSSUS"": 1, ""ZEALOT"": 2}","{""MARAUDER"": 2, ""MARINE"": 2}",42d09735f8ca524734a341c199379836e51ce0298067b0506dd59de2585e5b16
r2_blind_iid_0543,configs/blind_iid/r2_blind_iid_0543.json,blind_iid,zealot_colossus_vs_terran_02,zealot_colossus_vs_terran,False,10,near,8.8441,OCTAGON,type_split,3,5,500,350,1.4286,moderate,"{""COLOSSUS"": 1, ""ZEALOT"": 2}","{""MARAUDER"": 2, ""MARINE"": 3}",af424289c7d16c02ad5b840e7ed8cd4b5ce071fd3cc8780c9fbc9bbe26efc793
r2_blind_iid_0544,configs/blind_iid/r2_blind_iid_0544.json,blind_iid,zealot_colossus_vs_terran_02,zealot_colossus_vs_terran,False,11,medium,12.7436,OCTAGON,compact,3,5,500,350,1.4286,moderate,"{""COLOSSUS"": 1, ""ZEALOT"": 2}","{""MARAUDER"": 2, ""MARINE"": 3}",e8ae6c5d5047e7e84e2edbbaaf26683d737686268bfaa6c02d7f6c4dbd382632
r2_blind_iid_0545,configs/blind_iid/r2_blind_iid_0545.json,blind_iid,zealot_colossus_vs_terran_03,zealot_colossus_vs_terran,False,10,immediate,5.4541,NARROW,compact,4,6,600,400,1.5,easy,"{""COLOSSUS"": 1, ""ZEALOT"": 3}","{""MARAUDER"": 2, ""MARINE"": 4}",f14061e1e7688d77b3f176f46a222dc438873c58b0d3ce4c8c908043eee30e7b
r2_blind_iid_0546,configs/blind_iid/r2_blind_iid_0546.json,blind_iid,zealot_colossus_vs_terran_03,zealot_colossus_vs_terran,False,11,immediate,5.2259,OCTAGON,staggered,4,6,600,400,1.5,easy,"{""COLOSSUS"": 1, ""ZEALOT"": 3}","{""MARAUDER"": 2, ""MARINE"": 4}",76481e5f4bbb52e76937b272d97ebb61dea4d02b6210f3ce2c57517e9e3ea0a7
r2_blind_iid_0547,configs/blind_iid/r2_blind_iid_0547.json,blind_iid,zealot_colossus_vs_terran_04,zealot_colossus_vs_terran,False,10,far,16.836,SIMPLE,type_split,5,8,900,550,1.6364,easy,"{""COLOSSUS"": 2, ""ZEALOT"": 3}","{""MARAUDER"": 3, ""MARINE"": 5}",8693639caf0a6b31dde6c4645d787b45bb2f92c969189fc9c5dd98656d637e41
r2_blind_iid_0548,configs/blind_iid/r2_blind_iid_0548.json,blind_iid,zealot_colossus_vs_terran_04,zealot_colossus_vs_terran,False,11,medium,12.9404,SIMPLE,compact,5,8,900,550,1.6364,easy,"{""COLOSSUS"": 2, ""ZEALOT"": 3}","{""MARAUDER"": 3, ""MARINE"": 5}",e924044ea2e8a519c51cf15ca3421b4367991ce343cef4338950e134d0e5f5de
r2_blind_iid_0549,configs/blind_iid/r2_blind_iid_0549.json,blind_iid,zealot_colossus_vs_terran_05,zealot_colossus_vs_terran,False,10,immediate,5.4098,SIMPLE,split,6,9,1000,650,1.5385,easy,"{""COLOSSUS"": 2, ""ZEALOT"": 4}","{""MARAUDER"": 4, ""MARINE"": 5}",a14ede2c5a0c5589958166f25ea85fe5ca5b755c84c511821510894b9dba562b
r2_blind_iid_0550,configs/blind_iid/r2_blind_iid_0550.json,blind_iid,zealot_colossus_vs_terran_05,zealot_colossus_vs_terran,False,11,medium,12.7536,OCTAGON,staggered,6,9,1000,650,1.5385,easy,"{""COLOSSUS"": 2, ""ZEALOT"": 4}","{""MARAUDER"": 4, ""MARINE"": 5}",27aaab546dbe94becc6a3c9341f567f507657fe1b8b8acd1a9ba51c5b6c1d942
r2_blind_compositional_0551,configs/blind_compositional/r2_blind_compositional_0551.json,blind_compositional,full_protoss_vs_mmm_01,full_protoss_vs_mmm,True,1,far,17.0396,SIMPLE,type_split,5,6,750,475,1.5789,easy,"{""COLOSSUS"": 1, ""STALKER"": 2, ""ZEALOT"": 2}","{""MARAUDER"": 2, ""MARINE"": 3, ""MEDIVAC"": 1}",33132b44f57c1ac73b915133e6c372da95a5bedc02d371adbcc2dcfe1af43b45
r2_blind_compositional_0552,configs/blind_compositional/r2_blind_compositional_0552.json,blind_compositional,full_protoss_vs_mmm_01,full_protoss_vs_mmm,True,2,near,8.6483,SIMPLE,compact,5,6,750,475,1.5789,easy,"{""COLOSSUS"": 1, ""STALKER"": 2, ""ZEALOT"": 2}","{""MARAUDER"": 2, ""MARINE"": 3, ""MEDIVAC"": 1}",0f6328434ef018f330a341a5dc58e0ff4e4aeb13a6342eafef3ec2c0e1eb1a0a
r2_blind_compositional_0553,configs/blind_compositional/r2_blind_compositional_0553.json,blind_compositional,full_protoss_vs_mmm_01,full_protoss_vs_mmm,True,3,immediate,5.4885,OCTAGON,split,5,6,750,475,1.5789,easy,"{""COLOSSUS"": 1, ""STALKER"": 2, ""ZEALOT"": 2}","{""MARAUDER"": 2, ""MARINE"": 3, ""MEDIVAC"": 1}",611b0e186b6b7fb72f7fa3b811a9abd8126a442f869f3d9c3811d65c0ff92840
r2_blind_compositional_0554,configs/blind_compositional/r2_blind_compositional_0554.json,blind_compositional,full_protoss_vs_mmm_01,full_protoss_vs_mmm,True,4,far,17.2353,SIMPLE,staggered,5,6,750,475,1.5789,easy,"{""COLOSSUS"": 1, ""STALKER"": 2, ""ZEALOT"": 2}","{""MARAUDER"": 2, ""MARINE"": 3, ""MEDIVAC"": 1}",bcf2899300a890f6d31d2922908cd84231b709570a300913d02dc3541da1245e
r2_blind_compositional_0555,configs/blind_compositional/r2_blind_compositional_0555.json,blind_compositional,full_protoss_vs_mmm_01,full_protoss_vs_mmm,True,5,far,16.8089,SIMPLE,type_split,5,6,750,475,1.5789,easy,"{""COLOSSUS"": 1, ""STALKER"": 2, ""ZEALOT"": 2}","{""MARAUDER"": 2, ""MARINE"": 3, ""MEDIVAC"": 1}",5f4715a21a7421c1a5b9d9e93f8c40002b3c073baf90231ec40551456c2b0a35
r2_blind_compositional_0556,configs/blind_compositional/r2_blind_compositional_0556.json,blind_compositional,full_protoss_vs_mmm_02,full_protoss_vs_mmm,True,1,medium,12.9121,SIMPLE,compact,7,8,975,625,1.56,easy,"{""COLOSSUS"": 1, ""STALKER"": 3, ""ZEALOT"": 3}","{""MARAUDER"": 3, ""MARINE"": 4, ""MEDIVAC"": 1}",82e91cc05dc0f1924d7499866f9028baaea733747782a734916705c39d2e7ff6
r2_blind_compositional_0557,configs/blind_compositional/r2_blind_compositional_0557.json,blind_compositional,full_protoss_vs_mmm_02,full_protoss_vs_mmm,True,2,far,16.8987,SIMPLE,split,7,8,975,625,1.56,easy,"{""COLOSSUS"": 1, ""STALKER"": 3, ""ZEALOT"": 3}","{""MARAUDER"": 3, ""MARINE"": 4, ""MEDIVAC"": 1}",b13a5f41645f40530dc594cb9449f028c36fa309d463d830b859fd3f7164b411
r2_blind_compositional_0558,configs/blind_compositional/r2_blind_compositional_0558.json,blind_compositional,full_protoss_vs_mmm_02,full_protoss_vs_mmm,True,3,immediate,5.4242,NARROW,compact,7,8,975,625,1.56,easy,"{""COLOSSUS"": 1, ""STALKER"": 3, ""ZEALOT"": 3}","{""MARAUDER"": 3, ""MARINE"": 4, ""MEDIVAC"": 1}",c25e7588f206f9f31f9e9f0362bc15d8c8a9a4eb2ef03ab85cabdff55f908081
r2_blind_compositional_0559,configs/blind_compositional/r2_blind_compositional_0559.json,blind_compositional,full_protoss_vs_mmm_02,full_protoss_vs_mmm,True,4,immediate,5.2943,OCTAGON,type_split,7,8,975,625,1.56,easy,"{""COLOSSUS"": 1, ""STALKER"": 3, ""ZEALOT"": 3}","{""MARAUDER"": 3, ""MARINE"": 4, ""MEDIVAC"": 1}",a18bd44f6a2c6c87c8be4fad3c42ba4fcf125c04ca959a2727ae9905c13a857b
r2_blind_compositional_0560,configs/blind_compositional/r2_blind_compositional_0560.json,blind_compositional,full_protoss_vs_mmm_02,full_protoss_vs_mmm,True,5,near,8.9308,NARROW,compact,7,8,975,625,1.56,easy,"{""COLOSSUS"": 1, ""STALKER"": 3, ""ZEALOT"": 3}","{""MARAUDER"": 3, ""MARINE"": 4, ""MEDIVAC"": 1}",53f2946bfc3a170975fe818fb0fdf95961d7a9c9d796375fd4c8e4d3cfe7f3bb
r2_blind_compositional_0561,configs/blind_compositional/r2_blind_compositional_0561.json,blind_compositional,stalker_zealot_vs_swarm_01,stalker_zealot_vs_swarm,True,1,near,8.6966,OCTAGON,split,4,9,450,300,1.5,easy,"{""STALKER"": 2, ""ZEALOT"": 2}","{""BANELING"": 3, ""ZERGLING"": 6}",00b9a1e6ab8bddd709651595a99bb2a8d281e7bec4ffcbfb037c7f193ce51595
r2_blind_compositional_0562,configs/blind_compositional/r2_blind_compositional_0562.json,blind_compositional,stalker_zealot_vs_swarm_01,stalker_zealot_vs_swarm,True,2,near,8.9173,SIMPLE,staggered,4,9,450,300,1.5,easy,"{""STALKER"": 2, ""ZEALOT"": 2}","{""BANELING"": 3, ""ZERGLING"": 6}",3fd7e287d6120cd94ea42281199a4f670f33731244262af1b873c81f147381e3
r2_blind_compositional_0563,configs/blind_compositional/r2_blind_compositional_0563.json,blind_compositional,stalker_zealot_vs_swarm_01,stalker_zealot_vs_swarm,True,3,near,8.5655,OCTAGON,type_split,4,9,450,300,1.5,easy,"{""STALKER"": 2, ""ZEALOT"": 2}","{""BANELING"": 3, ""ZERGLING"": 6}",5328319bc4a7bb3e4a8852db9a5837af4386420490e43b44fe11bed1942ba5b4
r2_blind_compositional_0564,configs/blind_compositional/r2_blind_compositional_0564.json,blind_compositional,stalker_zealot_vs_swarm_01,stalker_zealot_vs_swarm,True,4,medium,12.818,OCTAGON,compact,4,9,450,300,1.5,easy,"{""STALKER"": 2, ""ZEALOT"": 2}","{""BANELING"": 3, ""ZERGLING"": 6}",6233b151115d35121e09b1394429ee4c55af2168ca20de901487b9ef4eaeafaa
r2_blind_compositional_0565,configs/blind_compositional/r2_blind_compositional_0565.json,blind_compositional,stalker_zealot_vs_swarm_01,stalker_zealot_vs_swarm,True,5,near,8.87,SIMPLE,split,4,9,450,300,1.5,easy,"{""STALKER"": 2, ""ZEALOT"": 2}","{""BANELING"": 3, ""ZERGLING"": 6}",82aa5f8dfbecc53a73f1d4d777868f4dc0efb19ea5250f18096f1ca9bec8735b
r2_blind_compositional_0566,configs/blind_compositional/r2_blind_compositional_0566.json,blind_compositional,stalker_zealot_vs_swarm_02,stalker_zealot_vs_swarm,True,1,near,8.6398,SIMPLE,staggered,6,10,675,400,1.6875,easy,"{""STALKER"": 3, ""ZEALOT"": 3}","{""BANELING"": 6, ""ZERGLING"": 4}",cab65a94023c56df152f62cdf231dce2d54ad898030e2fa6205d59e5b881ba6e
r2_blind_compositional_0567,configs/blind_compositional/r2_blind_compositional_0567.json,blind_compositional,stalker_zealot_vs_swarm_02,stalker_zealot_vs_swarm,True,2,far,17.2211,SIMPLE,type_split,6,10,675,400,1.6875,easy,"{""STALKER"": 3, ""ZEALOT"": 3}","{""BANELING"": 6, ""ZERGLING"": 4}",7b7af81bb7de7a55032f5bd664f8eeb83c91b0e38a086a06cb9d46a06d989e7c
r2_blind_compositional_0568,configs/blind_compositional/r2_blind_compositional_0568.json,blind_compositional,stalker_zealot_vs_swarm_02,stalker_zealot_vs_swarm,True,3,near,8.854,NARROW,compact,6,10,675,400,1.6875,easy,"{""STALKER"": 3, ""ZEALOT"": 3}","{""BANELING"": 6, ""ZERGLING"": 4}",9f429ab72f2b55e14b5bf821a22a916fdf822c66c59757697d7f4a5d111a9aa4
r2_blind_compositional_0569,configs/blind_compositional/r2_blind_compositional_0569.json,blind_compositional,stalker_zealot_vs_swarm_02,stalker_zealot_vs_swarm,True,4,immediate,5.4596,OCTAGON,split,6,10,675,400,1.6875,easy,"{""STALKER"": 3, ""ZEALOT"": 3}","{""BANELING"": 6, ""ZERGLING"": 4}",eca0992d9f2afe82825a8aaeb5aef5b47b9aeeb9443735c85fa4c32839135aeb
r2_blind_compositional_0570,configs/blind_compositional/r2_blind_compositional_0570.json,blind_compositional,stalker_zealot_vs_swarm_02,stalker_zealot_vs_swarm,True,5,near,8.867,NARROW,compact,6,10,675,400,1.6875,easy,"{""STALKER"": 3, ""ZEALOT"": 3}","{""BANELING"": 6, ""ZERGLING"": 4}",c631bf5f74d3b2abf31e30864dbc9099a83fb58eaba227a7dd38a2984a9ed1d7
r2_blind_compositional_0571,configs/blind_compositional/r2_blind_compositional_0571.json,blind_compositional,marine_medivac_vs_swarm_01,marine_medivac_vs_swarm,True,1,near,8.9362,OCTAGON,type_split,5,9,325,300,1.0833,hard_winnable,"{""MARINE"": 4, ""MEDIVAC"": 1}","{""BANELING"": 2, ""MARINE"": 1, ""ZERGLING"": 6}",3d29d65611fbfe3f1aa9441e2c51c2495ecd4325b16080dfe26fc9fdf2787b18
r2_blind_compositional_0572,configs/blind_compositional/r2_blind_compositional_0572.json,blind_compositional,marine_medivac_vs_swarm_01,marine_medivac_vs_swarm,True,2,near,8.9969,SIMPLE,compact,5,9,325,300,1.0833,hard_winnable,"{""MARINE"": 4, ""MEDIVAC"": 1}","{""BANELING"": 2, ""MARINE"": 1, ""ZERGLING"": 6}",e7deba6f0f556a1ee5ffeb18c39d9d421367de6f5ccf277de1f705bf85ac0a43
r2_blind_compositional_0573,configs/blind_compositional/r2_blind_compositional_0573.json,blind_compositional,marine_medivac_vs_swarm_01,marine_medivac_vs_swarm,True,3,medium,12.656,OCTAGON,split,5,9,325,300,1.0833,hard_winnable,"{""MARINE"": 4, ""MEDIVAC"": 1}","{""BANELING"": 2, ""MARINE"": 1, ""ZERGLING"": 6}",539fe057eda74e16674682a78d2305ef6ad35e59efc3a5c33aea7083db677ed9
r2_blind_compositional_0574,configs/blind_compositional/r2_blind_compositional_0574.json,blind_compositional,marine_medivac_vs_swarm_01,marine_medivac_vs_swarm,True,4,immediate,5.6099,NARROW,compact,5,9,325,300,1.0833,hard_winnable,"{""MARINE"": 4, ""MEDIVAC"": 1}","{""BANELING"": 2, ""MARINE"": 1, ""ZERGLING"": 6}",49d9cf95adb1c47d19dcb6ef371be7665a082e11e25d1b2ca7466e534a92802e
r2_blind_compositional_0575,configs/blind_compositional/r2_blind_compositional_0575.json,blind_compositional,marine_medivac_vs_swarm_01,marine_medivac_vs_swarm,True,5,medium,12.5789,SIMPLE,type_split,5,9,325,300,1.0833,hard_winnable,"{""MARINE"": 4, ""MEDIVAC"": 1}","{""BANELING"": 2, ""MARINE"": 1, ""ZERGLING"": 6}",99e135e197a5b9c4120682a14ed8b0c5c818abc552f28ac0adde1bd933ccbaf7
r2_blind_compositional_0576,configs/blind_compositional/r2_blind_compositional_0576.json,blind_compositional,marine_medivac_vs_swarm_02,marine_medivac_vs_swarm,True,1,medium,12.5864,SIMPLE,compact,7,10,425,350,1.2143,moderate,"{""MARINE"": 6, ""MEDIVAC"": 1}","{""BANELING"": 3, ""MARINE"": 1, ""ZERGLING"": 6}",a3e2557a701d2f126959866c930bef5e238b0ab8a8ce6fc058a24f8d345e97ea
r2_blind_compositional_0577,configs/blind_compositional/r2_blind_compositional_0577.json,blind_compositional,marine_medivac_vs_swarm_02,marine_medivac_vs_swarm,True,2,far,16.8333,SIMPLE,split,7,10,425,350,1.2143,moderate,"{""MARINE"": 6, ""MEDIVAC"": 1}","{""BANELING"": 3, ""MARINE"": 1, ""ZERGLING"": 6}",94b03449af3540f6d4528e12349976690d1dab5ef1260e1388a9cfb4aa7d77ee
r2_blind_compositional_0578,configs/blind_compositional/r2_blind_compositional_0578.json,blind_compositional,marine_medivac_vs_swarm_02,marine_medivac_vs_swarm,True,3,near,8.9953,NARROW,compact,7,10,425,350,1.2143,moderate,"{""MARINE"": 6, ""MEDIVAC"": 1}","{""BANELING"": 3, ""MARINE"": 1, ""ZERGLING"": 6}",3ddba722b62e7c17b385fe0943f6a5882f877a9133c267952d8fc8e51648010b
r2_blind_compositional_0579,configs/blind_compositional/r2_blind_compositional_0579.json,blind_compositional,marine_medivac_vs_swarm_02,marine_medivac_vs_swarm,True,4,far,17.2021,SIMPLE,type_split,7,10,425,350,1.2143,moderate,"{""MARINE"": 6, ""MEDIVAC"": 1}","{""BANELING"": 3, ""MARINE"": 1, ""ZERGLING"": 6}",f72ad089680d959a76f9985267af241bbaff5b60d0ba456c4a2fe41fe42b987d
r2_blind_compositional_0580,configs/blind_compositional/r2_blind_compositional_0580.json,blind_compositional,marine_medivac_vs_swarm_02,marine_medivac_vs_swarm,True,5,immediate,5.4601,NARROW,compact,7,10,425,350,1.2143,moderate,"{""MARINE"": 6, ""MEDIVAC"": 1}","{""BANELING"": 3, ""MARINE"": 1, ""ZERGLING"": 6}",409f96afe2a6984a312ae04dda4bd801a203d83753e2cd4f0a2c757eeaf70b59
r2_blind_compositional_0581,configs/blind_compositional/r2_blind_compositional_0581.json,blind_compositional,terran_vs_stalker_colossus_01,terran_vs_stalker_colossus,True,1,near,8.5847,OCTAGON,split,7,2,500,425,1.1765,hard_winnable,"{""MARAUDER"": 3, ""MARINE"": 4}","{""COLOSSUS"": 1, ""STALKER"": 1}",5068b7726b1436632dbb9633451430082925f7eff8c07d9b6553422ecd7fb2eb
r2_blind_compositional_0582,configs/blind_compositional/r2_blind_compositional_0582.json,blind_compositional,terran_vs_stalker_colossus_01,terran_vs_stalker_colossus,True,2,immediate,5.4931,SIMPLE,staggered,7,2,500,425,1.1765,hard_winnable,"{""MARAUDER"": 3, ""MARINE"": 4}","{""COLOSSUS"": 1, ""STALKER"": 1}",e25225e3d31a527b4d4b9c058607ff4b76a766eada02c0677a4d1b59f7050331
r2_blind_compositional_0583,configs/blind_compositional/r2_blind_compositional_0583.json,blind_compositional,terran_vs_stalker_colossus_01,terran_vs_stalker_colossus,True,3,near,9.0474,OCTAGON,type_split,7,2,500,425,1.1765,hard_winnable,"{""MARAUDER"": 3, ""MARINE"": 4}","{""COLOSSUS"": 1, ""STALKER"": 1}",767679f8492accc5025f57421e718ff4e309b143afe3869cc4b212190e2315a4
r2_blind_compositional_0584,configs/blind_compositional/r2_blind_compositional_0584.json,blind_compositional,terran_vs_stalker_colossus_01,terran_vs_stalker_colossus,True,4,medium,12.831,OCTAGON,compact,7,2,500,425,1.1765,hard_winnable,"{""MARAUDER"": 3, ""MARINE"": 4}","{""COLOSSUS"": 1, ""STALKER"": 1}",371120ef4829b1ac63bde6d1ff29489f138e172457f8168c0f6b34ed179396f3
r2_blind_compositional_0585,configs/blind_compositional/r2_blind_compositional_0585.json,blind_compositional,terran_vs_stalker_colossus_01,terran_vs_stalker_colossus,True,5,medium,12.75,SIMPLE,split,7,2,500,425,1.1765,hard_winnable,"{""MARAUDER"": 3, ""MARINE"": 4}","{""COLOSSUS"": 1, ""STALKER"": 1}",0a9432e461349a586703eb0619cb936abcd19ade53386455a878859ee5708ad3
r2_blind_compositional_0586,configs/blind_compositional/r2_blind_compositional_0586.json,blind_compositional,terran_vs_stalker_colossus_02,terran_vs_stalker_colossus,True,1,far,16.7783,SIMPLE,staggered,9,3,650,550,1.1818,hard_winnable,"{""MARAUDER"": 4, ""MARINE"": 5}","{""COLOSSUS"": 1, ""STALKER"": 2}",e17fc7b110946ae78667466a35a3d342240074512a7d54daac225b3df6f14eb7
r2_blind_compositional_0587,configs/blind_compositional/r2_blind_compositional_0587.json,blind_compositional,terran_vs_stalker_colossus_02,terran_vs_stalker_colossus,True,2,medium,12.9562,OCTAGON,type_split,9,3,650,550,1.1818,hard_winnable,"{""MARAUDER"": 4, ""MARINE"": 5}","{""COLOSSUS"": 1, ""STALKER"": 2}",f5c7c12b286107cb86d390d4ad577c6f7c7bba61e4ecca13ae0547e21c4ec0f3
r2_blind_compositional_0588,configs/blind_compositional/r2_blind_compositional_0588.json,blind_compositional,terran_vs_stalker_colossus_02,terran_vs_stalker_colossus,True,3,immediate,5.4352,NARROW,compact,9,3,650,550,1.1818,hard_winnable,"{""MARAUDER"": 4, ""MARINE"": 5}","{""COLOSSUS"": 1, ""STALKER"": 2}",3cd7301b10ab8028b7cfede773844b45b6f1e4be9897f1736962636b5d3bed49
r2_blind_compositional_0589,configs/blind_compositional/r2_blind_compositional_0589.json,blind_compositional,terran_vs_stalker_colossus_02,terran_vs_stalker_colossus,True,4,near,8.6705,OCTAGON,split,9,3,650,550,1.1818,hard_winnable,"{""MARAUDER"": 4, ""MARINE"": 5}","{""COLOSSUS"": 1, ""STALKER"": 2}",6cc6b45a1840d46756d7a356ff4a451b71494d626dd333e72c79c6eeeac702c3
r2_blind_compositional_0590,configs/blind_compositional/r2_blind_compositional_0590.json,blind_compositional,terran_vs_stalker_colossus_02,terran_vs_stalker_colossus,True,5,near,8.8748,NARROW,compact,9,3,650,550,1.1818,hard_winnable,"{""MARAUDER"": 4, ""MARINE"": 5}","{""COLOSSUS"": 1, ""STALKER"": 2}",f9dbbb42c52ea530c5b9efd40adbfa518cb45476e2b86f0dace01ae4120fcd9c
r2_blind_compositional_0591,configs/blind_compositional/r2_blind_compositional_0591.json,blind_compositional,mmm_vs_stalker_zealot_01,mmm_vs_stalker_zealot,True,1,medium,12.9554,OCTAGON,type_split,7,4,525,450,1.1667,hard_winnable,"{""MARAUDER"": 2, ""MARINE"": 4, ""MEDIVAC"": 1}","{""STALKER"": 2, ""ZEALOT"": 2}",26cd5343ac585dc027e2f95d28c5c700430db0609bd6c95e0923d630987d5055
r2_blind_compositional_0592,configs/blind_compositional/r2_blind_compositional_0592.json,blind_compositional,mmm_vs_stalker_zealot_01,mmm_vs_stalker_zealot,True,2,far,16.8056,SIMPLE,compact,7,4,525,450,1.1667,hard_winnable,"{""MARAUDER"": 2, ""MARINE"": 4, ""MEDIVAC"": 1}","{""STALKER"": 2, ""ZEALOT"": 2}",490dda180b5cb868f252d0155f455c18fdc0788dc99b70756f08fe38c9de9187
r2_blind_compositional_0593,configs/blind_compositional/r2_blind_compositional_0593.json,blind_compositional,mmm_vs_stalker_zealot_01,mmm_vs_stalker_zealot,True,3,near,8.8793,OCTAGON,split,7,4,525,450,1.1667,hard_winnable,"{""MARAUDER"": 2, ""MARINE"": 4, ""MEDIVAC"": 1}","{""STALKER"": 2, ""ZEALOT"": 2}",a1bf20bad55f22079d399da2850cd33d48d6c6daae53b0d94033f283d2a4a0d5
r2_blind_compositional_0594,configs/blind_compositional/r2_blind_compositional_0594.json,blind_compositional,mmm_vs_stalker_zealot_01,mmm_vs_stalker_zealot,True,4,near,8.6522,NARROW,compact,7,4,525,450,1.1667,hard_winnable,"{""MARAUDER"": 2, ""MARINE"": 4, ""MEDIVAC"": 1}","{""STALKER"": 2, ""ZEALOT"": 2}",4641154c963c61c87969e971eaa13245fe0417edf5d3ef8fcec321ea5fb86e84
r2_blind_compositional_0595,configs/blind_compositional/r2_blind_compositional_0595.json,blind_compositional,mmm_vs_stalker_zealot_01,mmm_vs_stalker_zealot,True,5,near,8.6991,SIMPLE,type_split,7,4,525,450,1.1667,hard_winnable,"{""MARAUDER"": 2, ""MARINE"": 4, ""MEDIVAC"": 1}","{""STALKER"": 2, ""ZEALOT"": 2}",cf28b17d705b30b5517a80945bf66fe305e58cf29377933c197e21dc24e0cfb7
r2_blind_compositional_0596,configs/blind_compositional/r2_blind_compositional_0596.json,blind_compositional,mmm_vs_stalker_zealot_02,mmm_vs_stalker_zealot,True,1,medium,12.7948,SIMPLE,compact,9,5,675,575,1.1739,hard_winnable,"{""MARAUDER"": 3, ""MARINE"": 5, ""MEDIVAC"": 1}","{""STALKER"": 3, ""ZEALOT"": 2}",a14d527d8a0036f829708a42798257d673c2d369893e737c830a39d85046f701
r2_blind_compositional_0597,configs/blind_compositional/r2_blind_compositional_0597.json,blind_compositional,mmm_vs_stalker_zealot_02,mmm_vs_stalker_zealot,True,2,far,17.0375,SIMPLE,split,9,5,675,575,1.1739,hard_winnable,"{""MARAUDER"": 3, ""MARINE"": 5, ""MEDIVAC"": 1}","{""STALKER"": 3, ""ZEALOT"": 2}",607fd11ad94b8005079376065bd54b461d8b667766f6553addc67b9398dd81b8
r2_blind_compositional_0598,configs/blind_compositional/r2_blind_compositional_0598.json,blind_compositional,mmm_vs_stalker_zealot_02,mmm_vs_stalker_zealot,True,3,medium,12.9905,OCTAGON,staggered,9,5,675,575,1.1739,hard_winnable,"{""MARAUDER"": 3, ""MARINE"": 5, ""MEDIVAC"": 1}","{""STALKER"": 3, ""ZEALOT"": 2}",dc26248d673eeace1656302ca8fec824ec1388529c71006a016238af933c79cf
r2_blind_compositional_0599,configs/blind_compositional/r2_blind_compositional_0599.json,blind_compositional,mmm_vs_stalker_zealot_02,mmm_vs_stalker_zealot,True,4,far,17.1326,SIMPLE,type_split,9,5,675,575,1.1739,hard_winnable,"{""MARAUDER"": 3, ""MARINE"": 5, ""MEDIVAC"": 1}","{""STALKER"": 3, ""ZEALOT"": 2}",4520f145dc22d84fd297bb8d6aec3fee129a9ff3c123652924f9b182ca7605b9
r2_blind_compositional_0600,configs/blind_compositional/r2_blind_compositional_0600.json,blind_compositional,mmm_vs_stalker_zealot_02,mmm_vs_stalker_zealot,True,5,medium,12.8422,OCTAGON,compact,9,5,675,575,1.1739,hard_winnable,"{""MARAUDER"": 3, ""MARINE"": 5, ""MEDIVAC"": 1}","{""STALKER"": 3, ""ZEALOT"": 2}",e933a8e5c2406f568e6b3cd93d8985daccec771ebfd46b34c814d7f6c65e151d
r2_blind_compositional_0601,configs/blind_compositional/r2_blind_compositional_0601.json,blind_compositional,stalker_zealot_vs_mmm_01,stalker_zealot_vs_mmm,True,1,immediate,5.418,OCTAGON,split,5,5,575,375,1.5333,easy,"{""STALKER"": 3, ""ZEALOT"": 2}","{""MARAUDER"": 1, ""MARINE"": 3, ""MEDIVAC"": 1}",d5c5fc8886bafc0ee963d3a4f772174db87147649ff124f73fabd22797a21541
r2_blind_compositional_0602,configs/blind_compositional/r2_blind_compositional_0602.json,blind_compositional,stalker_zealot_vs_mmm_01,stalker_zealot_vs_mmm,True,2,immediate,5.3775,SIMPLE,staggered,5,5,575,375,1.5333,easy,"{""STALKER"": 3, ""ZEALOT"": 2}","{""MARAUDER"": 1, ""MARINE"": 3, ""MEDIVAC"": 1}",97f8c8fb1d0f6bb1a80fa515fb1d1b8107e019edcd1f2ce993356202a4bfdf83
r2_blind_compositional_0603,configs/blind_compositional/r2_blind_compositional_0603.json,blind_compositional,stalker_zealot_vs_mmm_01,stalker_zealot_vs_mmm,True,3,medium,12.6186,OCTAGON,type_split,5,5,575,375,1.5333,easy,"{""STALKER"": 3, ""ZEALOT"": 2}","{""MARAUDER"": 1, ""MARINE"": 3, ""MEDIVAC"": 1}",1e5549f6fb1e0b75ad2bf020911a6b8e4725a83147b6c1d21183b0ea77ca6015
r2_blind_compositional_0604,configs/blind_compositional/r2_blind_compositional_0604.json,blind_compositional,stalker_zealot_vs_mmm_01,stalker_zealot_vs_mmm,True,4,immediate,5.176,NARROW,compact,5,5,575,375,1.5333,easy,"{""STALKER"": 3, ""ZEALOT"": 2}","{""MARAUDER"": 1, ""MARINE"": 3, ""MEDIVAC"": 1}",4c835aa66b60d4702422ae97bec9df98bdffee91420ca4a56d74f98aed4c9654
r2_blind_compositional_0605,configs/blind_compositional/r2_blind_compositional_0605.json,blind_compositional,stalker_zealot_vs_mmm_01,stalker_zealot_vs_mmm,True,5,near,8.5858,SIMPLE,split,5,5,575,375,1.5333,easy,"{""STALKER"": 3, ""ZEALOT"": 2}","{""MARAUDER"": 1, ""MARINE"": 3, ""MEDIVAC"": 1}",c46e29ecdc00d0deb66ab421b46f89b9d2d98537e03a082ec50bae1e794e5849
r2_blind_compositional_0606,configs/blind_compositional/r2_blind_compositional_0606.json,blind_compositional,stalker_zealot_vs_mmm_02,stalker_zealot_vs_mmm,True,1,near,8.9269,SIMPLE,staggered,7,7,800,525,1.5238,easy,"{""STALKER"": 4, ""ZEALOT"": 3}","{""MARAUDER"": 2, ""MARINE"": 4, ""MEDIVAC"": 1}",ac85856dbbc5f3b676eea9cc84fc21cce955a0cab78f3ff3374c64b15dfd532a
r2_blind_compositional_0607,configs/blind_compositional/r2_blind_compositional_0607.json,blind_compositional,stalker_zealot_vs_mmm_02,stalker_zealot_vs_mmm,True,2,medium,12.9955,OCTAGON,type_split,7,7,800,525,1.5238,easy,"{""STALKER"": 4, ""ZEALOT"": 3}","{""MARAUDER"": 2, ""MARINE"": 4, ""MEDIVAC"": 1}",5855d8a558b1573f38e56765bdf1668d0bde72e1e376c268a646c2aa6874043d
r2_blind_compositional_0608,configs/blind_compositional/r2_blind_compositional_0608.json,blind_compositional,stalker_zealot_vs_mmm_02,stalker_zealot_vs_mmm,True,3,medium,12.6026,OCTAGON,compact,7,7,800,525,1.5238,easy,"{""STALKER"": 4, ""ZEALOT"": 3}","{""MARAUDER"": 2, ""MARINE"": 4, ""MEDIVAC"": 1}",e328c75d0121a140434a51db8e05e2c02c23e33d5ae6872c1e16f2f61f334a45
r2_blind_compositional_0609,configs/blind_compositional/r2_blind_compositional_0609.json,blind_compositional,stalker_zealot_vs_mmm_02,stalker_zealot_vs_mmm,True,4,medium,12.8467,OCTAGON,split,7,7,800,525,1.5238,easy,"{""STALKER"": 4, ""ZEALOT"": 3}","{""MARAUDER"": 2, ""MARINE"": 4, ""MEDIVAC"": 1}",9f8b5ca1e18e6103325b025028b51f8d9be2b64da21a346d066149b4cbf05d58
r2_blind_compositional_0610,configs/blind_compositional/r2_blind_compositional_0610.json,blind_compositional,stalker_zealot_vs_mmm_02,stalker_zealot_vs_mmm,True,5,medium,12.8723,OCTAGON,staggered,7,7,800,525,1.5238,easy,"{""STALKER"": 4, ""ZEALOT"": 3}","{""MARAUDER"": 2, ""MARINE"": 4, ""MEDIVAC"": 1}",0f2215a9b53abede363a64f165244e9ed34bf8fce09debc8bec8993c02dc3240
r2_blind_compositional_0611,configs/blind_compositional/r2_blind_compositional_0611.json,blind_compositional,colossus_zealot_vs_swarm_01,colossus_zealot_vs_swarm,True,1,medium,12.7286,OCTAGON,type_split,3,10,500,350,1.4286,moderate,"{""COLOSSUS"": 1, ""ZEALOT"": 2}","{""BANELING"": 4, ""ZERGLING"": 6}",4235552c74a44c1a86665391ba11e76d522cc795fa594392f9ee066a7c1570e5
r2_blind_compositional_0612,configs/blind_compositional/r2_blind_compositional_0612.json,blind_compositional,colossus_zealot_vs_swarm_01,colossus_zealot_vs_swarm,True,2,immediate,5.4644,SIMPLE,compact,3,10,500,350,1.4286,moderate,"{""COLOSSUS"": 1, ""ZEALOT"": 2}","{""BANELING"": 4, ""ZERGLING"": 6}",66caf84914a5f641b2868a9dee798b96c087acf950416ca7c2c76328a936a534
r2_blind_compositional_0613,configs/blind_compositional/r2_blind_compositional_0613.json,blind_compositional,colossus_zealot_vs_swarm_01,colossus_zealot_vs_swarm,True,3,near,8.857,OCTAGON,split,3,10,500,350,1.4286,moderate,"{""COLOSSUS"": 1, ""ZEALOT"": 2}","{""BANELING"": 4, ""ZERGLING"": 6}",7ca9ae77b9e79358c00317418afaeb5b0c7c60c6dfbe446876fd45fd56764e2f
r2_blind_compositional_0614,configs/blind_compositional/r2_blind_compositional_0614.json,blind_compositional,colossus_zealot_vs_swarm_01,colossus_zealot_vs_swarm,True,4,near,8.7351,NARROW,compact,3,10,500,350,1.4286,moderate,"{""COLOSSUS"": 1, ""ZEALOT"": 2}","{""BANELING"": 4, ""ZERGLING"": 6}",569f9bf3e27bd7138dbe9a203717585c5680b0ec2cc838522483af645b30bc41
r2_blind_compositional_0615,configs/blind_compositional/r2_blind_compositional_0615.json,blind_compositional,colossus_zealot_vs_swarm_01,colossus_zealot_vs_swarm,True,5,medium,12.9778,SIMPLE,type_split,3,10,500,350,1.4286,moderate,"{""COLOSSUS"": 1, ""ZEALOT"": 2}","{""BANELING"": 4, ""ZERGLING"": 6}",15a27540d8a17638164b3c74188402f295d316d2208acea15344791fa89ba17b
r2_blind_compositional_0616,configs/blind_compositional/r2_blind_compositional_0616.json,blind_compositional,colossus_zealot_vs_swarm_02,colossus_zealot_vs_swarm,True,1,far,17.0116,SIMPLE,compact,4,10,800,450,1.7778,easy,"{""COLOSSUS"": 2, ""ZEALOT"": 2}","{""BANELING"": 8, ""ZERGLING"": 2}",6c942daac83054a9bf0ddd63118eb722da1d822d4b5fd9667bb1e221b1d0b4d4
r2_blind_compositional_0617,configs/blind_compositional/r2_blind_compositional_0617.json,blind_compositional,colossus_zealot_vs_swarm_02,colossus_zealot_vs_swarm,True,2,far,17.0776,SIMPLE,split,4,10,800,450,1.7778,easy,"{""COLOSSUS"": 2, ""ZEALOT"": 2}","{""BANELING"": 8, ""ZERGLING"": 2}",2d733a7a596bbed0b0a439a73f1a4534e583bc2aab3de5faddb103dde3aa9155
r2_blind_compositional_0618,configs/blind_compositional/r2_blind_compositional_0618.json,blind_compositional,colossus_zealot_vs_swarm_02,colossus_zealot_vs_swarm,True,3,far,17.058,SIMPLE,staggered,4,10,800,450,1.7778,easy,"{""COLOSSUS"": 2, ""ZEALOT"": 2}","{""BANELING"": 8, ""ZERGLING"": 2}",653f6afb555a5cbb993be034ba2a51ff89e0e9870e74536890d5bfc9319b0be2
r2_blind_compositional_0619,configs/blind_compositional/r2_blind_compositional_0619.json,blind_compositional,colossus_zealot_vs_swarm_02,colossus_zealot_vs_swarm,True,4,medium,12.7161,OCTAGON,type_split,4,10,800,450,1.7778,easy,"{""COLOSSUS"": 2, ""ZEALOT"": 2}","{""BANELING"": 8, ""ZERGLING"": 2}",959af29fc5beb22c697c756f3d71b36713a02166b4e880b482a035129b568f3a
r2_blind_compositional_0620,configs/blind_compositional/r2_blind_compositional_0620.json,blind_compositional,colossus_zealot_vs_swarm_02,colossus_zealot_vs_swarm,True,5,medium,12.6901,OCTAGON,compact,4,10,800,450,1.7778,easy,"{""COLOSSUS"": 2, ""ZEALOT"": 2}","{""BANELING"": 8, ""ZERGLING"": 2}",c7fbd8edb8a4e6eeaa2d042c9c2875f6e69614035f9ea0cfdede53c580480f8d
r2_blind_compositional_0621,configs/blind_compositional/r2_blind_compositional_0621.json,blind_compositional,stalker_vs_swarm_01,stalker_vs_swarm,True,1,immediate,5.636,OCTAGON,split,3,8,375,250,1.5,easy,"{""STALKER"": 3}","{""BANELING"": 2, ""ZERGLING"": 6}",2435da38ef0c6e4df368f79d8dc57cb92b8239863fc4713f80f883a4a9f301ef
r2_blind_compositional_0622,configs/blind_compositional/r2_blind_compositional_0622.json,blind_compositional,stalker_vs_swarm_01,stalker_vs_swarm,True,2,medium,12.9363,SIMPLE,staggered,3,8,375,250,1.5,easy,"{""STALKER"": 3}","{""BANELING"": 2, ""ZERGLING"": 6}",a0b4aaa21329cf9ec79a3764002be6a4d8136b692839755d9ab292ed05bb615c
r2_blind_compositional_0623,configs/blind_compositional/r2_blind_compositional_0623.json,blind_compositional,stalker_vs_swarm_01,stalker_vs_swarm,True,3,near,8.7199,OCTAGON,type_split,3,8,375,250,1.5,easy,"{""STALKER"": 3}","{""BANELING"": 2, ""ZERGLING"": 6}",256b1679d6f1ed40b4fc810df1aa1ef8a4e901af0618e57d926862acbf73028a
r2_blind_compositional_0624,configs/blind_compositional/r2_blind_compositional_0624.json,blind_compositional,stalker_vs_swarm_01,stalker_vs_swarm,True,4,medium,12.791,OCTAGON,compact,3,8,375,250,1.5,easy,"{""STALKER"": 3}","{""BANELING"": 2, ""ZERGLING"": 6}",697035df965a45f661910095ae1d6b01ca6d990421a2f6b800648b7bcfe9ddd4
r2_blind_compositional_0625,configs/blind_compositional/r2_blind_compositional_0625.json,blind_compositional,stalker_vs_swarm_01,stalker_vs_swarm,True,5,immediate,5.5194,SIMPLE,split,3,8,375,250,1.5,easy,"{""STALKER"": 3}","{""BANELING"": 2, ""ZERGLING"": 6}",e3c95fb2b6d17a88ae65c13f26a3607989167d2fca6a62b9768f8f1c08a0e503
r2_blind_compositional_0626,configs/blind_compositional/r2_blind_compositional_0626.json,blind_compositional,stalker_vs_swarm_02,stalker_vs_swarm,True,1,medium,12.6234,SIMPLE,staggered,5,10,625,350,1.7857,easy,"{""STALKER"": 5}","{""BANELING"": 4, ""ZERGLING"": 6}",f495802fd31cd549a9c1063a880a9df1200134bf05800112ab809cb318add06c
r2_blind_compositional_0627,configs/blind_compositional/r2_blind_compositional_0627.json,blind_compositional,stalker_vs_swarm_02,stalker_vs_swarm,True,2,near,8.9981,OCTAGON,type_split,5,10,625,350,1.7857,easy,"{""STALKER"": 5}","{""BANELING"": 4, ""ZERGLING"": 6}",1a9dac15caf4e31aef6805079765cd6f9568d7778a364b073eb8bc7346b87e74
r2_blind_compositional_0628,configs/blind_compositional/r2_blind_compositional_0628.json,blind_compositional,stalker_vs_swarm_02,stalker_vs_swarm,True,3,near,8.5694,NARROW,compact,5,10,625,350,1.7857,easy,"{""STALKER"": 5}","{""BANELING"": 4, ""ZERGLING"": 6}",af46538b2418539ca5fd63beadb360948067f838b10315ee9023be440332d8b4
r2_blind_compositional_0629,configs/blind_compositional/r2_blind_compositional_0629.json,blind_compositional,stalker_vs_swarm_02,stalker_vs_swarm,True,4,immediate,5.3,OCTAGON,split,5,10,625,350,1.7857,easy,"{""STALKER"": 5}","{""BANELING"": 4, ""ZERGLING"": 6}",8f170e686e16d388ace845cea33dfd331ee24485294629f5d97f30e3bfe8c39c
r2_blind_compositional_0630,configs/blind_compositional/r2_blind_compositional_0630.json,blind_compositional,stalker_vs_swarm_02,stalker_vs_swarm,True,5,immediate,5.436,NARROW,compact,5,10,625,350,1.7857,easy,"{""STALKER"": 5}","{""BANELING"": 4, ""ZERGLING"": 6}",d6e9c1cce6c4972c435e417feedead3caf92c39a2be640e4e46adfc60a098213
r2_blind_compositional_0631,configs/blind_compositional/r2_blind_compositional_0631.json,blind_compositional,mmm_vs_stalker_colossus_01,mmm_vs_stalker_colossus,True,1,immediate,5.5746,OCTAGON,type_split,7,2,525,425,1.2353,moderate,"{""MARAUDER"": 2, ""MARINE"": 4, ""MEDIVAC"": 1}","{""COLOSSUS"": 1, ""STALKER"": 1}",21400159efdc089851ef6fbc318a338a760c40c711d96fe7ff77855caddb80c0
r2_blind_compositional_0632,configs/blind_compositional/r2_blind_compositional_0632.json,blind_compositional,mmm_vs_stalker_colossus_01,mmm_vs_stalker_colossus,True,2,near,8.6904,SIMPLE,compact,7,2,525,425,1.2353,moderate,"{""MARAUDER"": 2, ""MARINE"": 4, ""MEDIVAC"": 1}","{""COLOSSUS"": 1, ""STALKER"": 1}",5e8dd453625d8920a89aa321c732a576b16efbf9518f31d186043dfc001b5043
r2_blind_compositional_0633,configs/blind_compositional/r2_blind_compositional_0633.json,blind_compositional,mmm_vs_stalker_colossus_01,mmm_vs_stalker_colossus,True,3,far,16.8144,SIMPLE,split,7,2,525,425,1.2353,moderate,"{""MARAUDER"": 2, ""MARINE"": 4, ""MEDIVAC"": 1}","{""COLOSSUS"": 1, ""STALKER"": 1}",1acdf74999f46ae016c97f22ef7ddcc44dff310e4a319cdf69e8164fce3da8d0
r2_blind_compositional_0634,configs/blind_compositional/r2_blind_compositional_0634.json,blind_compositional,mmm_vs_stalker_colossus_01,mmm_vs_stalker_colossus,True,4,medium,12.8952,OCTAGON,staggered,7,2,525,425,1.2353,moderate,"{""MARAUDER"": 2, ""MARINE"": 4, ""MEDIVAC"": 1}","{""COLOSSUS"": 1, ""STALKER"": 1}",5831eb02af3617243857edef896174352788ce0a8624637b0210cc3a6a9b7760
r2_blind_compositional_0635,configs/blind_compositional/r2_blind_compositional_0635.json,blind_compositional,mmm_vs_stalker_colossus_01,mmm_vs_stalker_colossus,True,5,immediate,5.3338,SIMPLE,type_split,7,2,525,425,1.2353,moderate,"{""MARAUDER"": 2, ""MARINE"": 4, ""MEDIVAC"": 1}","{""COLOSSUS"": 1, ""STALKER"": 1}",541216e96eb08d5c4d0480c6873b84000a78b11afda1b84b9715d0754a709ad0
r2_blind_compositional_0636,configs/blind_compositional/r2_blind_compositional_0636.json,blind_compositional,mmm_vs_stalker_colossus_02,mmm_vs_stalker_colossus,True,1,near,8.6536,SIMPLE,compact,9,3,675,550,1.2273,moderate,"{""MARAUDER"": 3, ""MARINE"": 5, ""MEDIVAC"": 1}","{""COLOSSUS"": 1, ""STALKER"": 2}",b6cb27db49c3bbd77b0631268d10773656acc517f41d5bc6f52e1bc82898af06
r2_blind_compositional_0637,configs/blind_compositional/r2_blind_compositional_0637.json,blind_compositional,mmm_vs_stalker_colossus_02,mmm_vs_stalker_colossus,True,2,medium,12.9644,OCTAGON,split,9,3,675,550,1.2273,moderate,"{""MARAUDER"": 3, ""MARINE"": 5, ""MEDIVAC"": 1}","{""COLOSSUS"": 1, ""STALKER"": 2}",0c3a37429ce7b83ec6dd9aaf80f44b3d9fb9df9a3a15a397bc4ec9f92aebf3c2
r2_blind_compositional_0638,configs/blind_compositional/r2_blind_compositional_0638.json,blind_compositional,mmm_vs_stalker_colossus_02,mmm_vs_stalker_colossus,True,3,near,8.888,NARROW,compact,9,3,675,550,1.2273,moderate,"{""MARAUDER"": 3, ""MARINE"": 5, ""MEDIVAC"": 1}","{""COLOSSUS"": 1, ""STALKER"": 2}",758d10060aa4aa36168803d9e6d0b2b8d8d3df407dadcb5e1fdee01307e22368
r2_blind_compositional_0639,configs/blind_compositional/r2_blind_compositional_0639.json,blind_compositional,mmm_vs_stalker_colossus_02,mmm_vs_stalker_colossus,True,4,medium,13.0085,OCTAGON,type_split,9,3,675,550,1.2273,moderate,"{""MARAUDER"": 3, ""MARINE"": 5, ""MEDIVAC"": 1}","{""COLOSSUS"": 1, ""STALKER"": 2}",88dba37dfdf7017d5530f8080574bc1610ae96b2873936570b7c7a8a2865bf5f
r2_blind_compositional_0640,configs/blind_compositional/r2_blind_compositional_0640.json,blind_compositional,mmm_vs_stalker_colossus_02,mmm_vs_stalker_colossus,True,5,near,8.7531,NARROW,compact,9,3,675,550,1.2273,moderate,"{""MARAUDER"": 3, ""MARINE"": 5, ""MEDIVAC"": 1}","{""COLOSSUS"": 1, ""STALKER"": 2}",d41b86c7a1c746bba064aaab492315d86c3cc716f702495263848b8a0155b6dc
r2_blind_compositional_0641,configs/blind_compositional/r2_blind_compositional_0641.json,blind_compositional,stalker_colossus_vs_mmm_01,stalker_colossus_vs_mmm,True,1,near,8.7599,OCTAGON,split,3,5,550,375,1.4667,easy,"{""COLOSSUS"": 1, ""STALKER"": 2}","{""MARAUDER"": 1, ""MARINE"": 3, ""MEDIVAC"": 1}",533b7e44afc561716aa4034417968f13af88c527beaf68227e79d19a9afcae96
r2_blind_compositional_0642,configs/blind_compositional/r2_blind_compositional_0642.json,blind_compositional,stalker_colossus_vs_mmm_01,stalker_colossus_vs_mmm,True,2,immediate,5.5114,SIMPLE,staggered,3,5,550,375,1.4667,easy,"{""COLOSSUS"": 1, ""STALKER"": 2}","{""MARAUDER"": 1, ""MARINE"": 3, ""MEDIVAC"": 1}",82130a322f4c8b6f5df0948717589cc214992a41cbe82f4704a7a4debcf3dd30
r2_blind_compositional_0643,configs/blind_compositional/r2_blind_compositional_0643.json,blind_compositional,stalker_colossus_vs_mmm_01,stalker_colossus_vs_mmm,True,3,medium,12.711,OCTAGON,type_split,3,5,550,375,1.4667,easy,"{""COLOSSUS"": 1, ""STALKER"": 2}","{""MARAUDER"": 1, ""MARINE"": 3, ""MEDIVAC"": 1}",b4dc05ef36bd2820eea0760b14639aa36d78af3c9027bab7c8ebd56f3d9b4e33
r2_blind_compositional_0644,configs/blind_compositional/r2_blind_compositional_0644.json,blind_compositional,stalker_colossus_vs_mmm_01,stalker_colossus_vs_mmm,True,4,near,8.5996,NARROW,compact,3,5,550,375,1.4667,easy,"{""COLOSSUS"": 1, ""STALKER"": 2}","{""MARAUDER"": 1, ""MARINE"": 3, ""MEDIVAC"": 1}",2ee54f3ff1fc88dcf15f7355d230c0b27c9ea2bba8afaf2b45bc97069090f17a
r2_blind_compositional_0645,configs/blind_compositional/r2_blind_compositional_0645.json,blind_compositional,stalker_colossus_vs_mmm_01,stalker_colossus_vs_mmm,True,5,medium,12.6547,SIMPLE,split,3,5,550,375,1.4667,easy,"{""COLOSSUS"": 1, ""STALKER"": 2}","{""MARAUDER"": 1, ""MARINE"": 3, ""MEDIVAC"": 1}",a54c364a396d913bc3c6af35f9f123d24d0a927838ca4e423435ef5658929390
r2_blind_compositional_0646,configs/blind_compositional/r2_blind_compositional_0646.json,blind_compositional,stalker_colossus_vs_mmm_02,stalker_colossus_vs_mmm,True,1,immediate,5.6015,SIMPLE,staggered,4,7,675,525,1.2857,moderate,"{""COLOSSUS"": 1, ""STALKER"": 3}","{""MARAUDER"": 2, ""MARINE"": 4, ""MEDIVAC"": 1}",d48611e7fddddda497cabf9fbe770d81439de6ccb263c2ff8163bb5b0c2fdba0
r2_blind_compositional_0647,configs/blind_compositional/r2_blind_compositional_0647.json,blind_compositional,stalker_colossus_vs_mmm_02,stalker_colossus_vs_mmm,True,2,near,8.8546,OCTAGON,type_split,4,7,675,525,1.2857,moderate,"{""COLOSSUS"": 1, ""STALKER"": 3}","{""MARAUDER"": 2, ""MARINE"": 4, ""MEDIVAC"": 1}",712e2abb389e23ba6c9a90739214322d410e472075b2e90b7ead0aaebb6298cc
r2_blind_compositional_0648,configs/blind_compositional/r2_blind_compositional_0648.json,blind_compositional,stalker_colossus_vs_mmm_02,stalker_colossus_vs_mmm,True,3,near,8.6258,NARROW,compact,4,7,675,525,1.2857,moderate,"{""COLOSSUS"": 1, ""STALKER"": 3}","{""MARAUDER"": 2, ""MARINE"": 4, ""MEDIVAC"": 1}",a6236d18ad5a373a271718ce36bdc39a193eb9c0bab50865bdf0048c3ec3d819
r2_blind_compositional_0649,configs/blind_compositional/r2_blind_compositional_0649.json,blind_compositional,stalker_colossus_vs_mmm_02,stalker_colossus_vs_mmm,True,4,medium,12.9336,OCTAGON,split,4,7,675,525,1.2857,moderate,"{""COLOSSUS"": 1, ""STALKER"": 3}","{""MARAUDER"": 2, ""MARINE"": 4, ""MEDIVAC"": 1}",a5dce351e4db36ab741eb602b2b14fe1fd01453e1acd3e6c191d6e96f5e75d5f
r2_blind_compositional_0650,configs/blind_compositional/r2_blind_compositional_0650.json,blind_compositional,stalker_colossus_vs_mmm_02,stalker_colossus_vs_mmm,True,5,near,8.9228,NARROW,compact,4,7,675,525,1.2857,moderate,"{""COLOSSUS"": 1, ""STALKER"": 3}","{""MARAUDER"": 2, ""MARINE"": 4, ""MEDIVAC"": 1}",1608ab53e794ffebb6becced828ecc35f1d566060f9f93c0184b3cc1274e94a8
