name,path,split,family_id,archetype,family_origin,heldout_compositional,variant_index,engagement_class,initial_min_cross_distance,terrain,formation,layout,num_allies,num_enemies,ally_value,enemy_value,ally_value_ratio,difficulty_proxy,static_difficulty_score,ally_composition,enemy_composition,sha256
r2g_train_0001,configs/train/r2g_train_0001.json,train,marine_mirror_01,marine_mirror,legacy_r2_1300,False,1,immediate,5.3132,NARROW,compact,narrow_same_side,3,2,150,100,1.5,strong_advantage,0.0,"{""MARINE"": 3}","{""MARINE"": 2}",cbe1ba54ffb00378ac303f7b37cf96f002c030ea364ec1bb8368f5b5d32bbd57
r2g_train_0002,configs/train/r2g_train_0002.json,train,marine_mirror_01,marine_mirror,legacy_r2_1300,False,2,immediate,5.3772,OCTAGON,split,diag_up,3,2,150,100,1.5,strong_advantage,0.0,"{""MARINE"": 3}","{""MARINE"": 2}",a4f02479ba984a6b31a7a48d8ddf5939c746b2945244e0d9dcf023dc3b05e159
r2g_train_0003,configs/train/r2g_train_0003.json,train,marine_mirror_01,marine_mirror,legacy_r2_1300,False,3,immediate,5.5224,SIMPLE,staggered,horizontal,3,2,150,100,1.5,strong_advantage,0.0,"{""MARINE"": 3}","{""MARINE"": 2}",3f53fbbc5ab8072bf01e23845ba40e7e39ed283fd94918c34d545cb60494cf78
r2g_train_0004,configs/train/r2g_train_0004.json,train,marine_mirror_01,marine_mirror,legacy_r2_1300,False,4,near,8.7911,NARROW,type_split,narrow_same_side,3,2,150,100,1.5,strong_advantage,0.0,"{""MARINE"": 3}","{""MARINE"": 2}",fdf0a80ac74c3c44aa72358da15375eab6faef4117c5ad1ccb4fd81b74c9b4f6
r2g_train_0005,configs/train/r2g_train_0005.json,train,marine_mirror_01,marine_mirror,legacy_r2_1300,False,5,near,8.6891,OCTAGON,compact,vertical,3,2,150,100,1.5,strong_advantage,0.0,"{""MARINE"": 3}","{""MARINE"": 2}",c0debf8158870a91a2648dbb8c728279867b96b97c0471965d0858c1e56036fe
r2g_train_0006,configs/train/r2g_train_0006.json,train,marine_mirror_01,marine_mirror,legacy_r2_1300,False,6,near,8.8683,OCTAGON,split,diag_down,3,2,150,100,1.5,strong_advantage,0.0,"{""MARINE"": 3}","{""MARINE"": 2}",5df5bfaf810be06dc8cf30c73aed888ac8536b14a950edd6157a4c0ecd7ed258
r2g_train_0007,configs/train/r2g_train_0007.json,train,marine_mirror_01,marine_mirror,legacy_r2_1300,False,7,near,8.6961,NARROW,staggered,narrow_same_side,3,2,150,100,1.5,strong_advantage,0.0,"{""MARINE"": 3}","{""MARINE"": 2}",28dadd2e9850c13c80a2dc5bc3fc2b3fc0856712010767bab385a5ec63ab7014
r2g_train_0008,configs/train/r2g_train_0008.json,train,marine_mirror_01,marine_mirror,legacy_r2_1300,False,8,medium,12.7481,SIMPLE,type_split,horizontal,3,2,150,100,1.5,strong_advantage,0.0,"{""MARINE"": 3}","{""MARINE"": 2}",a8460a4d1b7260600a958bce169e3e217ae5f69bc117345ebf4c1cc3674b6a2d
r2g_train_0009,configs/train/r2g_train_0009.json,train,marine_mirror_01,marine_mirror,legacy_r2_1300,False,9,medium,12.8633,OCTAGON,compact,diag_up,3,2,150,100,1.5,strong_advantage,0.0,"{""MARINE"": 3}","{""MARINE"": 2}",f4a7c5b39ad6a48f6ae95de6531cf179c4883f7f0a9d86354d146526c29fac5e
r2g_train_0010,configs/train/r2g_train_0010.json,train,marine_mirror_01,marine_mirror,legacy_r2_1300,False,10,medium,12.836,NARROW,split,narrow_cross_gate,3,2,150,100,1.5,strong_advantage,0.0,"{""MARINE"": 3}","{""MARINE"": 2}",3503bca012175997774accae0e902e4eca9fe6fc4624fa8ba7f2eaf923071555
r2g_train_0011,configs/train/r2g_train_0011.json,train,marine_mirror_01,marine_mirror,legacy_r2_1300,False,11,far,16.9193,SIMPLE,staggered,horizontal,3,2,150,100,1.5,strong_advantage,0.0,"{""MARINE"": 3}","{""MARINE"": 2}",26fd0b4df2f43e36d20d4d35335fc0fd14a5356ed3123d0fa7ebf415ec9feed7
r2g_train_0012,configs/train/r2g_train_0012.json,train,marine_mirror_01,marine_mirror,legacy_r2_1300,False,12,far,17.1773,SIMPLE,type_split,horizontal,3,2,150,100,1.5,strong_advantage,0.0,"{""MARINE"": 3}","{""MARINE"": 2}",035f2a0cc106bc3a11465560c1205ea458781a0a5a00718c00eb8fdf6bea57b3
r2g_train_0013,configs/train/r2g_train_0013.json,train,marine_mirror_02,marine_mirror,legacy_r2_1300,False,1,immediate,5.3702,NARROW,compact,narrow_same_side,4,3,200,150,1.3333,moderate_advantage,0.075758,"{""MARINE"": 4}","{""MARINE"": 3}",7d25be11a228859d6af4ef6349a75c5a2305569bda5e043707fcbbfc8507e92c
r2g_train_0014,configs/train/r2g_train_0014.json,train,marine_mirror_02,marine_mirror,legacy_r2_1300,False,2,immediate,5.549,OCTAGON,split,diag_up,4,3,200,150,1.3333,moderate_advantage,0.075758,"{""MARINE"": 4}","{""MARINE"": 3}",d62f2b61669fa3ce7c43ef229944a4494b26e743d07100138da9c8ae6d644eb8
r2g_train_0015,configs/train/r2g_train_0015.json,train,marine_mirror_02,marine_mirror,legacy_r2_1300,False,3,immediate,5.452,SIMPLE,staggered,horizontal,4,3,200,150,1.3333,moderate_advantage,0.075758,"{""MARINE"": 4}","{""MARINE"": 3}",eec63ac9eae91821345f1bab1d384cb5dc1fd109e615a13a1b51486dc2cee9a1
r2g_train_0016,configs/train/r2g_train_0016.json,train,marine_mirror_02,marine_mirror,legacy_r2_1300,False,4,near,8.822,NARROW,type_split,narrow_same_side,4,3,200,150,1.3333,moderate_advantage,0.075758,"{""MARINE"": 4}","{""MARINE"": 3}",3e631dd2d21575a089a9fcaab57b1802fa2ef220536f407092dc41274dd1a6e8
r2g_train_0017,configs/train/r2g_train_0017.json,train,marine_mirror_02,marine_mirror,legacy_r2_1300,False,5,near,8.8561,OCTAGON,compact,vertical,4,3,200,150,1.3333,moderate_advantage,0.075758,"{""MARINE"": 4}","{""MARINE"": 3}",43de3a4bc76da411ca98413958efe797ecc427f287c097195b9cd0e63fb50c3f
r2g_train_0018,configs/train/r2g_train_0018.json,train,marine_mirror_02,marine_mirror,legacy_r2_1300,False,6,near,8.9239,OCTAGON,split,diag_down,4,3,200,150,1.3333,moderate_advantage,0.075758,"{""MARINE"": 4}","{""MARINE"": 3}",1e049433eb1e844c60d0c846b64d98985add19802397574a3f8da99d14c1c4d7
r2g_train_0019,configs/train/r2g_train_0019.json,train,marine_mirror_02,marine_mirror,legacy_r2_1300,False,7,near,8.7968,NARROW,staggered,narrow_same_side,4,3,200,150,1.3333,moderate_advantage,0.075758,"{""MARINE"": 4}","{""MARINE"": 3}",a0abfbe2a38599cebbf011ffac2aa9c40959cabc6d58d4352e004f9bcea0a3c0
r2g_train_0020,configs/train/r2g_train_0020.json,train,marine_mirror_02,marine_mirror,legacy_r2_1300,False,8,medium,12.7908,SIMPLE,type_split,horizontal,4,3,200,150,1.3333,moderate_advantage,0.075758,"{""MARINE"": 4}","{""MARINE"": 3}",5bf9ad86c12ecd5f93fbf57533a6648aac26154bd204dea76313d41ba26e8245
r2g_train_0021,configs/train/r2g_train_0021.json,train,marine_mirror_02,marine_mirror,legacy_r2_1300,False,9,medium,12.6332,OCTAGON,compact,diag_up,4,3,200,150,1.3333,moderate_advantage,0.075758,"{""MARINE"": 4}","{""MARINE"": 3}",e83b4223ac8c1f7c6a832c7414f2f69d753af5086038502fda7da658048f8215
r2g_train_0022,configs/train/r2g_train_0022.json,train,marine_mirror_02,marine_mirror,legacy_r2_1300,False,10,medium,12.7844,NARROW,split,narrow_cross_gate,4,3,200,150,1.3333,moderate_advantage,0.075758,"{""MARINE"": 4}","{""MARINE"": 3}",7b34cecf92fc0ae07b76bcfb6a472f95d065f1bc21c0346ed9157c03e7b0212e
r2g_train_0023,configs/train/r2g_train_0023.json,train,marine_mirror_02,marine_mirror,legacy_r2_1300,False,11,far,16.8706,SIMPLE,staggered,horizontal,4,3,200,150,1.3333,moderate_advantage,0.075758,"{""MARINE"": 4}","{""MARINE"": 3}",d94ec785d697f4ac015216687ac41568dcf2ccdcb03acf87778235edbb92a991
r2g_train_0024,configs/train/r2g_train_0024.json,train,marine_mirror_02,marine_mirror,legacy_r2_1300,False,12,far,17.176,SIMPLE,type_split,horizontal,4,3,200,150,1.3333,moderate_advantage,0.075758,"{""MARINE"": 4}","{""MARINE"": 3}",fbed7e0d8bdfe1c1b4284b7e24ff36023477d453f9090f502654706c6b827711
r2g_train_0025,configs/train/r2g_train_0025.json,train,marine_mirror_03,marine_mirror,legacy_r2_1300,False,1,immediate,5.5725,NARROW,compact,narrow_same_side,5,4,250,200,1.25,moderate_advantage,0.227273,"{""MARINE"": 5}","{""MARINE"": 4}",c1b41062c5350a245f5cd93433530ed5ab7105f8292cc220ad5bc9a9be8b8321
r2g_train_0026,configs/train/r2g_train_0026.json,train,marine_mirror_03,marine_mirror,legacy_r2_1300,False,2,immediate,5.219,OCTAGON,split,diag_up,5,4,250,200,1.25,moderate_advantage,0.227273,"{""MARINE"": 5}","{""MARINE"": 4}",c9a363b9a7ec1c2efbc593c293d1b3a99f11325af3a976e6c1f3b894057a017b
r2g_train_0027,configs/train/r2g_train_0027.json,train,marine_mirror_03,marine_mirror,legacy_r2_1300,False,3,immediate,5.4262,SIMPLE,staggered,horizontal,5,4,250,200,1.25,moderate_advantage,0.227273,"{""MARINE"": 5}","{""MARINE"": 4}",28db72b4f9fc455811ae87e2f2d5437d9916d2ab929eff65d28a2abce5cff483
r2g_train_0028,configs/train/r2g_train_0028.json,train,marine_mirror_03,marine_mirror,legacy_r2_1300,False,4,near,8.7691,NARROW,type_split,narrow_same_side,5,4,250,200,1.25,moderate_advantage,0.227273,"{""MARINE"": 5}","{""MARINE"": 4}",b371c310ca99a0f2145aef1c1aff5df3551ee9825fa50a7ea136e01e41561179
r2g_train_0029,configs/train/r2g_train_0029.json,train,marine_mirror_03,marine_mirror,legacy_r2_1300,False,5,near,8.6771,OCTAGON,compact,vertical,5,4,250,200,1.25,moderate_advantage,0.227273,"{""MARINE"": 5}","{""MARINE"": 4}",a8a027d4f16d0a5ca8cfa9d78c7cd7c524b2df2b078003b2aad2c4baafa2448d
r2g_train_0030,configs/train/r2g_train_0030.json,train,marine_mirror_03,marine_mirror,legacy_r2_1300,False,6,near,8.7993,OCTAGON,split,diag_down,5,4,250,200,1.25,moderate_advantage,0.227273,"{""MARINE"": 5}","{""MARINE"": 4}",1e5bee6d9fdb1f9da8e6d0a168d1e46ac3f9644b88744fa3e2fb9dbc17e279e6
r2g_train_0031,configs/train/r2g_train_0031.json,train,marine_mirror_03,marine_mirror,legacy_r2_1300,False,7,near,8.8961,NARROW,staggered,narrow_same_side,5,4,250,200,1.25,moderate_advantage,0.227273,"{""MARINE"": 5}","{""MARINE"": 4}",bffc8b320982ebd284baf33f88cc6005613c1c8ec56710017e6fa4bccc7b1ce5
r2g_train_0032,configs/train/r2g_train_0032.json,train,marine_mirror_03,marine_mirror,legacy_r2_1300,False,8,medium,12.7284,SIMPLE,type_split,horizontal,5,4,250,200,1.25,moderate_advantage,0.227273,"{""MARINE"": 5}","{""MARINE"": 4}",85f6ebc22b3a209c0704548245352fd2a97cac1d194d8d51d5fc33a66f76b3f5
r2g_train_0033,configs/train/r2g_train_0033.json,train,marine_mirror_03,marine_mirror,legacy_r2_1300,False,9,medium,12.7714,OCTAGON,compact,diag_up,5,4,250,200,1.25,moderate_advantage,0.227273,"{""MARINE"": 5}","{""MARINE"": 4}",2b417520c2dac137cfd494b642192a3ec4415e6598cd6179636e8c3295a27a2f
r2g_train_0034,configs/train/r2g_train_0034.json,train,marine_mirror_03,marine_mirror,legacy_r2_1300,False,10,medium,12.9241,NARROW,split,narrow_cross_gate,5,4,250,200,1.25,moderate_advantage,0.227273,"{""MARINE"": 5}","{""MARINE"": 4}",5bb153239af460047cb89d10de145b1088c4a7ddfde3590909083c2af7130de1
r2g_train_0035,configs/train/r2g_train_0035.json,train,marine_mirror_03,marine_mirror,legacy_r2_1300,False,11,far,16.8173,SIMPLE,staggered,horizontal,5,4,250,200,1.25,moderate_advantage,0.227273,"{""MARINE"": 5}","{""MARINE"": 4}",ec94f110cd198f94672c1be9a02e40343e1b5cc7192303db90c0e47baa5ae21e
r2g_train_0036,configs/train/r2g_train_0036.json,train,marine_mirror_03,marine_mirror,legacy_r2_1300,False,12,far,16.9574,SIMPLE,type_split,horizontal,5,4,250,200,1.25,moderate_advantage,0.227273,"{""MARINE"": 5}","{""MARINE"": 4}",95b4375df59de0d3be8266cdbceac32df5f1981bc745fba7ec6e8e0de0c6a64a
r2g_train_0037,configs/train/r2g_train_0037.json,train,marine_mirror_04,marine_mirror,legacy_r2_1300,False,1,immediate,5.5889,NARROW,compact,narrow_same_side,7,6,350,300,1.1667,moderate_advantage,0.378788,"{""MARINE"": 7}","{""MARINE"": 6}",93138763451ad5f8f1e5dbdaa256afd7289ba3d09db338b9019c9e811b4362f5
r2g_train_0038,configs/train/r2g_train_0038.json,train,marine_mirror_04,marine_mirror,legacy_r2_1300,False,2,immediate,5.3543,OCTAGON,split,diag_up,7,6,350,300,1.1667,moderate_advantage,0.378788,"{""MARINE"": 7}","{""MARINE"": 6}",66ab51d7afe597d2a660fcac1e55a7b7a17880f7cd70070eb4f21a2c86f96f93
r2g_train_0039,configs/train/r2g_train_0039.json,train,marine_mirror_04,marine_mirror,legacy_r2_1300,False,3,immediate,5.469,SIMPLE,staggered,horizontal,7,6,350,300,1.1667,moderate_advantage,0.378788,"{""MARINE"": 7}","{""MARINE"": 6}",50a19c180b9186b817e41ee26abd2b7b22b2c7dc0dc9766d7f31068706b205da
r2g_train_0040,configs/train/r2g_train_0040.json,train,marine_mirror_04,marine_mirror,legacy_r2_1300,False,4,near,8.6461,NARROW,type_split,narrow_same_side,7,6,350,300,1.1667,moderate_advantage,0.378788,"{""MARINE"": 7}","{""MARINE"": 6}",9c3385c86cf28e9f876f233ce762bab7cbbae47abf4cbf01d611ad78845664e5
r2g_train_0041,configs/train/r2g_train_0041.json,train,marine_mirror_04,marine_mirror,legacy_r2_1300,False,5,near,8.9776,OCTAGON,compact,vertical,7,6,350,300,1.1667,moderate_advantage,0.378788,"{""MARINE"": 7}","{""MARINE"": 6}",cc9b802c8dce5695708047d13df6aac4839327b1baebcf859f57270576eff721
r2g_train_0042,configs/train/r2g_train_0042.json,train,marine_mirror_04,marine_mirror,legacy_r2_1300,False,6,near,8.7183,OCTAGON,split,diag_down,7,6,350,300,1.1667,moderate_advantage,0.378788,"{""MARINE"": 7}","{""MARINE"": 6}",4060f21e859906a0f25fdb073ae41ce43339940378ccec3308424bcf1d995ae3
r2g_train_0043,configs/train/r2g_train_0043.json,train,marine_mirror_04,marine_mirror,legacy_r2_1300,False,7,near,8.7551,NARROW,staggered,narrow_same_side,7,6,350,300,1.1667,moderate_advantage,0.378788,"{""MARINE"": 7}","{""MARINE"": 6}",83b333986cc1e5fee0d97610cde94b8e03c9b99f9272c722cf0a956b3ff0255a
r2g_train_0044,configs/train/r2g_train_0044.json,train,marine_mirror_04,marine_mirror,legacy_r2_1300,False,8,medium,12.7153,SIMPLE,type_split,horizontal,7,6,350,300,1.1667,moderate_advantage,0.378788,"{""MARINE"": 7}","{""MARINE"": 6}",897764312279a683b6ef069a1b5dddd1d7e93fbb7f552540fc1b4f5104886bfb
r2g_train_0045,configs/train/r2g_train_0045.json,train,marine_mirror_04,marine_mirror,legacy_r2_1300,False,9,medium,12.6512,OCTAGON,compact,diag_up,7,6,350,300,1.1667,moderate_advantage,0.378788,"{""MARINE"": 7}","{""MARINE"": 6}",b0dca2a16a2d484630c5bfe42d3da09f0421735dd0a0226ebf794b608b16c026
r2g_train_0046,configs/train/r2g_train_0046.json,train,marine_mirror_04,marine_mirror,legacy_r2_1300,False,10,medium,12.885,NARROW,split,narrow_cross_gate,7,6,350,300,1.1667,moderate_advantage,0.378788,"{""MARINE"": 7}","{""MARINE"": 6}",1d3877a455d9d0cc88b1746fb0f97ce9b5f20bac54fe569466c997bb1469b573
r2g_train_0047,configs/train/r2g_train_0047.json,train,marine_mirror_04,marine_mirror,legacy_r2_1300,False,11,far,16.9536,SIMPLE,staggered,horizontal,7,6,350,300,1.1667,moderate_advantage,0.378788,"{""MARINE"": 7}","{""MARINE"": 6}",eec7e6ad9399c0ac971db30ed36b245f14759b555f8601711f88876e43089d05
r2g_train_0048,configs/train/r2g_train_0048.json,train,marine_mirror_04,marine_mirror,legacy_r2_1300,False,12,far,16.8344,SIMPLE,type_split,horizontal,7,6,350,300,1.1667,moderate_advantage,0.378788,"{""MARINE"": 7}","{""MARINE"": 6}",9a72bef73466d833a58b4c5de82ebf470c9a113d77a12c9eb1960b3640690483
r2g_train_0049,configs/train/r2g_train_0049.json,train,marine_mirror_05,marine_mirror,legacy_r2_1300,False,1,immediate,5.5629,NARROW,compact,narrow_same_side,9,8,450,400,1.125,moderate_advantage,0.454545,"{""MARINE"": 9}","{""MARINE"": 8}",357a7814ba54336271c1cd5554888ef5409c6ba68533c9596b4a6a32bceedb4b
r2g_train_0050,configs/train/r2g_train_0050.json,train,marine_mirror_05,marine_mirror,legacy_r2_1300,False,2,immediate,5.4485,OCTAGON,split,diag_up,9,8,450,400,1.125,moderate_advantage,0.454545,"{""MARINE"": 9}","{""MARINE"": 8}",353d4502b09c0025bdb0a6ff7a159dc5aaafef3bac699863b6d97fa4eacd189e
r2g_train_0051,configs/train/r2g_train_0051.json,train,marine_mirror_05,marine_mirror,legacy_r2_1300,False,3,immediate,5.3721,SIMPLE,staggered,horizontal,9,8,450,400,1.125,moderate_advantage,0.454545,"{""MARINE"": 9}","{""MARINE"": 8}",9958c09bd791193ca70f581f99f6b9c53d036f2803317076988fc67844e4267b
r2g_train_0052,configs/train/r2g_train_0052.json,train,marine_mirror_05,marine_mirror,legacy_r2_1300,False,4,near,8.8548,NARROW,type_split,narrow_same_side,9,8,450,400,1.125,moderate_advantage,0.454545,"{""MARINE"": 9}","{""MARINE"": 8}",d44407ba6d27d398ac4ae272958fbc977c007498576ba882b88bae4ef7a0bbee
r2g_train_0053,configs/train/r2g_train_0053.json,train,marine_mirror_05,marine_mirror,legacy_r2_1300,False,5,near,8.8136,OCTAGON,compact,vertical,9,8,450,400,1.125,moderate_advantage,0.454545,"{""MARINE"": 9}","{""MARINE"": 8}",58fbdc0ba5480264ba2c72903b5e401f364f52201dea415d1fa1f0b494a66272
r2g_train_0054,configs/train/r2g_train_0054.json,train,marine_mirror_05,marine_mirror,legacy_r2_1300,False,6,near,8.6669,OCTAGON,split,diag_down,9,8,450,400,1.125,moderate_advantage,0.454545,"{""MARINE"": 9}","{""MARINE"": 8}",a4ec736ba1b89aacf530bf4083d8a3d5477c1a7e436979ac2efee0817a01b217
r2g_train_0055,configs/train/r2g_train_0055.json,train,marine_mirror_05,marine_mirror,legacy_r2_1300,False,7,near,8.8062,NARROW,staggered,narrow_same_side,9,8,450,400,1.125,moderate_advantage,0.454545,"{""MARINE"": 9}","{""MARINE"": 8}",77ae1b5d9462f0dcb2430426e720da1a2a92ccacc6559332659ae5c58629c490
r2g_train_0056,configs/train/r2g_train_0056.json,train,marine_mirror_05,marine_mirror,legacy_r2_1300,False,8,medium,12.946,SIMPLE,type_split,horizontal,9,8,450,400,1.125,moderate_advantage,0.454545,"{""MARINE"": 9}","{""MARINE"": 8}",ef16bb62ddf78fed56709c8ab6b77460a988c3287f45b03c0a2a04b404c0b239
r2g_train_0057,configs/train/r2g_train_0057.json,train,marine_mirror_05,marine_mirror,legacy_r2_1300,False,9,medium,12.6202,OCTAGON,compact,diag_up,9,8,450,400,1.125,moderate_advantage,0.454545,"{""MARINE"": 9}","{""MARINE"": 8}",c26bc632cfcb6b4abb67824afc344696672f42d5ff40384617d5049f647dbc7a
r2g_train_0058,configs/train/r2g_train_0058.json,train,marine_mirror_05,marine_mirror,legacy_r2_1300,False,10,medium,12.994,NARROW,split,narrow_cross_gate,9,8,450,400,1.125,moderate_advantage,0.454545,"{""MARINE"": 9}","{""MARINE"": 8}",e321228976db13b58f19aac9a34ff9337ec16590616f312e80a4552ad9359136
r2g_train_0059,configs/train/r2g_train_0059.json,train,marine_mirror_05,marine_mirror,legacy_r2_1300,False,11,far,16.923,SIMPLE,staggered,horizontal,9,8,450,400,1.125,moderate_advantage,0.454545,"{""MARINE"": 9}","{""MARINE"": 8}",0e906f4115b01fd03e6b3bd2865ea644aecbd03d078640493f339161c3fab545
r2g_train_0060,configs/train/r2g_train_0060.json,train,marine_mirror_05,marine_mirror,legacy_r2_1300,False,12,far,16.995,SIMPLE,type_split,horizontal,9,8,450,400,1.125,moderate_advantage,0.454545,"{""MARINE"": 9}","{""MARINE"": 8}",3bc3a15cd2db18fb79fb1f87c961b85fb0d8f4f9efcad826ce7eaa19f5f1fd5a
r2g_train_0061,configs/train/r2g_train_0061.json,train,stalker_mirror_01,stalker_mirror,legacy_r2_1300,False,1,immediate,5.2742,NARROW,compact,narrow_same_side,3,2,375,250,1.5,strong_advantage,0.0,"{""STALKER"": 3}","{""STALKER"": 2}",e23b963c5aee5c29f21fe7374124a29970ea44346928adc5f2a45d1ef20c2b50
r2g_train_0062,configs/train/r2g_train_0062.json,train,stalker_mirror_01,stalker_mirror,legacy_r2_1300,False,2,immediate,5.5352,OCTAGON,split,diag_up,3,2,375,250,1.5,strong_advantage,0.0,"{""STALKER"": 3}","{""STALKER"": 2}",8aa336cea89536b75d9ba452a69bf934db871e2a400543f9e71abd76766072d0
r2g_train_0063,configs/train/r2g_train_0063.json,train,stalker_mirror_01,stalker_mirror,legacy_r2_1300,False,3,immediate,5.5839,SIMPLE,staggered,horizontal,3,2,375,250,1.5,strong_advantage,0.0,"{""STALKER"": 3}","{""STALKER"": 2}",0fea327985d990af603484207de6553c961ce5c97c185be6711f7ae41444c8fd
r2g_train_0064,configs/train/r2g_train_0064.json,train,stalker_mirror_01,stalker_mirror,legacy_r2_1300,False,4,near,8.6531,NARROW,type_split,narrow_same_side,3,2,375,250,1.5,strong_advantage,0.0,"{""STALKER"": 3}","{""STALKER"": 2}",b15d88dc1b4180406950eb246f85392be46c5ceeeb1b4ac3162943e936bdaf2f
r2g_train_0065,configs/train/r2g_train_0065.json,train,stalker_mirror_01,stalker_mirror,legacy_r2_1300,False,5,near,8.8001,OCTAGON,compact,vertical,3,2,375,250,1.5,strong_advantage,0.0,"{""STALKER"": 3}","{""STALKER"": 2}",fd3e30672c69823523cb96c34563ba8f43e3c4c3161b8c5a2ce21639a6275991
r2g_train_0066,configs/train/r2g_train_0066.json,train,stalker_mirror_01,stalker_mirror,legacy_r2_1300,False,6,near,8.6222,OCTAGON,split,diag_down,3,2,375,250,1.5,strong_advantage,0.0,"{""STALKER"": 3}","{""STALKER"": 2}",75dab3f99f0865e35f100a04adbf8e70c7eb40546649f67895fa97bf3661fb12
r2g_train_0067,configs/train/r2g_train_0067.json,train,stalker_mirror_01,stalker_mirror,legacy_r2_1300,False,7,near,8.9911,NARROW,staggered,narrow_same_side,3,2,375,250,1.5,strong_advantage,0.0,"{""STALKER"": 3}","{""STALKER"": 2}",caa8998c678732794ca735683fae0194a50e5a864e8f06d614c29a868e8f1bda
r2g_train_0068,configs/train/r2g_train_0068.json,train,stalker_mirror_01,stalker_mirror,legacy_r2_1300,False,8,medium,12.679,SIMPLE,type_split,horizontal,3,2,375,250,1.5,strong_advantage,0.0,"{""STALKER"": 3}","{""STALKER"": 2}",683d1673b43ddc5a578e62c7c6e817d92dde2909ed39f18f4281832c527210d7
r2g_train_0069,configs/train/r2g_train_0069.json,train,stalker_mirror_01,stalker_mirror,legacy_r2_1300,False,9,medium,12.7599,OCTAGON,compact,diag_up,3,2,375,250,1.5,strong_advantage,0.0,"{""STALKER"": 3}","{""STALKER"": 2}",2fd4787e5b4564d3d8bab4625193c8044d4b58992c35e72ae93dc6d072724f96
r2g_train_0070,configs/train/r2g_train_0070.json,train,stalker_mirror_01,stalker_mirror,legacy_r2_1300,False,10,medium,12.7988,NARROW,split,narrow_cross_gate,3,2,375,250,1.5,strong_advantage,0.0,"{""STALKER"": 3}","{""STALKER"": 2}",d41a3c0b9678e37054ef3df1d8aa2c40a951332ea14189bf38eed9e33e00a440
r2g_train_0071,configs/train/r2g_train_0071.json,train,stalker_mirror_01,stalker_mirror,legacy_r2_1300,False,11,far,17.0893,SIMPLE,staggered,horizontal,3,2,375,250,1.5,strong_advantage,0.0,"{""STALKER"": 3}","{""STALKER"": 2}",7eaac29c39523cf46136adcc73d98107c42ef0ca376cdd77e31c8c1768564a4f
r2g_train_0072,configs/train/r2g_train_0072.json,train,stalker_mirror_01,stalker_mirror,legacy_r2_1300,False,12,far,17.1963,SIMPLE,type_split,horizontal,3,2,375,250,1.5,strong_advantage,0.0,"{""STALKER"": 3}","{""STALKER"": 2}",d7fa6184e045591b290cfa846cdad35af2926ae6a89b31e4bc8d080eb76f8e9b
r2g_train_0073,configs/train/r2g_train_0073.json,train,stalker_mirror_02,stalker_mirror,legacy_r2_1300,False,1,immediate,5.3922,NARROW,compact,narrow_same_side,4,3,500,375,1.3333,moderate_advantage,0.075758,"{""STALKER"": 4}","{""STALKER"": 3}",eba333a6550412b7919539d0fed29c4c5725c94ec2e9108834005053e78ca1f8
r2g_train_0074,configs/train/r2g_train_0074.json,train,stalker_mirror_02,stalker_mirror,legacy_r2_1300,False,2,immediate,5.3086,OCTAGON,split,diag_up,4,3,500,375,1.3333,moderate_advantage,0.075758,"{""STALKER"": 4}","{""STALKER"": 3}",f3d3bc016b7c56566103867b9638925d7a667fae7f3887767147e4745546bb4c
r2g_train_0075,configs/train/r2g_train_0075.json,train,stalker_mirror_02,stalker_mirror,legacy_r2_1300,False,3,immediate,5.3576,SIMPLE,staggered,horizontal,4,3,500,375,1.3333,moderate_advantage,0.075758,"{""STALKER"": 4}","{""STALKER"": 3}",4cd9b96fb4d3b530d183d65b40b88b29f862f668eecd7ab5eef09c0e5eee6e6f
r2g_train_0076,configs/train/r2g_train_0076.json,train,stalker_mirror_02,stalker_mirror,legacy_r2_1300,False,4,near,8.985,NARROW,type_split,narrow_same_side,4,3,500,375,1.3333,moderate_advantage,0.075758,"{""STALKER"": 4}","{""STALKER"": 3}",2dc41225d3f6d870b36f593114aa76ab7cedaafef053cfbd5de7a421d7c2d6f8
r2g_train_0077,configs/train/r2g_train_0077.json,train,stalker_mirror_02,stalker_mirror,legacy_r2_1300,False,5,near,8.6001,OCTAGON,compact,vertical,4,3,500,375,1.3333,moderate_advantage,0.075758,"{""STALKER"": 4}","{""STALKER"": 3}",299124b76dd43b9d51221f649db22ae8f3991dfb131489db260f08e185364fcc
r2g_train_0078,configs/train/r2g_train_0078.json,train,stalker_mirror_02,stalker_mirror,legacy_r2_1300,False,6,near,8.8515,OCTAGON,split,diag_down,4,3,500,375,1.3333,moderate_advantage,0.075758,"{""STALKER"": 4}","{""STALKER"": 3}",206b4db0ca49d4c64169e851ea6835e70d36607700e59f7b8944b90c9c7571fd
r2g_train_0079,configs/train/r2g_train_0079.json,train,stalker_mirror_02,stalker_mirror,legacy_r2_1300,False,7,near,8.7386,NARROW,staggered,narrow_same_side,4,3,500,375,1.3333,moderate_advantage,0.075758,"{""STALKER"": 4}","{""STALKER"": 3}",51e78c8cdee687015c8aa7900e3df27f3aca31d5c81618711996615f2e9e868c
r2g_train_0080,configs/train/r2g_train_0080.json,train,stalker_mirror_02,stalker_mirror,legacy_r2_1300,False,8,medium,12.8329,SIMPLE,type_split,horizontal,4,3,500,375,1.3333,moderate_advantage,0.075758,"{""STALKER"": 4}","{""STALKER"": 3}",e6b2fcfa737795232dcd3f15ceb61a3a561f4ad7b22974cc18edddd1dfe3a026
r2g_train_0081,configs/train/r2g_train_0081.json,train,stalker_mirror_02,stalker_mirror,legacy_r2_1300,False,9,medium,12.8214,OCTAGON,compact,diag_up,4,3,500,375,1.3333,moderate_advantage,0.075758,"{""STALKER"": 4}","{""STALKER"": 3}",c19a45fd2d0f99f26e1e19295822afdc1dfe8c5fff4000ce22f314c5b960d1e2
r2g_train_0082,configs/train/r2g_train_0082.json,train,stalker_mirror_02,stalker_mirror,legacy_r2_1300,False,10,medium,12.9697,NARROW,split,narrow_cross_gate,4,3,500,375,1.3333,moderate_advantage,0.075758,"{""STALKER"": 4}","{""STALKER"": 3}",d430dae732c3eb96418340bc2ae1c62c83de6c9c00157342398d357900d2d227
r2g_train_0083,configs/train/r2g_train_0083.json,train,stalker_mirror_02,stalker_mirror,legacy_r2_1300,False,11,far,16.8203,SIMPLE,staggered,horizontal,4,3,500,375,1.3333,moderate_advantage,0.075758,"{""STALKER"": 4}","{""STALKER"": 3}",ad157835c1051f6c5630857f5b6bf015e53edf4a9671773355be51dd0a90623b
r2g_train_0084,configs/train/r2g_train_0084.json,train,stalker_mirror_02,stalker_mirror,legacy_r2_1300,False,12,far,17.1479,SIMPLE,type_split,horizontal,4,3,500,375,1.3333,moderate_advantage,0.075758,"{""STALKER"": 4}","{""STALKER"": 3}",386b66b1f54937bc936250777c78e0349cb4c3129122c14d30f97751f68f9bbb
r2g_train_0085,configs/train/r2g_train_0085.json,train,stalker_mirror_03,stalker_mirror,legacy_r2_1300,False,1,immediate,5.4991,NARROW,compact,narrow_same_side,5,4,625,500,1.25,moderate_advantage,0.227273,"{""STALKER"": 5}","{""STALKER"": 4}",155302a41bfb8cf66ba9a06a0c1e667523fe62e05d540803b3305c61be068d30
r2g_train_0086,configs/train/r2g_train_0086.json,train,stalker_mirror_03,stalker_mirror,legacy_r2_1300,False,2,immediate,5.3282,OCTAGON,split,diag_up,5,4,625,500,1.25,moderate_advantage,0.227273,"{""STALKER"": 5}","{""STALKER"": 4}",355477bc9210758a1f3816823504f4f82155645c1261a567ae6c3319712545dc
r2g_train_0087,configs/train/r2g_train_0087.json,train,stalker_mirror_03,stalker_mirror,legacy_r2_1300,False,3,immediate,5.2942,SIMPLE,staggered,horizontal,5,4,625,500,1.25,moderate_advantage,0.227273,"{""STALKER"": 5}","{""STALKER"": 4}",8c84e407ee597c41ac94a9b220027b258e52dda58334d5ec7cb7e4af94fd85f9
r2g_train_0088,configs/train/r2g_train_0088.json,train,stalker_mirror_03,stalker_mirror,legacy_r2_1300,False,4,near,8.6951,NARROW,type_split,narrow_same_side,5,4,625,500,1.25,moderate_advantage,0.227273,"{""STALKER"": 5}","{""STALKER"": 4}",2c5c200be818ab61c2c24a8c5afe0484c79d3f557681a0aac21bbce3778aee7b
r2g_train_0089,configs/train/r2g_train_0089.json,train,stalker_mirror_03,stalker_mirror,legacy_r2_1300,False,5,near,8.9675,OCTAGON,compact,vertical,5,4,625,500,1.25,moderate_advantage,0.227273,"{""STALKER"": 5}","{""STALKER"": 4}",09632b0245f1e724c54257b81dae8c8836f48389e0ec38bcfe80059e7b620079
r2g_train_0090,configs/train/r2g_train_0090.json,train,stalker_mirror_03,stalker_mirror,legacy_r2_1300,False,6,near,8.6012,OCTAGON,split,diag_down,5,4,625,500,1.25,moderate_advantage,0.227273,"{""STALKER"": 5}","{""STALKER"": 4}",2993aae268f4d424144b4252177e0767251aee7bdf45feb7a7b5a29dff5abecc
r2g_train_0091,configs/train/r2g_train_0091.json,train,stalker_mirror_03,stalker_mirror,legacy_r2_1300,False,7,near,8.9531,NARROW,staggered,narrow_same_side,5,4,625,500,1.25,moderate_advantage,0.227273,"{""STALKER"": 5}","{""STALKER"": 4}",7bdab90997b4c7fbb593e0c18cfb72b26d3f2e3ed4d468c6c3c0f166f7d4fd26
r2g_train_0092,configs/train/r2g_train_0092.json,train,stalker_mirror_03,stalker_mirror,legacy_r2_1300,False,8,medium,12.7434,SIMPLE,type_split,horizontal,5,4,625,500,1.25,moderate_advantage,0.227273,"{""STALKER"": 5}","{""STALKER"": 4}",d82fb8711db892fec3db043bee8a5b4fb5900f0342fd980eaff477ecc809bed9
r2g_train_0093,configs/train/r2g_train_0093.json,train,stalker_mirror_03,stalker_mirror,legacy_r2_1300,False,9,medium,12.9823,OCTAGON,compact,diag_up,5,4,625,500,1.25,moderate_advantage,0.227273,"{""STALKER"": 5}","{""STALKER"": 4}",6a014035acfd029c4db837892bfd4eb57cee08f18af7193f2314f71780c38c5e
r2g_train_0094,configs/train/r2g_train_0094.json,train,stalker_mirror_03,stalker_mirror,legacy_r2_1300,False,10,medium,12.8071,NARROW,split,narrow_cross_gate,5,4,625,500,1.25,moderate_advantage,0.227273,"{""STALKER"": 5}","{""STALKER"": 4}",f605da9cedde65e24491f62a0c689a055df5ed639cf424955977732ce2e1b6e1
r2g_train_0095,configs/train/r2g_train_0095.json,train,stalker_mirror_03,stalker_mirror,legacy_r2_1300,False,11,far,16.9536,SIMPLE,staggered,horizontal,5,4,625,500,1.25,moderate_advantage,0.227273,"{""STALKER"": 5}","{""STALKER"": 4}",19ce8883d04f373ffd3c9fcd4e45bce80b2b49ba0f041172ab8c838960ea4321
r2g_train_0096,configs/train/r2g_train_0096.json,train,stalker_mirror_03,stalker_mirror,legacy_r2_1300,False,12,far,16.9081,SIMPLE,type_split,horizontal,5,4,625,500,1.25,moderate_advantage,0.227273,"{""STALKER"": 5}","{""STALKER"": 4}",8e07238e3db5fbd3097fa0c6270c940a696e4db3f4c3b83c51cf86a4753f3b40
r2g_train_0097,configs/train/r2g_train_0097.json,train,stalker_mirror_04,stalker_mirror,legacy_r2_1300,False,1,immediate,5.5899,NARROW,compact,narrow_same_side,7,6,875,750,1.1667,moderate_advantage,0.378788,"{""STALKER"": 7}","{""STALKER"": 6}",b594b2e36562f4c752e6fc586622b4b698e8f99ebacf275934c0d86b0a2d17c9
r2g_train_0098,configs/train/r2g_train_0098.json,train,stalker_mirror_04,stalker_mirror,legacy_r2_1300,False,2,immediate,5.4924,OCTAGON,split,diag_up,7,6,875,750,1.1667,moderate_advantage,0.378788,"{""STALKER"": 7}","{""STALKER"": 6}",9c33e3cd9545a7399a6e2fcdedce5873d05695fbc22b2b057551d896f5decc8d
r2g_train_0099,configs/train/r2g_train_0099.json,train,stalker_mirror_04,stalker_mirror,legacy_r2_1300,False,3,immediate,5.528,SIMPLE,staggered,horizontal,7,6,875,750,1.1667,moderate_advantage,0.378788,"{""STALKER"": 7}","{""STALKER"": 6}",69d2c8f190c705b27c46c6c9cd2dff215ed2f6b9198d5f289dbe82e1dabe915b
r2g_train_0100,configs/train/r2g_train_0100.json,train,stalker_mirror_04,stalker_mirror,legacy_r2_1300,False,4,near,8.6551,NARROW,type_split,narrow_same_side,7,6,875,750,1.1667,moderate_advantage,0.378788,"{""STALKER"": 7}","{""STALKER"": 6}",a9aaf385fe22cdbfc6ddef32fcde0c106ce08d64ba541beac887f3a44b3cc1a2
r2g_train_0101,configs/train/r2g_train_0101.json,train,stalker_mirror_04,stalker_mirror,legacy_r2_1300,False,5,near,8.8976,OCTAGON,compact,vertical,7,6,875,750,1.1667,moderate_advantage,0.378788,"{""STALKER"": 7}","{""STALKER"": 6}",a10bce5ea67d9095e96c83b4c7128299700eede99d2aed7a629bf0e4e91d78a3
r2g_train_0102,configs/train/r2g_train_0102.json,train,stalker_mirror_04,stalker_mirror,legacy_r2_1300,False,6,near,8.6848,OCTAGON,split,diag_down,7,6,875,750,1.1667,moderate_advantage,0.378788,"{""STALKER"": 7}","{""STALKER"": 6}",ab5200af06295f4b64244f6327465e272c3b4fc07995eb77c38b11a1d09fd931
r2g_train_0103,configs/train/r2g_train_0103.json,train,stalker_mirror_04,stalker_mirror,legacy_r2_1300,False,7,near,8.8911,NARROW,staggered,narrow_same_side,7,6,875,750,1.1667,moderate_advantage,0.378788,"{""STALKER"": 7}","{""STALKER"": 6}",c932aaa7fda730fb6c51861325317f2b9ace0ce5c825358b862b9a759331f3b4
r2g_train_0104,configs/train/r2g_train_0104.json,train,stalker_mirror_04,stalker_mirror,legacy_r2_1300,False,8,medium,12.6963,SIMPLE,type_split,horizontal,7,6,875,750,1.1667,moderate_advantage,0.378788,"{""STALKER"": 7}","{""STALKER"": 6}",cf32c6c376fe8f23f21ed672545e748d94d1fc5f7364759ec94fc9c08efc326b
r2g_train_0105,configs/train/r2g_train_0105.json,train,stalker_mirror_04,stalker_mirror,legacy_r2_1300,False,9,medium,12.9833,OCTAGON,compact,diag_up,7,6,875,750,1.1667,moderate_advantage,0.378788,"{""STALKER"": 7}","{""STALKER"": 6}",2c3cde6527ffbd9ef4b466943ad52067f0e30047b665cc5e095cfc0d4f8e770f
r2g_train_0106,configs/train/r2g_train_0106.json,train,stalker_mirror_04,stalker_mirror,legacy_r2_1300,False,10,medium,12.907,NARROW,split,narrow_cross_gate,7,6,875,750,1.1667,moderate_advantage,0.378788,"{""STALKER"": 7}","{""STALKER"": 6}",4937ad783c2a00c905a6007732bd0db404557af747b36662d0e1aa8cdff77acb
r2g_train_0107,configs/train/r2g_train_0107.json,train,stalker_mirror_04,stalker_mirror,legacy_r2_1300,False,11,far,16.885,SIMPLE,staggered,horizontal,7,6,875,750,1.1667,moderate_advantage,0.378788,"{""STALKER"": 7}","{""STALKER"": 6}",0eed27211a562fb8bb6507ea14c28800bbff5a8a342a1241f87e59c9bb80742c
r2g_train_0108,configs/train/r2g_train_0108.json,train,stalker_mirror_04,stalker_mirror,legacy_r2_1300,False,12,far,16.9912,SIMPLE,type_split,horizontal,7,6,875,750,1.1667,moderate_advantage,0.378788,"{""STALKER"": 7}","{""STALKER"": 6}",ba54edae5c1007b97dcccc5c4c3c4030156671fdbaf6afcc3e1cb645f3675c1b
r2g_train_0109,configs/train/r2g_train_0109.json,train,stalker_mirror_05,stalker_mirror,legacy_r2_1300,False,1,immediate,5.4969,NARROW,compact,narrow_same_side,9,8,1125,1000,1.125,moderate_advantage,0.454545,"{""STALKER"": 9}","{""STALKER"": 8}",bf54838a6ea5e25203613d3f6241103f139f4d061e76cd53eed38290509e556e
r2g_train_0110,configs/train/r2g_train_0110.json,train,stalker_mirror_05,stalker_mirror,legacy_r2_1300,False,2,immediate,5.5683,OCTAGON,split,diag_up,9,8,1125,1000,1.125,moderate_advantage,0.454545,"{""STALKER"": 9}","{""STALKER"": 8}",2569937234d98a66e809ed8f057c09dd79d2470332edf7632252a74577cf2016
r2g_train_0111,configs/train/r2g_train_0111.json,train,stalker_mirror_05,stalker_mirror,legacy_r2_1300,False,3,immediate,5.5141,SIMPLE,staggered,horizontal,9,8,1125,1000,1.125,moderate_advantage,0.454545,"{""STALKER"": 9}","{""STALKER"": 8}",e259dae481a8680a1c67f41887ae2b1a818c53398eef59de05c1b761c71fb7db
r2g_train_0112,configs/train/r2g_train_0112.json,train,stalker_mirror_05,stalker_mirror,legacy_r2_1300,False,4,near,8.6084,NARROW,type_split,narrow_same_side,9,8,1125,1000,1.125,moderate_advantage,0.454545,"{""STALKER"": 9}","{""STALKER"": 8}",b22452c2d221f126598f1ef320ec2775a52653928b3a41ae0f4121d501481eb9
r2g_train_0113,configs/train/r2g_train_0113.json,train,stalker_mirror_05,stalker_mirror,legacy_r2_1300,False,5,near,8.9216,OCTAGON,compact,vertical,9,8,1125,1000,1.125,moderate_advantage,0.454545,"{""STALKER"": 9}","{""STALKER"": 8}",330ecb63bbce3537175966e8dc4ed937e13e9f0f1d47ea00673561d80259c290
r2g_train_0114,configs/train/r2g_train_0114.json,train,stalker_mirror_05,stalker_mirror,legacy_r2_1300,False,6,near,8.7982,OCTAGON,split,diag_down,9,8,1125,1000,1.125,moderate_advantage,0.454545,"{""STALKER"": 9}","{""STALKER"": 8}",621156f02f127241b282daaa8e01ce03f6b35eea088a26b0c20f1179f975ccd6
r2g_train_0115,configs/train/r2g_train_0115.json,train,stalker_mirror_05,stalker_mirror,legacy_r2_1300,False,7,near,8.8821,NARROW,staggered,narrow_same_side,9,8,1125,1000,1.125,moderate_advantage,0.454545,"{""STALKER"": 9}","{""STALKER"": 8}",b533bfba351c4cce5e6a339d1b6b167af3fff8a9730a0d0b47b86c9f107a92da
r2g_train_0116,configs/train/r2g_train_0116.json,train,stalker_mirror_05,stalker_mirror,legacy_r2_1300,False,8,medium,12.622,SIMPLE,type_split,horizontal,9,8,1125,1000,1.125,moderate_advantage,0.454545,"{""STALKER"": 9}","{""STALKER"": 8}",8a03d4562254e335324a81dbb4d0edb0efa24231f9102297a2b22fada773742c
r2g_train_0117,configs/train/r2g_train_0117.json,train,stalker_mirror_05,stalker_mirror,legacy_r2_1300,False,9,medium,12.9669,OCTAGON,compact,diag_up,9,8,1125,1000,1.125,moderate_advantage,0.454545,"{""STALKER"": 9}","{""STALKER"": 8}",c3f6122905c05c7145f42a24cf81d6662482bd5aec7a82191364b69a8223ec05
r2g_train_0118,configs/train/r2g_train_0118.json,train,stalker_mirror_05,stalker_mirror,legacy_r2_1300,False,10,medium,12.98,NARROW,split,narrow_cross_gate,9,8,1125,1000,1.125,moderate_advantage,0.454545,"{""STALKER"": 9}","{""STALKER"": 8}",df92eb08926a734935f7ff8bfe5ab227e629e0f95c34ab625b814483635108aa
r2g_train_0119,configs/train/r2g_train_0119.json,train,stalker_mirror_05,stalker_mirror,legacy_r2_1300,False,11,far,16.941,SIMPLE,staggered,horizontal,9,8,1125,1000,1.125,moderate_advantage,0.454545,"{""STALKER"": 9}","{""STALKER"": 8}",0fad865f5db05d5464d367fae1be362d77221b8506449823081c962d1e00b164
r2g_train_0120,configs/train/r2g_train_0120.json,train,stalker_mirror_05,stalker_mirror,legacy_r2_1300,False,12,far,17.153,SIMPLE,type_split,horizontal,9,8,1125,1000,1.125,moderate_advantage,0.454545,"{""STALKER"": 9}","{""STALKER"": 8}",71f3cfc4f8710f33df9c416e431f6be253b40375b021f833efc60f7e5e455a99
r2g_train_0121,configs/train/r2g_train_0121.json,train,zealot_vs_zergling_01,zealot_vs_zergling,legacy_r2_1300,False,1,immediate,5.3897,NARROW,compact,narrow_same_side,2,6,200,150,1.3333,moderate_advantage,0.075758,"{""ZEALOT"": 2}","{""ZERGLING"": 6}",c7307a5cdcf73c0ddec63f80497d89de84d312b84d921c58cb832977517a836d
r2g_train_0122,configs/train/r2g_train_0122.json,train,zealot_vs_zergling_01,zealot_vs_zergling,legacy_r2_1300,False,2,immediate,5.4415,OCTAGON,split,diag_up,2,6,200,150,1.3333,moderate_advantage,0.075758,"{""ZEALOT"": 2}","{""ZERGLING"": 6}",dc676c0f8a6ab31a270f4dda11dddc53ad49fe07d37429f2e3dd61baf78fcb08
r2g_train_0123,configs/train/r2g_train_0123.json,train,zealot_vs_zergling_01,zealot_vs_zergling,legacy_r2_1300,False,3,immediate,5.2417,SIMPLE,staggered,horizontal,2,6,200,150,1.3333,moderate_advantage,0.075758,"{""ZEALOT"": 2}","{""ZERGLING"": 6}",57ede3a787b84d8732531fed3a4ec781122fd51367adccfd93644a0f5a67de65
r2g_train_0124,configs/train/r2g_train_0124.json,train,zealot_vs_zergling_01,zealot_vs_zergling,legacy_r2_1300,False,4,near,8.734,NARROW,type_split,narrow_same_side,2,6,200,150,1.3333,moderate_advantage,0.075758,"{""ZEALOT"": 2}","{""ZERGLING"": 6}",d4173ddac1e928e37d6f8cbecf7d8d46e1662263aed961b8e2c91a50275c88bb
r2g_train_0125,configs/train/r2g_train_0125.json,train,zealot_vs_zergling_01,zealot_vs_zergling,legacy_r2_1300,False,5,near,8.6603,OCTAGON,compact,vertical,2,6,200,150,1.3333,moderate_advantage,0.075758,"{""ZEALOT"": 2}","{""ZERGLING"": 6}",7fce42acac4d962901377e715ac0f42c90f3c4bcc0ecee4e9de4ceff83858273
r2g_train_0126,configs/train/r2g_train_0126.json,train,zealot_vs_zergling_01,zealot_vs_zergling,legacy_r2_1300,False,6,near,8.8609,OCTAGON,split,diag_down,2,6,200,150,1.3333,moderate_advantage,0.075758,"{""ZEALOT"": 2}","{""ZERGLING"": 6}",482170cb11646692ddafde8d51cef30ce2e7c8d37052c0593c162849013dbd73
r2g_train_0127,configs/train/r2g_train_0127.json,train,zealot_vs_zergling_01,zealot_vs_zergling,legacy_r2_1300,False,7,near,8.6338,NARROW,staggered,narrow_same_side,2,6,200,150,1.3333,moderate_advantage,0.075758,"{""ZEALOT"": 2}","{""ZERGLING"": 6}",5d1844d316e00900a7493b7c81f20e5e5dfc795bfa9a2729aa5c134c34aa337a
r2g_train_0128,configs/train/r2g_train_0128.json,train,zealot_vs_zergling_01,zealot_vs_zergling,legacy_r2_1300,False,8,medium,12.763,SIMPLE,type_split,horizontal,2,6,200,150,1.3333,moderate_advantage,0.075758,"{""ZEALOT"": 2}","{""ZERGLING"": 6}",90d80929489234fdf52c5a29183e91590a3aef66ca46a92f0b0dfd3796b33f87
r2g_train_0129,configs/train/r2g_train_0129.json,train,zealot_vs_zergling_01,zealot_vs_zergling,legacy_r2_1300,False,9,medium,12.9759,OCTAGON,compact,diag_up,2,6,200,150,1.3333,moderate_advantage,0.075758,"{""ZEALOT"": 2}","{""ZERGLING"": 6}",b744a8236b6a2558c5da04505a109e4538ba3149ad3ff5caac7bfd122445f5fa
r2g_train_0130,configs/train/r2g_train_0130.json,train,zealot_vs_zergling_01,zealot_vs_zergling,legacy_r2_1300,False,10,medium,12.944,NARROW,split,narrow_cross_gate,2,6,200,150,1.3333,moderate_advantage,0.075758,"{""ZEALOT"": 2}","{""ZERGLING"": 6}",434c7f424587b2d5a9d64026eaf842943295de305cd945bc42982d146ccb96e0
r2g_train_0131,configs/train/r2g_train_0131.json,train,zealot_vs_zergling_01,zealot_vs_zergling,legacy_r2_1300,False,11,far,16.9761,SIMPLE,staggered,horizontal,2,6,200,150,1.3333,moderate_advantage,0.075758,"{""ZEALOT"": 2}","{""ZERGLING"": 6}",00b87b1a31fbf419d73e03112d6543333a8244c93787b431018a9b7a828e102d
r2g_train_0132,configs/train/r2g_train_0132.json,train,zealot_vs_zergling_01,zealot_vs_zergling,legacy_r2_1300,False,12,far,16.9214,SIMPLE,type_split,horizontal,2,6,200,150,1.3333,moderate_advantage,0.075758,"{""ZEALOT"": 2}","{""ZERGLING"": 6}",9c12355ae987c3d6b35c50eec34fe4212436ebdc5538e697985fa98daa42c402
r2g_train_0133,configs/train/r2g_train_0133.json,train,zealot_vs_zergling_02,zealot_vs_zergling,legacy_r2_1300,False,1,immediate,5.4697,NARROW,compact,narrow_same_side,2,7,200,175,1.1429,moderate_advantage,0.422078,"{""ZEALOT"": 2}","{""ZERGLING"": 7}",b18043e26693371f2dd43086777acbd416f8ccd3ba3e381dd99e82e3f9c738b3
r2g_train_0134,configs/train/r2g_train_0134.json,train,zealot_vs_zergling_02,zealot_vs_zergling,legacy_r2_1300,False,2,immediate,5.2108,OCTAGON,split,diag_up,2,7,200,175,1.1429,moderate_advantage,0.422078,"{""ZEALOT"": 2}","{""ZERGLING"": 7}",e104b53b6fa6a8de81e4a47e4e99ab1636c0fba479c253945ebe2d1c09dfd577
r2g_train_0135,configs/train/r2g_train_0135.json,train,zealot_vs_zergling_02,zealot_vs_zergling,legacy_r2_1300,False,3,immediate,5.4927,SIMPLE,staggered,horizontal,2,7,200,175,1.1429,moderate_advantage,0.422078,"{""ZEALOT"": 2}","{""ZERGLING"": 7}",d3844a754b160c56d56e100ae53854dd976f25d15ea0838c64d3099f98903f7a
r2g_train_0136,configs/train/r2g_train_0136.json,train,zealot_vs_zergling_02,zealot_vs_zergling,legacy_r2_1300,False,4,near,8.7972,NARROW,type_split,narrow_same_side,2,7,200,175,1.1429,moderate_advantage,0.422078,"{""ZEALOT"": 2}","{""ZERGLING"": 7}",3be7ba8f9b0d23ea083aa5fdd2b9ddf56c35292c5f95ca778b1931df88c14e6e
r2g_train_0137,configs/train/r2g_train_0137.json,train,zealot_vs_zergling_02,zealot_vs_zergling,legacy_r2_1300,False,5,near,8.8413,OCTAGON,compact,vertical,2,7,200,175,1.1429,moderate_advantage,0.422078,"{""ZEALOT"": 2}","{""ZERGLING"": 7}",058b66b8d59a66d65212af83b3ff3511ae7f604fe35de9651410355dd35160d6
r2g_train_0138,configs/train/r2g_train_0138.json,train,zealot_vs_zergling_02,zealot_vs_zergling,legacy_r2_1300,False,6,near,8.8938,OCTAGON,split,diag_down,2,7,200,175,1.1429,moderate_advantage,0.422078,"{""ZEALOT"": 2}","{""ZERGLING"": 7}",149e81b648a029ed3cf19edefcefa7c607fb9b92301e775dfd50eff2a404a471
r2g_train_0139,configs/train/r2g_train_0139.json,train,zealot_vs_zergling_02,zealot_vs_zergling,legacy_r2_1300,False,7,near,8.7768,NARROW,staggered,narrow_same_side,2,7,200,175,1.1429,moderate_advantage,0.422078,"{""ZEALOT"": 2}","{""ZERGLING"": 7}",5b03b51fa9abcba619fd24f702c0410c5f0b51a39f90b035f51b3a0e16fefaa8
r2g_train_0140,configs/train/r2g_train_0140.json,train,zealot_vs_zergling_02,zealot_vs_zergling,legacy_r2_1300,False,8,medium,12.7244,SIMPLE,type_split,horizontal,2,7,200,175,1.1429,moderate_advantage,0.422078,"{""ZEALOT"": 2}","{""ZERGLING"": 7}",b15cb59cab43d8593a52c6ac96efc28a724f70e3900e81690574f450e1f8b20f
r2g_train_0141,configs/train/r2g_train_0141.json,train,zealot_vs_zergling_02,zealot_vs_zergling,legacy_r2_1300,False,9,medium,12.6437,OCTAGON,compact,diag_up,2,7,200,175,1.1429,moderate_advantage,0.422078,"{""ZEALOT"": 2}","{""ZERGLING"": 7}",c23fe772126de659bfb15734b6e83585f10794364e5184d35726ef541a50e683
r2g_train_0142,configs/train/r2g_train_0142.json,train,zealot_vs_zergling_02,zealot_vs_zergling,legacy_r2_1300,False,10,medium,12.9086,NARROW,split,narrow_cross_gate,2,7,200,175,1.1429,moderate_advantage,0.422078,"{""ZEALOT"": 2}","{""ZERGLING"": 7}",757a975b3b4469acc767fa8b337fe17d7f9b1e0f3d02baa140dda6451e0b6e73
r2g_train_0143,configs/train/r2g_train_0143.json,train,zealot_vs_zergling_02,zealot_vs_zergling,legacy_r2_1300,False,11,far,17.0606,SIMPLE,staggered,horizontal,2,7,200,175,1.1429,moderate_advantage,0.422078,"{""ZEALOT"": 2}","{""ZERGLING"": 7}",541362734ab5548ec462fe5c0a4d1b533041a470917fd6a58a9605726ccd7752
r2g_train_0144,configs/train/r2g_train_0144.json,train,zealot_vs_zergling_02,zealot_vs_zergling,legacy_r2_1300,False,12,far,17.1153,SIMPLE,type_split,horizontal,2,7,200,175,1.1429,moderate_advantage,0.422078,"{""ZEALOT"": 2}","{""ZERGLING"": 7}",e1533b989ac7a5a97321b7c4080e0098d36406baf36e0caf70e53190ae9c7446
r2g_train_0145,configs/train/r2g_train_0145.json,train,zealot_vs_zergling_03,zealot_vs_zergling,legacy_r2_1300,False,1,immediate,5.2327,NARROW,compact,narrow_same_side,3,9,300,225,1.3333,moderate_advantage,0.075758,"{""ZEALOT"": 3}","{""ZERGLING"": 9}",d8f8b61609c1963ecba96bdc29ec9834761718926b3123bbe36177100277554b
r2g_train_0146,configs/train/r2g_train_0146.json,train,zealot_vs_zergling_03,zealot_vs_zergling,legacy_r2_1300,False,2,immediate,5.5678,OCTAGON,split,diag_up,3,9,300,225,1.3333,moderate_advantage,0.075758,"{""ZEALOT"": 3}","{""ZERGLING"": 9}",388761c21154ee29f5a61335d48d22e470eaeed7311159a742fa21281b7ec73f
r2g_train_0147,configs/train/r2g_train_0147.json,train,zealot_vs_zergling_03,zealot_vs_zergling,legacy_r2_1300,False,3,immediate,5.425,SIMPLE,staggered,horizontal,3,9,300,225,1.3333,moderate_advantage,0.075758,"{""ZEALOT"": 3}","{""ZERGLING"": 9}",a31664edcd22229b7aa3855e022f577bfbbabea1f57df3e8907872f061ad1be4
r2g_train_0148,configs/train/r2g_train_0148.json,train,zealot_vs_zergling_03,zealot_vs_zergling,legacy_r2_1300,False,4,near,8.8485,NARROW,type_split,narrow_same_side,3,9,300,225,1.3333,moderate_advantage,0.075758,"{""ZEALOT"": 3}","{""ZERGLING"": 9}",38499f24e0e7b8580f25f35b1d66f3fb1361dbe1f34b6fd24a8e36abbf8b4fbb
r2g_train_0149,configs/train/r2g_train_0149.json,train,zealot_vs_zergling_03,zealot_vs_zergling,legacy_r2_1300,False,5,near,8.9329,OCTAGON,compact,vertical,3,9,300,225,1.3333,moderate_advantage,0.075758,"{""ZEALOT"": 3}","{""ZERGLING"": 9}",fcf6fc1ead22cead0bba4920026e141e2092b1bdb17e7eed96bc6f15ea13dee9
r2g_train_0150,configs/train/r2g_train_0150.json,train,zealot_vs_zergling_03,zealot_vs_zergling,legacy_r2_1300,False,6,near,8.6456,OCTAGON,split,diag_down,3,9,300,225,1.3333,moderate_advantage,0.075758,"{""ZEALOT"": 3}","{""ZERGLING"": 9}",2a4d101e0659825da5f7bfc1b4279888d80eb51b262a82976f2f5bdcf7599a69
r2g_train_0151,configs/train/r2g_train_0151.json,train,zealot_vs_zergling_03,zealot_vs_zergling,legacy_r2_1300,False,7,near,8.7441,NARROW,staggered,narrow_same_side,3,9,300,225,1.3333,moderate_advantage,0.075758,"{""ZEALOT"": 3}","{""ZERGLING"": 9}",93c4d359d1e6d686c8d7f36306c9f8616f889872fb2ea5f672a06c6a8fe0ebe8
r2g_train_0152,configs/train/r2g_train_0152.json,train,zealot_vs_zergling_03,zealot_vs_zergling,legacy_r2_1300,False,8,medium,12.7658,SIMPLE,type_split,horizontal,3,9,300,225,1.3333,moderate_advantage,0.075758,"{""ZEALOT"": 3}","{""ZERGLING"": 9}",54429b9bb15692408ef6d5d24fc11268dd085f5eea9673b367fb7c24008f4009
r2g_train_0153,configs/train/r2g_train_0153.json,train,zealot_vs_zergling_03,zealot_vs_zergling,legacy_r2_1300,False,9,medium,12.9898,OCTAGON,compact,diag_up,3,9,300,225,1.3333,moderate_advantage,0.075758,"{""ZEALOT"": 3}","{""ZERGLING"": 9}",dc5744fc2601daed94dbcd2e936e6df6e8270e18d501ebc4fcb4feb9c0a2c5f3
r2g_train_0154,configs/train/r2g_train_0154.json,train,zealot_vs_zergling_03,zealot_vs_zergling,legacy_r2_1300,False,10,medium,12.9089,NARROW,split,narrow_cross_gate,3,9,300,225,1.3333,moderate_advantage,0.075758,"{""ZEALOT"": 3}","{""ZERGLING"": 9}",8e9ede96bbe5614de85011ab350edb31fc073ce13ca8bd2185c2bd12f0b400d4
r2g_train_0155,configs/train/r2g_train_0155.json,train,zealot_vs_zergling_03,zealot_vs_zergling,legacy_r2_1300,False,11,far,17.0926,SIMPLE,staggered,horizontal,3,9,300,225,1.3333,moderate_advantage,0.075758,"{""ZEALOT"": 3}","{""ZERGLING"": 9}",abc1433a53fefabbce77d4201864cd7d74d7aded4fe7a516e480edeacc209943
r2g_train_0156,configs/train/r2g_train_0156.json,train,zealot_vs_zergling_03,zealot_vs_zergling,legacy_r2_1300,False,12,far,16.8294,SIMPLE,type_split,horizontal,3,9,300,225,1.3333,moderate_advantage,0.075758,"{""ZEALOT"": 3}","{""ZERGLING"": 9}",fdbef1a447694a27dca6c95c7cee40fd07fe6f9f6d616bb9f1e2cd85327626c6
r2g_train_0157,configs/train/r2g_train_0157.json,train,zealot_vs_zergling_04,zealot_vs_zergling,legacy_r2_1300,False,1,immediate,5.4923,NARROW,compact,narrow_same_side,3,10,300,250,1.2,moderate_advantage,0.318182,"{""ZEALOT"": 3}","{""ZERGLING"": 10}",712b954830168a478cebf4e342c90ac6fd4f3098677c7393fbc1f777bb52adbc
r2g_train_0158,configs/train/r2g_train_0158.json,train,zealot_vs_zergling_04,zealot_vs_zergling,legacy_r2_1300,False,2,immediate,5.5278,OCTAGON,split,diag_up,3,10,300,250,1.2,moderate_advantage,0.318182,"{""ZEALOT"": 3}","{""ZERGLING"": 10}",cb483920a10f8da75272b052ecb5198369129c812f744fca8f6f8ad08358f5dc
r2g_train_0159,configs/train/r2g_train_0159.json,train,zealot_vs_zergling_04,zealot_vs_zergling,legacy_r2_1300,False,3,immediate,5.5993,SIMPLE,staggered,horizontal,3,10,300,250,1.2,moderate_advantage,0.318182,"{""ZEALOT"": 3}","{""ZERGLING"": 10}",187f6716c0503b490a76410de5bf41c37124ce7554da731e07405d04cf514ac4
r2g_train_0160,configs/train/r2g_train_0160.json,train,zealot_vs_zergling_04,zealot_vs_zergling,legacy_r2_1300,False,4,near,8.9302,NARROW,type_split,narrow_same_side,3,10,300,250,1.2,moderate_advantage,0.318182,"{""ZEALOT"": 3}","{""ZERGLING"": 10}",a876d6ca5fa6d40ebf89f13c923831e983a8c045cc5a50924f4a2b397746578f
r2g_train_0161,configs/train/r2g_train_0161.json,train,zealot_vs_zergling_04,zealot_vs_zergling,legacy_r2_1300,False,5,near,8.8446,OCTAGON,compact,vertical,3,10,300,250,1.2,moderate_advantage,0.318182,"{""ZEALOT"": 3}","{""ZERGLING"": 10}",735e1856ce176115ff1b5feaf37918f90e64daade6bd2d6cf5d5e6642177bb30
r2g_train_0162,configs/train/r2g_train_0162.json,train,zealot_vs_zergling_04,zealot_vs_zergling,legacy_r2_1300,False,6,near,8.8045,OCTAGON,split,diag_down,3,10,300,250,1.2,moderate_advantage,0.318182,"{""ZEALOT"": 3}","{""ZERGLING"": 10}",a193d4f7acee39217993452c8ac1cc441758e32222f311084d79d1853d49a4c8
r2g_train_0163,configs/train/r2g_train_0163.json,train,zealot_vs_zergling_04,zealot_vs_zergling,legacy_r2_1300,False,7,near,8.8043,NARROW,staggered,narrow_same_side,3,10,300,250,1.2,moderate_advantage,0.318182,"{""ZEALOT"": 3}","{""ZERGLING"": 10}",3f6ede7261b8dce75d427e38f48386aff184965fa7025c1f1408971bad750c1d
r2g_train_0164,configs/train/r2g_train_0164.json,train,zealot_vs_zergling_04,zealot_vs_zergling,legacy_r2_1300,False,8,medium,12.7076,SIMPLE,type_split,horizontal,3,10,300,250,1.2,moderate_advantage,0.318182,"{""ZEALOT"": 3}","{""ZERGLING"": 10}",15952e15fed6748fb4701caacab94ca51c67651e7a4ea5f3edc208f14a3d6f7d
r2g_train_0165,configs/train/r2g_train_0165.json,train,zealot_vs_zergling_04,zealot_vs_zergling,legacy_r2_1300,False,9,medium,12.6854,OCTAGON,compact,diag_up,3,10,300,250,1.2,moderate_advantage,0.318182,"{""ZEALOT"": 3}","{""ZERGLING"": 10}",8b972e18b3378689e73fdf3bea7961e206bab0788005cd64ed31c606e749ab56
r2g_train_0166,configs/train/r2g_train_0166.json,train,zealot_vs_zergling_04,zealot_vs_zergling,legacy_r2_1300,False,10,medium,12.9277,NARROW,split,narrow_cross_gate,3,10,300,250,1.2,moderate_advantage,0.318182,"{""ZEALOT"": 3}","{""ZERGLING"": 10}",f450bb98e21b34b7786baa66617dccecccd1e7bc58fc134eb900b486bfd15e3d
r2g_train_0167,configs/train/r2g_train_0167.json,train,zealot_vs_zergling_04,zealot_vs_zergling,legacy_r2_1300,False,11,far,16.8813,SIMPLE,staggered,horizontal,3,10,300,250,1.2,moderate_advantage,0.318182,"{""ZEALOT"": 3}","{""ZERGLING"": 10}",6343ee5910f42750805fa16d41b5a26472f9a0c2c2ec565d446d797ff6ca18e9
r2g_train_0168,configs/train/r2g_train_0168.json,train,zealot_vs_zergling_04,zealot_vs_zergling,legacy_r2_1300,False,12,far,17.0938,SIMPLE,type_split,horizontal,3,10,300,250,1.2,moderate_advantage,0.318182,"{""ZEALOT"": 3}","{""ZERGLING"": 10}",0c36aec3fd48015df80fb40595c18aebccf1367c95f6dfd9df3335a0c8b4c160
r2g_train_0169,configs/train/r2g_train_0169.json,train,zealot_vs_zergling_05,zealot_vs_zergling,legacy_r2_1300,False,1,immediate,5.3797,NARROW,compact,narrow_same_side,4,10,400,250,1.6,strong_advantage,0.0,"{""ZEALOT"": 4}","{""ZERGLING"": 10}",c9922b33fb8085b81066d119242c7fa905410d3a723aa26923527b423fa5c60d
r2g_train_0170,configs/train/r2g_train_0170.json,train,zealot_vs_zergling_05,zealot_vs_zergling,legacy_r2_1300,False,2,immediate,5.2104,OCTAGON,split,diag_up,4,10,400,250,1.6,strong_advantage,0.0,"{""ZEALOT"": 4}","{""ZERGLING"": 10}",165ffe80e1999e5fa124be93573eb8aa3faf4895f001d53c836b006b9a4bc8a1
r2g_train_0171,configs/train/r2g_train_0171.json,train,zealot_vs_zergling_05,zealot_vs_zergling,legacy_r2_1300,False,3,immediate,5.5084,SIMPLE,staggered,horizontal,4,10,400,250,1.6,strong_advantage,0.0,"{""ZEALOT"": 4}","{""ZERGLING"": 10}",114b5642adcf3786624c99bd1d5e83ccac550190acbe445033edf0f99296428a
r2g_train_0172,configs/train/r2g_train_0172.json,train,zealot_vs_zergling_05,zealot_vs_zergling,legacy_r2_1300,False,4,near,8.6533,NARROW,type_split,narrow_same_side,4,10,400,250,1.6,strong_advantage,0.0,"{""ZEALOT"": 4}","{""ZERGLING"": 10}",c5dcbc05e7751fef444b8fad76e02b6be0d6e6cef118e891dd595875627370a6
r2g_train_0173,configs/train/r2g_train_0173.json,train,zealot_vs_zergling_05,zealot_vs_zergling,legacy_r2_1300,False,5,near,8.7249,OCTAGON,compact,vertical,4,10,400,250,1.6,strong_advantage,0.0,"{""ZEALOT"": 4}","{""ZERGLING"": 10}",36aa1c397ed170c491dc4b8e042db23fd43044b5ea84fb911350dd7ce7a143a2
r2g_train_0174,configs/train/r2g_train_0174.json,train,zealot_vs_zergling_05,zealot_vs_zergling,legacy_r2_1300,False,6,near,8.9811,OCTAGON,split,diag_down,4,10,400,250,1.6,strong_advantage,0.0,"{""ZEALOT"": 4}","{""ZERGLING"": 10}",0a5ba67314339e6c6360f073d2d9c268feeaa4aba7429ad33b01b000cb45da88
r2g_train_0175,configs/train/r2g_train_0175.json,train,zealot_vs_zergling_05,zealot_vs_zergling,legacy_r2_1300,False,7,near,8.9332,NARROW,staggered,narrow_same_side,4,10,400,250,1.6,strong_advantage,0.0,"{""ZEALOT"": 4}","{""ZERGLING"": 10}",32168497b2dc05fa99ae7fa26e5f38f62330cb9ec31d3423efe7fa9918ffa080
r2g_train_0176,configs/train/r2g_train_0176.json,train,zealot_vs_zergling_05,zealot_vs_zergling,legacy_r2_1300,False,8,medium,12.8121,SIMPLE,type_split,horizontal,4,10,400,250,1.6,strong_advantage,0.0,"{""ZEALOT"": 4}","{""ZERGLING"": 10}",9b37c18f174a7e2fac09d07d1777962f9bcb829f49559a5e1e6c2ca2c86b522e
r2g_train_0177,configs/train/r2g_train_0177.json,train,zealot_vs_zergling_05,zealot_vs_zergling,legacy_r2_1300,False,9,medium,12.8788,OCTAGON,compact,diag_up,4,10,400,250,1.6,strong_advantage,0.0,"{""ZEALOT"": 4}","{""ZERGLING"": 10}",63c185d992ac0b771373aba11c9f18b25f4c0ffc8381317eaf61beba7c55e2ad
r2g_train_0178,configs/train/r2g_train_0178.json,train,zealot_vs_zergling_05,zealot_vs_zergling,legacy_r2_1300,False,10,medium,12.9038,NARROW,split,narrow_cross_gate,4,10,400,250,1.6,strong_advantage,0.0,"{""ZEALOT"": 4}","{""ZERGLING"": 10}",4f863d77b58294b7274ca99d7c143c483f00c8ed902e139f8054c46c9807046d
r2g_train_0179,configs/train/r2g_train_0179.json,train,zealot_vs_zergling_05,zealot_vs_zergling,legacy_r2_1300,False,11,far,16.9847,SIMPLE,staggered,horizontal,4,10,400,250,1.6,strong_advantage,0.0,"{""ZEALOT"": 4}","{""ZERGLING"": 10}",336fed34668f46b5429d1142305a92836ce74d25b6440997961882757c8bc0fa
r2g_train_0180,configs/train/r2g_train_0180.json,train,zealot_vs_zergling_05,zealot_vs_zergling,legacy_r2_1300,False,12,far,16.975,SIMPLE,type_split,horizontal,4,10,400,250,1.6,strong_advantage,0.0,"{""ZEALOT"": 4}","{""ZERGLING"": 10}",4115082514c62f87a7ba8a5bae244b243d04564fd41ae28d83363e3e85c40b23
r2g_train_0181,configs/train/r2g_train_0181.json,train,stalker_vs_zealot_01,stalker_vs_zealot,legacy_r2_1300,False,1,immediate,5.2375,NARROW,compact,narrow_same_side,2,2,250,200,1.25,moderate_advantage,0.227273,"{""STALKER"": 2}","{""ZEALOT"": 2}",1f534a61f53a1fcfc6d8f97f41d2a678710407398b1fa89deb9809250da5a187
r2g_train_0182,configs/train/r2g_train_0182.json,train,stalker_vs_zealot_01,stalker_vs_zealot,legacy_r2_1300,False,2,immediate,5.2393,OCTAGON,split,diag_up,2,2,250,200,1.25,moderate_advantage,0.227273,"{""STALKER"": 2}","{""ZEALOT"": 2}",9c448407ec9867966794a8121ad0f4390b3299c1d4c3f86eb4ac6f9898f91bbb
r2g_train_0183,configs/train/r2g_train_0183.json,train,stalker_vs_zealot_01,stalker_vs_zealot,legacy_r2_1300,False,3,immediate,5.5302,SIMPLE,staggered,horizontal,2,2,250,200,1.25,moderate_advantage,0.227273,"{""STALKER"": 2}","{""ZEALOT"": 2}",a999745526eb3c5bce7fe023ff1ab4d4bb099f927b9d633638de71a2bcc6cced
r2g_train_0184,configs/train/r2g_train_0184.json,train,stalker_vs_zealot_01,stalker_vs_zealot,legacy_r2_1300,False,4,near,8.8583,NARROW,type_split,narrow_same_side,2,2,250,200,1.25,moderate_advantage,0.227273,"{""STALKER"": 2}","{""ZEALOT"": 2}",90c5c722435f967bc897c6d6d952076b019b68d4efe4b3a0a4ae7ece41d5582e
r2g_train_0185,configs/train/r2g_train_0185.json,train,stalker_vs_zealot_01,stalker_vs_zealot,legacy_r2_1300,False,5,near,8.7483,OCTAGON,compact,vertical,2,2,250,200,1.25,moderate_advantage,0.227273,"{""STALKER"": 2}","{""ZEALOT"": 2}",82b93161016e7a3a77842d75fd04af54e0bbe53efeb75a86ba14497172a80c79
r2g_train_0186,configs/train/r2g_train_0186.json,train,stalker_vs_zealot_01,stalker_vs_zealot,legacy_r2_1300,False,6,near,8.9786,OCTAGON,split,diag_down,2,2,250,200,1.25,moderate_advantage,0.227273,"{""STALKER"": 2}","{""ZEALOT"": 2}",2d203ac798cac0b5d973368b216113e8e6a9b572cb2d8004f3c42d996a80e8d6
r2g_train_0187,configs/train/r2g_train_0187.json,train,stalker_vs_zealot_01,stalker_vs_zealot,legacy_r2_1300,False,7,near,8.6943,NARROW,staggered,narrow_same_side,2,2,250,200,1.25,moderate_advantage,0.227273,"{""STALKER"": 2}","{""ZEALOT"": 2}",f65645d02e91474d008528586fda13b45974ef5bd912edd5a31338d7317f4b33
r2g_train_0188,configs/train/r2g_train_0188.json,train,stalker_vs_zealot_01,stalker_vs_zealot,legacy_r2_1300,False,8,medium,12.6221,SIMPLE,type_split,horizontal,2,2,250,200,1.25,moderate_advantage,0.227273,"{""STALKER"": 2}","{""ZEALOT"": 2}",f09afc894877988c7988fa5bef9aa892d2fc488586cef29fb97f1186c2b935bb
r2g_train_0189,configs/train/r2g_train_0189.json,train,stalker_vs_zealot_01,stalker_vs_zealot,legacy_r2_1300,False,9,medium,12.9536,OCTAGON,compact,diag_up,2,2,250,200,1.25,moderate_advantage,0.227273,"{""STALKER"": 2}","{""ZEALOT"": 2}",cb8b2be44ced27dc41d387ffd34eb8f092d9f00f1b2525fa1e29453981f5a773
r2g_train_0190,configs/train/r2g_train_0190.json,train,stalker_vs_zealot_01,stalker_vs_zealot,legacy_r2_1300,False,10,medium,12.9791,NARROW,split,narrow_cross_gate,2,2,250,200,1.25,moderate_advantage,0.227273,"{""STALKER"": 2}","{""ZEALOT"": 2}",f5093f56170ff214e1af544772b91a135cc5dea43c9de218cf01dc5f06116209
r2g_train_0191,configs/train/r2g_train_0191.json,train,stalker_vs_zealot_01,stalker_vs_zealot,legacy_r2_1300,False,11,far,17.1681,SIMPLE,staggered,horizontal,2,2,250,200,1.25,moderate_advantage,0.227273,"{""STALKER"": 2}","{""ZEALOT"": 2}",399da980daa0e9b47c68c0017153b3ef57de710dda58365d43c3c5aee7175261
r2g_train_0192,configs/train/r2g_train_0192.json,train,stalker_vs_zealot_01,stalker_vs_zealot,legacy_r2_1300,False,12,far,16.9741,SIMPLE,type_split,horizontal,2,2,250,200,1.25,moderate_advantage,0.227273,"{""STALKER"": 2}","{""ZEALOT"": 2}",1bc3752dcb20ba96aadb0ecd2e55f4385f4d07a85f1eef20b452cdc8f8428b77
r2g_train_0193,configs/train/r2g_train_0193.json,train,stalker_vs_zealot_02,stalker_vs_zealot,legacy_r2_1300,False,1,immediate,5.5385,NARROW,compact,narrow_same_side,3,3,375,300,1.25,moderate_advantage,0.227273,"{""STALKER"": 3}","{""ZEALOT"": 3}",1d6b3966254a35bdf4fbb08ef2b114917233d574ae15ba995dba93bcfcbae585
r2g_train_0194,configs/train/r2g_train_0194.json,train,stalker_vs_zealot_02,stalker_vs_zealot,legacy_r2_1300,False,2,immediate,5.2103,OCTAGON,split,diag_up,3,3,375,300,1.25,moderate_advantage,0.227273,"{""STALKER"": 3}","{""ZEALOT"": 3}",bc53e9cc555ae34a888567271f497c8f9251206d1b5d3a287348b3df1c18e938
r2g_train_0195,configs/train/r2g_train_0195.json,train,stalker_vs_zealot_02,stalker_vs_zealot,legacy_r2_1300,False,3,immediate,5.2989,SIMPLE,staggered,horizontal,3,3,375,300,1.25,moderate_advantage,0.227273,"{""STALKER"": 3}","{""ZEALOT"": 3}",9f0d9f1534b03f869ddc79e09c3838685c2c7faa0f273bffcbe5ae9b394e7059
r2g_train_0196,configs/train/r2g_train_0196.json,train,stalker_vs_zealot_02,stalker_vs_zealot,legacy_r2_1300,False,4,near,8.702,NARROW,type_split,narrow_same_side,3,3,375,300,1.25,moderate_advantage,0.227273,"{""STALKER"": 3}","{""ZEALOT"": 3}",bec945cdf1dd85cb8486cdd419513fd7a3418227979630b4152e38e95478aba6
r2g_train_0197,configs/train/r2g_train_0197.json,train,stalker_vs_zealot_02,stalker_vs_zealot,legacy_r2_1300,False,5,near,8.8974,OCTAGON,compact,vertical,3,3,375,300,1.25,moderate_advantage,0.227273,"{""STALKER"": 3}","{""ZEALOT"": 3}",d261bf20ebef5d567ef5a1f79de81601357dfd72b9ef01fe33d26622fa33d1b7
r2g_train_0198,configs/train/r2g_train_0198.json,train,stalker_vs_zealot_02,stalker_vs_zealot,legacy_r2_1300,False,6,near,8.6574,OCTAGON,split,diag_down,3,3,375,300,1.25,moderate_advantage,0.227273,"{""STALKER"": 3}","{""ZEALOT"": 3}",28eea1d1d17d31d3339c949953057f5a43e8281fd76d4ae89cccc41a0489dab1
r2g_train_0199,configs/train/r2g_train_0199.json,train,stalker_vs_zealot_02,stalker_vs_zealot,legacy_r2_1300,False,7,near,8.9609,NARROW,staggered,narrow_same_side,3,3,375,300,1.25,moderate_advantage,0.227273,"{""STALKER"": 3}","{""ZEALOT"": 3}",fc35e5f10286b04195c955e5467a00ee6486cbf9f6ab416f7fe27aeebfac50e6
r2g_train_0200,configs/train/r2g_train_0200.json,train,stalker_vs_zealot_02,stalker_vs_zealot,legacy_r2_1300,False,8,medium,12.9415,SIMPLE,type_split,horizontal,3,3,375,300,1.25,moderate_advantage,0.227273,"{""STALKER"": 3}","{""ZEALOT"": 3}",9c8e1989becd687853a10dfc767f1dec144ae7f2d4b133a4b2050b712e44a696
r2g_train_0201,configs/train/r2g_train_0201.json,train,stalker_vs_zealot_02,stalker_vs_zealot,legacy_r2_1300,False,9,medium,12.9403,OCTAGON,compact,diag_up,3,3,375,300,1.25,moderate_advantage,0.227273,"{""STALKER"": 3}","{""ZEALOT"": 3}",ac279c99a308e70ba2adad9a55fe4ef7a649fc7fd6d0027d1d88280f6b4d2979
r2g_train_0202,configs/train/r2g_train_0202.json,train,stalker_vs_zealot_02,stalker_vs_zealot,legacy_r2_1300,False,10,medium,12.8588,NARROW,split,narrow_cross_gate,3,3,375,300,1.25,moderate_advantage,0.227273,"{""STALKER"": 3}","{""ZEALOT"": 3}",cc070f499f7e34c4f7355772743aff9cc0a0f285c1e74bea542eb154c62842a3
r2g_train_0203,configs/train/r2g_train_0203.json,train,stalker_vs_zealot_02,stalker_vs_zealot,legacy_r2_1300,False,11,far,17.1433,SIMPLE,staggered,horizontal,3,3,375,300,1.25,moderate_advantage,0.227273,"{""STALKER"": 3}","{""ZEALOT"": 3}",d357f1dc39ffca822b4cfdd38362ae3b4d1361945c8a9365109b46aab8db0675
r2g_train_0204,configs/train/r2g_train_0204.json,train,stalker_vs_zealot_02,stalker_vs_zealot,legacy_r2_1300,False,12,far,16.865,SIMPLE,type_split,horizontal,3,3,375,300,1.25,moderate_advantage,0.227273,"{""STALKER"": 3}","{""ZEALOT"": 3}",69b6f31bec3a9dc7a3df9684f88df0a5f3167eabcd6cc1620bdeebeead4e6703
r2g_train_0205,configs/train/r2g_train_0205.json,train,stalker_vs_zealot_03,stalker_vs_zealot,legacy_r2_1300,False,1,immediate,5.4075,NARROW,compact,narrow_same_side,4,4,500,400,1.25,moderate_advantage,0.227273,"{""STALKER"": 4}","{""ZEALOT"": 4}",84c81e6903c6c0bc83bbec8d65c42bb23a5ea9301a5451cd04c05f9729ad5510
r2g_train_0206,configs/train/r2g_train_0206.json,train,stalker_vs_zealot_03,stalker_vs_zealot,legacy_r2_1300,False,2,immediate,5.2005,OCTAGON,split,diag_up,4,4,500,400,1.25,moderate_advantage,0.227273,"{""STALKER"": 4}","{""ZEALOT"": 4}",9c610b192c7eae9c4b709359cbaebb6ffdef9695b46e031664dc1bc534f8424a
r2g_train_0207,configs/train/r2g_train_0207.json,train,stalker_vs_zealot_03,stalker_vs_zealot,legacy_r2_1300,False,3,immediate,5.5942,SIMPLE,staggered,horizontal,4,4,500,400,1.25,moderate_advantage,0.227273,"{""STALKER"": 4}","{""ZEALOT"": 4}",f052456f57f263e43c654e71559e7cd1b89bf0395bf7b843af913b5245f2942f
r2g_train_0208,configs/train/r2g_train_0208.json,train,stalker_vs_zealot_03,stalker_vs_zealot,legacy_r2_1300,False,4,near,8.9062,NARROW,type_split,narrow_same_side,4,4,500,400,1.25,moderate_advantage,0.227273,"{""STALKER"": 4}","{""ZEALOT"": 4}",b0f14b3e4ec543471330857fa528abf6a1a4d1954634f02d228dd30913cbff48
r2g_train_0209,configs/train/r2g_train_0209.json,train,stalker_vs_zealot_03,stalker_vs_zealot,legacy_r2_1300,False,5,near,8.6833,OCTAGON,compact,vertical,4,4,500,400,1.25,moderate_advantage,0.227273,"{""STALKER"": 4}","{""ZEALOT"": 4}",6a0401112b10363a31dd0cb7ba1a56312feac12ddb8734e26ea8308d00a9666f
r2g_train_0210,configs/train/r2g_train_0210.json,train,stalker_vs_zealot_03,stalker_vs_zealot,legacy_r2_1300,False,6,near,8.9696,OCTAGON,split,diag_down,4,4,500,400,1.25,moderate_advantage,0.227273,"{""STALKER"": 4}","{""ZEALOT"": 4}",556ba9b91af4b2297d0308d9d96ab26be545344cfa36e85514eeb7f234d72c50
r2g_train_0211,configs/train/r2g_train_0211.json,train,stalker_vs_zealot_03,stalker_vs_zealot,legacy_r2_1300,False,7,near,8.7308,NARROW,staggered,narrow_same_side,4,4,500,400,1.25,moderate_advantage,0.227273,"{""STALKER"": 4}","{""ZEALOT"": 4}",cc3beef0013580782e75e19abda2cd50cdcbf4a2106af3e68f40342f9be59651
r2g_train_0212,configs/train/r2g_train_0212.json,train,stalker_vs_zealot_03,stalker_vs_zealot,legacy_r2_1300,False,8,medium,12.9033,SIMPLE,type_split,horizontal,4,4,500,400,1.25,moderate_advantage,0.227273,"{""STALKER"": 4}","{""ZEALOT"": 4}",fc888c8dd4bfbea87d6aafde16c47ad8fdc902b0b06e8f1bf12008b23f27fbca
r2g_train_0213,configs/train/r2g_train_0213.json,train,stalker_vs_zealot_03,stalker_vs_zealot,legacy_r2_1300,False,9,medium,12.6022,OCTAGON,compact,diag_up,4,4,500,400,1.25,moderate_advantage,0.227273,"{""STALKER"": 4}","{""ZEALOT"": 4}",2bea97022fcdc77966e3d03d9cd4ff5eec5001a286edacd0620fd9fef595cab6
r2g_train_0214,configs/train/r2g_train_0214.json,train,stalker_vs_zealot_03,stalker_vs_zealot,legacy_r2_1300,False,10,medium,12.8591,NARROW,split,narrow_cross_gate,4,4,500,400,1.25,moderate_advantage,0.227273,"{""STALKER"": 4}","{""ZEALOT"": 4}",08d6b1160d94c83a7cc721c4da0a62e19dfed62b7bcd74dcf9a22ccb287d6eaa
r2g_train_0215,configs/train/r2g_train_0215.json,train,stalker_vs_zealot_03,stalker_vs_zealot,legacy_r2_1300,False,11,far,17.1421,SIMPLE,staggered,horizontal,4,4,500,400,1.25,moderate_advantage,0.227273,"{""STALKER"": 4}","{""ZEALOT"": 4}",dbff6376e988e30b31c3fbc6302362ff9422cb2738002b81a8144037881ec41c
r2g_train_0216,configs/train/r2g_train_0216.json,train,stalker_vs_zealot_03,stalker_vs_zealot,legacy_r2_1300,False,12,far,17.147,SIMPLE,type_split,horizontal,4,4,500,400,1.25,moderate_advantage,0.227273,"{""STALKER"": 4}","{""ZEALOT"": 4}",acd3586c072240dea0160048e2d0519f63f08286b5116815d45b1f92ce4a29cc
r2g_train_0217,configs/train/r2g_train_0217.json,train,stalker_vs_zealot_04,stalker_vs_zealot,legacy_r2_1300,False,1,immediate,5.4089,NARROW,compact,narrow_same_side,5,5,625,500,1.25,moderate_advantage,0.227273,"{""STALKER"": 5}","{""ZEALOT"": 5}",8ba8abde86fb59c851818c97f7d99d5c199cce5d63a4de98645b89da72b19add
r2g_train_0218,configs/train/r2g_train_0218.json,train,stalker_vs_zealot_04,stalker_vs_zealot,legacy_r2_1300,False,2,immediate,5.3116,OCTAGON,split,diag_up,5,5,625,500,1.25,moderate_advantage,0.227273,"{""STALKER"": 5}","{""ZEALOT"": 5}",b49c9aa3ed11a370d37f61da6fbb88f09939a3efb9103081ec1e7acc89bb5280
r2g_train_0219,configs/train/r2g_train_0219.json,train,stalker_vs_zealot_04,stalker_vs_zealot,legacy_r2_1300,False,3,immediate,5.4439,SIMPLE,staggered,horizontal,5,5,625,500,1.25,moderate_advantage,0.227273,"{""STALKER"": 5}","{""ZEALOT"": 5}",89210750a31bc7323a424a999cb493a179c9fa15061fe2e70e68a607bfd6a303
r2g_train_0220,configs/train/r2g_train_0220.json,train,stalker_vs_zealot_04,stalker_vs_zealot,legacy_r2_1300,False,4,near,8.9353,NARROW,type_split,narrow_same_side,5,5,625,500,1.25,moderate_advantage,0.227273,"{""STALKER"": 5}","{""ZEALOT"": 5}",7d5fd3e13116e4fb2b4ec7612af6bce29e890951ec7259d437b4e401235e2faa
r2g_train_0221,configs/train/r2g_train_0221.json,train,stalker_vs_zealot_04,stalker_vs_zealot,legacy_r2_1300,False,5,near,8.8436,OCTAGON,compact,vertical,5,5,625,500,1.25,moderate_advantage,0.227273,"{""STALKER"": 5}","{""ZEALOT"": 5}",ef074f5fa37b482e2426faf9ec3fda2f74d251509d79f11626e37136ed7f2fe5
r2g_train_0222,configs/train/r2g_train_0222.json,train,stalker_vs_zealot_04,stalker_vs_zealot,legacy_r2_1300,False,6,near,8.7532,OCTAGON,split,diag_down,5,5,625,500,1.25,moderate_advantage,0.227273,"{""STALKER"": 5}","{""ZEALOT"": 5}",baa5602294da13ed2085af83cfc431af70855e2c10e1614e2015d0e2b989e110
r2g_train_0223,configs/train/r2g_train_0223.json,train,stalker_vs_zealot_04,stalker_vs_zealot,legacy_r2_1300,False,7,near,8.6103,NARROW,staggered,narrow_same_side,5,5,625,500,1.25,moderate_advantage,0.227273,"{""STALKER"": 5}","{""ZEALOT"": 5}",10beaa7888e2adf0cd73c36b2d1058d92103c17f12b24a3ce36ebbfb6d175eea
r2g_train_0224,configs/train/r2g_train_0224.json,train,stalker_vs_zealot_04,stalker_vs_zealot,legacy_r2_1300,False,8,medium,12.6993,SIMPLE,type_split,horizontal,5,5,625,500,1.25,moderate_advantage,0.227273,"{""STALKER"": 5}","{""ZEALOT"": 5}",a2073a3be04e6506d6a7a302d049728f18bbac48e97d55701680080f00dcdd14
r2g_train_0225,configs/train/r2g_train_0225.json,train,stalker_vs_zealot_04,stalker_vs_zealot,legacy_r2_1300,False,9,medium,12.6722,OCTAGON,compact,diag_up,5,5,625,500,1.25,moderate_advantage,0.227273,"{""STALKER"": 5}","{""ZEALOT"": 5}",c5c5a80b0dc06ce8247045499aafb26b4dad92ddb5f169cce9bee805bd6c9201
r2g_train_0226,configs/train/r2g_train_0226.json,train,stalker_vs_zealot_04,stalker_vs_zealot,legacy_r2_1300,False,10,medium,12.6141,NARROW,split,narrow_cross_gate,5,5,625,500,1.25,moderate_advantage,0.227273,"{""STALKER"": 5}","{""ZEALOT"": 5}",e0c2c04094ba53ce1aa9917475919cbdd3fd55e4275f6f74b584d84f03c9881b
r2g_train_0227,configs/train/r2g_train_0227.json,train,stalker_vs_zealot_04,stalker_vs_zealot,legacy_r2_1300,False,11,far,16.9023,SIMPLE,staggered,horizontal,5,5,625,500,1.25,moderate_advantage,0.227273,"{""STALKER"": 5}","{""ZEALOT"": 5}",b8cf1dbd024bf174e9400b58095a86fa9acca31be54fe96b0ee5c2bedb267874
r2g_train_0228,configs/train/r2g_train_0228.json,train,stalker_vs_zealot_04,stalker_vs_zealot,legacy_r2_1300,False,12,far,16.8879,SIMPLE,type_split,horizontal,5,5,625,500,1.25,moderate_advantage,0.227273,"{""STALKER"": 5}","{""ZEALOT"": 5}",db20169de9cb008b9e7caadba9f55671052e209fb9e589b95ef64b9addf72a5b
r2g_train_0229,configs/train/r2g_train_0229.json,train,stalker_vs_zealot_05,stalker_vs_zealot,legacy_r2_1300,False,1,immediate,5.3519,NARROW,compact,narrow_same_side,6,6,750,600,1.25,moderate_advantage,0.227273,"{""STALKER"": 6}","{""ZEALOT"": 6}",d4e08aadad2b690f0a5ad39a53662c901f1f0d2dd760f534e6a31debe43cd7bc
r2g_train_0230,configs/train/r2g_train_0230.json,train,stalker_vs_zealot_05,stalker_vs_zealot,legacy_r2_1300,False,2,immediate,5.5255,OCTAGON,split,diag_up,6,6,750,600,1.25,moderate_advantage,0.227273,"{""STALKER"": 6}","{""ZEALOT"": 6}",3aa1605373fd31c339effffb3d0a46ec0b22c1ba06345d1796bda57bbdfe3782
r2g_train_0231,configs/train/r2g_train_0231.json,train,stalker_vs_zealot_05,stalker_vs_zealot,legacy_r2_1300,False,3,immediate,5.5723,SIMPLE,staggered,horizontal,6,6,750,600,1.25,moderate_advantage,0.227273,"{""STALKER"": 6}","{""ZEALOT"": 6}",aa76c19e7e941d64599abdb4309915623da4388dd0e9be4b3468185ee2e446ae
r2g_train_0232,configs/train/r2g_train_0232.json,train,stalker_vs_zealot_05,stalker_vs_zealot,legacy_r2_1300,False,4,near,8.6227,NARROW,type_split,narrow_same_side,6,6,750,600,1.25,moderate_advantage,0.227273,"{""STALKER"": 6}","{""ZEALOT"": 6}",36ba821f6cb4bce21f7d5ee6996100ae6536459a945a7d6780772f8e9ae9c459
r2g_train_0233,configs/train/r2g_train_0233.json,train,stalker_vs_zealot_05,stalker_vs_zealot,legacy_r2_1300,False,5,near,8.7656,OCTAGON,compact,vertical,6,6,750,600,1.25,moderate_advantage,0.227273,"{""STALKER"": 6}","{""ZEALOT"": 6}",ae25ccd2c382d192a9c6b388904e8758173ad9cba86878586407f79169dbe53c
r2g_train_0234,configs/train/r2g_train_0234.json,train,stalker_vs_zealot_05,stalker_vs_zealot,legacy_r2_1300,False,6,near,8.7029,OCTAGON,split,diag_down,6,6,750,600,1.25,moderate_advantage,0.227273,"{""STALKER"": 6}","{""ZEALOT"": 6}",2f350c8ccbe4b52d45764d13bdc5a69141bf596981cc12fb548ea016ad2c8795
r2g_train_0235,configs/train/r2g_train_0235.json,train,stalker_vs_zealot_05,stalker_vs_zealot,legacy_r2_1300,False,7,near,8.8498,NARROW,staggered,narrow_same_side,6,6,750,600,1.25,moderate_advantage,0.227273,"{""STALKER"": 6}","{""ZEALOT"": 6}",60723e450b9022a9de93f47158932a70605db1a5ce8e8772ee5a43bf2250664f
r2g_train_0236,configs/train/r2g_train_0236.json,train,stalker_vs_zealot_05,stalker_vs_zealot,legacy_r2_1300,False,8,medium,12.7951,SIMPLE,type_split,horizontal,6,6,750,600,1.25,moderate_advantage,0.227273,"{""STALKER"": 6}","{""ZEALOT"": 6}",603647de34fd930827933885d06b225942f3684ad06eb26120ee92827d7c5671
r2g_train_0237,configs/train/r2g_train_0237.json,train,stalker_vs_zealot_05,stalker_vs_zealot,legacy_r2_1300,False,9,medium,12.9773,OCTAGON,compact,diag_up,6,6,750,600,1.25,moderate_advantage,0.227273,"{""STALKER"": 6}","{""ZEALOT"": 6}",a2136f78f435e105fec2b31be9965321f75a3d1fb8b005a360ef8934038b7d36
r2g_train_0238,configs/train/r2g_train_0238.json,train,stalker_vs_zealot_05,stalker_vs_zealot,legacy_r2_1300,False,10,medium,12.9703,NARROW,split,narrow_cross_gate,6,6,750,600,1.25,moderate_advantage,0.227273,"{""STALKER"": 6}","{""ZEALOT"": 6}",41f7457acf096625f6c0f9afe09c2a9a29e10518a337cc8c40ea27030e591fa7
r2g_train_0239,configs/train/r2g_train_0239.json,train,stalker_vs_zealot_05,stalker_vs_zealot,legacy_r2_1300,False,11,far,17.0449,SIMPLE,staggered,horizontal,6,6,750,600,1.25,moderate_advantage,0.227273,"{""STALKER"": 6}","{""ZEALOT"": 6}",b20a6dbc98fe971d0023afbe4a186a742f99116181676735650658531e31dc64
r2g_train_0240,configs/train/r2g_train_0240.json,train,stalker_vs_zealot_05,stalker_vs_zealot,legacy_r2_1300,False,12,far,17.038,SIMPLE,type_split,horizontal,6,6,750,600,1.25,moderate_advantage,0.227273,"{""STALKER"": 6}","{""ZEALOT"": 6}",8750aee0f8b37a38af20115633700e4e18463a91fa74035c36803c049e2cfa6f
r2g_train_0241,configs/train/r2g_train_0241.json,train,terran_vs_swarm_01,terran_vs_swarm,legacy_r2_1300,False,1,immediate,5.5497,NARROW,compact,narrow_same_side,3,5,200,150,1.3333,moderate_advantage,0.075758,"{""MARAUDER"": 1, ""MARINE"": 2}","{""BANELING"": 1, ""ZERGLING"": 4}",e0fba37e755f65b21c5e3c0f1f5e99e442c7a6d474345c9063562bb7e0f5dba7
r2g_train_0242,configs/train/r2g_train_0242.json,train,terran_vs_swarm_01,terran_vs_swarm,legacy_r2_1300,False,2,immediate,5.3528,OCTAGON,split,diag_up,3,5,200,150,1.3333,moderate_advantage,0.075758,"{""MARAUDER"": 1, ""MARINE"": 2}","{""BANELING"": 1, ""ZERGLING"": 4}",ab9df7a200735c7997107acb4d65963e66e8e009ca6838fb3a019b8a4cfff193
r2g_train_0243,configs/train/r2g_train_0243.json,train,terran_vs_swarm_01,terran_vs_swarm,legacy_r2_1300,False,3,immediate,5.265,SIMPLE,staggered,horizontal,3,5,200,150,1.3333,moderate_advantage,0.075758,"{""MARAUDER"": 1, ""MARINE"": 2}","{""BANELING"": 1, ""ZERGLING"": 4}",ff2239bda00a061b5e501fd38959d35dd2350b1003878ce3257437e24bf3e646
r2g_train_0244,configs/train/r2g_train_0244.json,train,terran_vs_swarm_01,terran_vs_swarm,legacy_r2_1300,False,4,near,8.7728,NARROW,type_split,narrow_same_side,3,5,200,150,1.3333,moderate_advantage,0.075758,"{""MARAUDER"": 1, ""MARINE"": 2}","{""BANELING"": 1, ""ZERGLING"": 4}",74219ffebec9a7f86f1a787e53f0b7d95d3685c7e42299efa366830f2eb0f5cd
r2g_train_0245,configs/train/r2g_train_0245.json,train,terran_vs_swarm_01,terran_vs_swarm,legacy_r2_1300,False,5,near,8.9491,OCTAGON,compact,vertical,3,5,200,150,1.3333,moderate_advantage,0.075758,"{""MARAUDER"": 1, ""MARINE"": 2}","{""BANELING"": 1, ""ZERGLING"": 4}",30da5a2f3bccf27443715e48473bf74d741281bed279e2d31052e44394865902
r2g_train_0246,configs/train/r2g_train_0246.json,train,terran_vs_swarm_01,terran_vs_swarm,legacy_r2_1300,False,6,near,8.7942,OCTAGON,split,diag_down,3,5,200,150,1.3333,moderate_advantage,0.075758,"{""MARAUDER"": 1, ""MARINE"": 2}","{""BANELING"": 1, ""ZERGLING"": 4}",64cb6e3b41f1796ff68a215ad30519eafc8951ecc4e5c8be64c221cdf631ed35
r2g_train_0247,configs/train/r2g_train_0247.json,train,terran_vs_swarm_01,terran_vs_swarm,legacy_r2_1300,False,7,near,8.6233,NARROW,staggered,narrow_same_side,3,5,200,150,1.3333,moderate_advantage,0.075758,"{""MARAUDER"": 1, ""MARINE"": 2}","{""BANELING"": 1, ""ZERGLING"": 4}",2627ca5e51df1b10d7ec4edb28b94810f0ad2f83f52891a0b1c063834ef28598
r2g_train_0248,configs/train/r2g_train_0248.json,train,terran_vs_swarm_01,terran_vs_swarm,legacy_r2_1300,False,8,medium,12.612,SIMPLE,type_split,horizontal,3,5,200,150,1.3333,moderate_advantage,0.075758,"{""MARAUDER"": 1, ""MARINE"": 2}","{""BANELING"": 1, ""ZERGLING"": 4}",ad9369731f9425d0ab8d82fba1909529d1e18236c210d3eca44d5e7f42fc3de3
r2g_train_0249,configs/train/r2g_train_0249.json,train,terran_vs_swarm_01,terran_vs_swarm,legacy_r2_1300,False,9,medium,12.7908,OCTAGON,compact,diag_up,3,5,200,150,1.3333,moderate_advantage,0.075758,"{""MARAUDER"": 1, ""MARINE"": 2}","{""BANELING"": 1, ""ZERGLING"": 4}",e1008b35772568a9e900557e317bae2ed5f85976157e50712c227a94e2f80021
r2g_train_0250,configs/train/r2g_train_0250.json,train,terran_vs_swarm_01,terran_vs_swarm,legacy_r2_1300,False,10,medium,12.6353,NARROW,split,narrow_cross_gate,3,5,200,150,1.3333,moderate_advantage,0.075758,"{""MARAUDER"": 1, ""MARINE"": 2}","{""BANELING"": 1, ""ZERGLING"": 4}",3d8bc03e625296dec6a8bd9755b27fb660e06c53565fd75b21d7f8b8d0d494ee
r2g_train_0251,configs/train/r2g_train_0251.json,train,terran_vs_swarm_01,terran_vs_swarm,legacy_r2_1300,False,11,far,17.0929,SIMPLE,staggered,horizontal,3,5,200,150,1.3333,moderate_advantage,0.075758,"{""MARAUDER"": 1, ""MARINE"": 2}","{""BANELING"": 1, ""ZERGLING"": 4}",f805cab07fa6169c8524577d765a9970c728d282ed5283cce087d59c3d8ecc0b
r2g_train_0252,configs/train/r2g_train_0252.json,train,terran_vs_swarm_01,terran_vs_swarm,legacy_r2_1300,False,12,far,16.8032,SIMPLE,type_split,horizontal,3,5,200,150,1.3333,moderate_advantage,0.075758,"{""MARAUDER"": 1, ""MARINE"": 2}","{""BANELING"": 1, ""ZERGLING"": 4}",e28a5996bb733237b43e02842df58402fe09c7c26ccb03b6e4f0b2eff71306fc
r2g_train_0253,configs/train/r2g_train_0253.json,train,terran_vs_swarm_02,terran_vs_swarm,legacy_r2_1300,False,1,immediate,5.2768,NARROW,compact,narrow_same_side,4,7,300,200,1.5,strong_advantage,0.0,"{""MARAUDER"": 2, ""MARINE"": 2}","{""BANELING"": 1, ""ZERGLING"": 6}",786dbb598592084e33cd23a066fe897a00b56978db380985e53c53e49a30e06c
r2g_train_0254,configs/train/r2g_train_0254.json,train,terran_vs_swarm_02,terran_vs_swarm,legacy_r2_1300,False,2,immediate,5.3709,OCTAGON,split,diag_up,4,7,300,200,1.5,strong_advantage,0.0,"{""MARAUDER"": 2, ""MARINE"": 2}","{""BANELING"": 1, ""ZERGLING"": 6}",e4749b596a18b6b47de9b4a0fe3384e5ede3c849d22909ac4cb02210347634e1
r2g_train_0255,configs/train/r2g_train_0255.json,train,terran_vs_swarm_02,terran_vs_swarm,legacy_r2_1300,False,3,immediate,5.3826,SIMPLE,staggered,horizontal,4,7,300,200,1.5,strong_advantage,0.0,"{""MARAUDER"": 2, ""MARINE"": 2}","{""BANELING"": 1, ""ZERGLING"": 6}",16d8825d8c3100c0bed8955916f16b767aad60d3654612d6aa999bf27f01daaa
r2g_train_0256,configs/train/r2g_train_0256.json,train,terran_vs_swarm_02,terran_vs_swarm,legacy_r2_1300,False,4,near,8.778,NARROW,type_split,narrow_same_side,4,7,300,200,1.5,strong_advantage,0.0,"{""MARAUDER"": 2, ""MARINE"": 2}","{""BANELING"": 1, ""ZERGLING"": 6}",3b7da1c265eca2e2081ef8a64039434c7ff6fe1a23b6eae9f28b402c359abf2d
r2g_train_0257,configs/train/r2g_train_0257.json,train,terran_vs_swarm_02,terran_vs_swarm,legacy_r2_1300,False,5,near,8.9131,OCTAGON,compact,vertical,4,7,300,200,1.5,strong_advantage,0.0,"{""MARAUDER"": 2, ""MARINE"": 2}","{""BANELING"": 1, ""ZERGLING"": 6}",080832318fefdc63717cfbc29f689286f6f2a5ac80e2cb93112fc2703dc124c3
r2g_train_0258,configs/train/r2g_train_0258.json,train,terran_vs_swarm_02,terran_vs_swarm,legacy_r2_1300,False,6,near,8.9593,OCTAGON,split,diag_down,4,7,300,200,1.5,strong_advantage,0.0,"{""MARAUDER"": 2, ""MARINE"": 2}","{""BANELING"": 1, ""ZERGLING"": 6}",5579a057859a5dfe7f3a7c694e83facf379421222e6b482a66688395391325d6
r2g_train_0259,configs/train/r2g_train_0259.json,train,terran_vs_swarm_02,terran_vs_swarm,legacy_r2_1300,False,7,near,8.6581,NARROW,staggered,narrow_same_side,4,7,300,200,1.5,strong_advantage,0.0,"{""MARAUDER"": 2, ""MARINE"": 2}","{""BANELING"": 1, ""ZERGLING"": 6}",dac1d5f42fc12ffd2d48605dc137b4ae58a0b83070357f7782ee665e299631c7
r2g_train_0260,configs/train/r2g_train_0260.json,train,terran_vs_swarm_02,terran_vs_swarm,legacy_r2_1300,False,8,medium,12.9117,SIMPLE,type_split,horizontal,4,7,300,200,1.5,strong_advantage,0.0,"{""MARAUDER"": 2, ""MARINE"": 2}","{""BANELING"": 1, ""ZERGLING"": 6}",3de909496620ec24f024541fd0d7f68a2ee00f44c0f320e5c9d3ec178cd377fa
r2g_train_0261,configs/train/r2g_train_0261.json,train,terran_vs_swarm_02,terran_vs_swarm,legacy_r2_1300,False,9,medium,12.7697,OCTAGON,compact,diag_up,4,7,300,200,1.5,strong_advantage,0.0,"{""MARAUDER"": 2, ""MARINE"": 2}","{""BANELING"": 1, ""ZERGLING"": 6}",caa30bbc344027a5fde770f5d40d0e762c3fd7009334bdc6306de22f03b8e43a
r2g_train_0262,configs/train/r2g_train_0262.json,train,terran_vs_swarm_02,terran_vs_swarm,legacy_r2_1300,False,10,medium,12.9429,NARROW,split,narrow_cross_gate,4,7,300,200,1.5,strong_advantage,0.0,"{""MARAUDER"": 2, ""MARINE"": 2}","{""BANELING"": 1, ""ZERGLING"": 6}",e8d283df890caa8179fb87230a2f03e207a96ec133b7362c856a7c6bccc65dcd
r2g_train_0263,configs/train/r2g_train_0263.json,train,terran_vs_swarm_02,terran_vs_swarm,legacy_r2_1300,False,11,far,17.1515,SIMPLE,staggered,horizontal,4,7,300,200,1.5,strong_advantage,0.0,"{""MARAUDER"": 2, ""MARINE"": 2}","{""BANELING"": 1, ""ZERGLING"": 6}",f879a8053af939a83186c357c33b2c13a9b9933d4800d124851cb8213673ae2f
r2g_train_0264,configs/train/r2g_train_0264.json,train,terran_vs_swarm_02,terran_vs_swarm,legacy_r2_1300,False,12,far,17.0706,SIMPLE,type_split,horizontal,4,7,300,200,1.5,strong_advantage,0.0,"{""MARAUDER"": 2, ""MARINE"": 2}","{""BANELING"": 1, ""ZERGLING"": 6}",6677a48f15b0ecba3e7291ab84e79dea6d49b2cf72ea14feb427b6e8cb92afef
r2g_train_0265,configs/train/r2g_train_0265.json,train,terran_vs_swarm_03,terran_vs_swarm,legacy_r2_1300,False,1,immediate,5.3048,NARROW,compact,narrow_same_side,5,8,350,250,1.4,strong_advantage,0.0,"{""MARAUDER"": 2, ""MARINE"": 3}","{""BANELING"": 2, ""ZERGLING"": 6}",93067ad664769f99714b88e3acda9a55cad8bb13f0d614bcaf70c38d76d7a536
r2g_train_0266,configs/train/r2g_train_0266.json,train,terran_vs_swarm_03,terran_vs_swarm,legacy_r2_1300,False,2,immediate,5.2023,OCTAGON,split,diag_up,5,8,350,250,1.4,strong_advantage,0.0,"{""MARAUDER"": 2, ""MARINE"": 3}","{""BANELING"": 2, ""ZERGLING"": 6}",b48209448330ba16ae370b559cb1dae600d4ddd36d851ad002d0a1a356310e28
r2g_train_0267,configs/train/r2g_train_0267.json,train,terran_vs_swarm_03,terran_vs_swarm,legacy_r2_1300,False,3,immediate,5.3335,SIMPLE,staggered,horizontal,5,8,350,250,1.4,strong_advantage,0.0,"{""MARAUDER"": 2, ""MARINE"": 3}","{""BANELING"": 2, ""ZERGLING"": 6}",abe09ef0a4078b5274054c4b2327d2469aa55437863542b89d5d3fdae18195e6
r2g_train_0268,configs/train/r2g_train_0268.json,train,terran_vs_swarm_03,terran_vs_swarm,legacy_r2_1300,False,4,near,8.86,NARROW,type_split,narrow_same_side,5,8,350,250,1.4,strong_advantage,0.0,"{""MARAUDER"": 2, ""MARINE"": 3}","{""BANELING"": 2, ""ZERGLING"": 6}",3c58b291149e5b7fcd0b8d6a7974f6a13e3ce99eff4aab9aad99349174121c0f
r2g_train_0269,configs/train/r2g_train_0269.json,train,terran_vs_swarm_03,terran_vs_swarm,legacy_r2_1300,False,5,near,8.8211,OCTAGON,compact,vertical,5,8,350,250,1.4,strong_advantage,0.0,"{""MARAUDER"": 2, ""MARINE"": 3}","{""BANELING"": 2, ""ZERGLING"": 6}",2f4b93dac9d3c633dd8a2fd68e3eba6752b55b0111d58b2bfac61453f01a4840
r2g_train_0270,configs/train/r2g_train_0270.json,train,terran_vs_swarm_03,terran_vs_swarm,legacy_r2_1300,False,6,near,8.7736,OCTAGON,split,diag_down,5,8,350,250,1.4,strong_advantage,0.0,"{""MARAUDER"": 2, ""MARINE"": 3}","{""BANELING"": 2, ""ZERGLING"": 6}",e62d75f4d8ed7db88f28aca00f0b59e685525ebaacb1e8ece34eb4c6ee250dd7
r2g_train_0271,configs/train/r2g_train_0271.json,train,terran_vs_swarm_03,terran_vs_swarm,legacy_r2_1300,False,7,near,8.8396,NARROW,staggered,narrow_same_side,5,8,350,250,1.4,strong_advantage,0.0,"{""MARAUDER"": 2, ""MARINE"": 3}","{""BANELING"": 2, ""ZERGLING"": 6}",d54f767cd4997d7c5b7add36ed648c10f262dc3d3914342a18cf12135db7fbc0
r2g_train_0272,configs/train/r2g_train_0272.json,train,terran_vs_swarm_03,terran_vs_swarm,legacy_r2_1300,False,8,medium,12.746,SIMPLE,type_split,horizontal,5,8,350,250,1.4,strong_advantage,0.0,"{""MARAUDER"": 2, ""MARINE"": 3}","{""BANELING"": 2, ""ZERGLING"": 6}",a2016aeed60fcf403fc97eaf77f28b73bc7d57c1e32bb433a59e8af4f5449e96
r2g_train_0273,configs/train/r2g_train_0273.json,train,terran_vs_swarm_03,terran_vs_swarm,legacy_r2_1300,False,9,medium,12.6052,OCTAGON,compact,diag_up,5,8,350,250,1.4,strong_advantage,0.0,"{""MARAUDER"": 2, ""MARINE"": 3}","{""BANELING"": 2, ""ZERGLING"": 6}",e20c58aa16c1eb3165f3d95c9f30b4eb51a3d251392c31406bb469d53ec4531e
r2g_train_0274,configs/train/r2g_train_0274.json,train,terran_vs_swarm_03,terran_vs_swarm,legacy_r2_1300,False,10,medium,12.7885,NARROW,split,narrow_cross_gate,5,8,350,250,1.4,strong_advantage,0.0,"{""MARAUDER"": 2, ""MARINE"": 3}","{""BANELING"": 2, ""ZERGLING"": 6}",c28463fb4901a622b58bafd6b1efec9d55c9bde399b260b9c170f12a96bbe945
r2g_train_0275,configs/train/r2g_train_0275.json,train,terran_vs_swarm_03,terran_vs_swarm,legacy_r2_1300,False,11,far,17.1632,SIMPLE,staggered,horizontal,5,8,350,250,1.4,strong_advantage,0.0,"{""MARAUDER"": 2, ""MARINE"": 3}","{""BANELING"": 2, ""ZERGLING"": 6}",7f9a7265290a632b97f22ad6ae34c3600d8ac2772bb64e6dd7f2d8d7be2fa365
r2g_train_0276,configs/train/r2g_train_0276.json,train,terran_vs_swarm_03,terran_vs_swarm,legacy_r2_1300,False,12,far,17.052,SIMPLE,type_split,horizontal,5,8,350,250,1.4,strong_advantage,0.0,"{""MARAUDER"": 2, ""MARINE"": 3}","{""BANELING"": 2, ""ZERGLING"": 6}",6b789ac796810a730003a91cdd2cbe040dc1ca2d015fc2762ea463ace5240b6a
r2g_train_0277,configs/train/r2g_train_0277.json,train,terran_vs_swarm_04,terran_vs_swarm,legacy_r2_1300,False,1,immediate,5.2507,NARROW,compact,narrow_same_side,6,10,400,300,1.3333,moderate_advantage,0.075758,"{""MARAUDER"": 2, ""MARINE"": 4}","{""BANELING"": 2, ""ZERGLING"": 8}",9fda1336417fcade8478a969d6e6d1c7de67b2eb2d124b1aaaa37f9854295f80
r2g_train_0278,configs/train/r2g_train_0278.json,train,terran_vs_swarm_04,terran_vs_swarm,legacy_r2_1300,False,2,immediate,5.5146,OCTAGON,split,diag_up,6,10,400,300,1.3333,moderate_advantage,0.075758,"{""MARAUDER"": 2, ""MARINE"": 4}","{""BANELING"": 2, ""ZERGLING"": 8}",246b3e8ed6a1c60155841a8b8f57725e83e5ff43b4b46c78b490d3a351fb650b
r2g_train_0279,configs/train/r2g_train_0279.json,train,terran_vs_swarm_04,terran_vs_swarm,legacy_r2_1300,False,3,immediate,5.2379,SIMPLE,staggered,horizontal,6,10,400,300,1.3333,moderate_advantage,0.075758,"{""MARAUDER"": 2, ""MARINE"": 4}","{""BANELING"": 2, ""ZERGLING"": 8}",e9946cf2f8f36e0b99e3ea7dc00092945cae5cf5fe67a57a6c17d1776bb07bd4
r2g_train_0280,configs/train/r2g_train_0280.json,train,terran_vs_swarm_04,terran_vs_swarm,legacy_r2_1300,False,4,near,8.7071,NARROW,type_split,narrow_same_side,6,10,400,300,1.3333,moderate_advantage,0.075758,"{""MARAUDER"": 2, ""MARINE"": 4}","{""BANELING"": 2, ""ZERGLING"": 8}",0c71692cf3d11e0f0a1cfd55ac072802ec308562ab2ed62df1f9a5c0ed8e45b4
r2g_train_0281,configs/train/r2g_train_0281.json,train,terran_vs_swarm_04,terran_vs_swarm,legacy_r2_1300,False,5,near,8.9684,OCTAGON,compact,vertical,6,10,400,300,1.3333,moderate_advantage,0.075758,"{""MARAUDER"": 2, ""MARINE"": 4}","{""BANELING"": 2, ""ZERGLING"": 8}",51e35a3376c917bb600204b4e6170b4a8383c745567fb8b3c42c29afda0eebf0
r2g_train_0282,configs/train/r2g_train_0282.json,train,terran_vs_swarm_04,terran_vs_swarm,legacy_r2_1300,False,6,near,8.7361,OCTAGON,split,diag_down,6,10,400,300,1.3333,moderate_advantage,0.075758,"{""MARAUDER"": 2, ""MARINE"": 4}","{""BANELING"": 2, ""ZERGLING"": 8}",b915e4b34b2cc963eb8c8384c7c87485d8da71832beb455a9c8e549caca5ffd3
r2g_train_0283,configs/train/r2g_train_0283.json,train,terran_vs_swarm_04,terran_vs_swarm,legacy_r2_1300,False,7,near,8.8763,NARROW,staggered,narrow_same_side,6,10,400,300,1.3333,moderate_advantage,0.075758,"{""MARAUDER"": 2, ""MARINE"": 4}","{""BANELING"": 2, ""ZERGLING"": 8}",ad48d89b210a57d874079eaf38323291fcffd65b837f1ae70b5f01f80781ff39
r2g_train_0284,configs/train/r2g_train_0284.json,train,terran_vs_swarm_04,terran_vs_swarm,legacy_r2_1300,False,8,medium,12.7903,SIMPLE,type_split,horizontal,6,10,400,300,1.3333,moderate_advantage,0.075758,"{""MARAUDER"": 2, ""MARINE"": 4}","{""BANELING"": 2, ""ZERGLING"": 8}",1e35ebe95e53d985e8473cfd5225f7f757a61b72f307cc5d7e4967daefa5033f
r2g_train_0285,configs/train/r2g_train_0285.json,train,terran_vs_swarm_04,terran_vs_swarm,legacy_r2_1300,False,9,medium,12.769,OCTAGON,compact,diag_up,6,10,400,300,1.3333,moderate_advantage,0.075758,"{""MARAUDER"": 2, ""MARINE"": 4}","{""BANELING"": 2, ""ZERGLING"": 8}",e17073e8112877416908c539bc7fb34d39520041334988c124c4d81841b401f2
r2g_train_0286,configs/train/r2g_train_0286.json,train,terran_vs_swarm_04,terran_vs_swarm,legacy_r2_1300,False,10,medium,12.6893,NARROW,split,narrow_cross_gate,6,10,400,300,1.3333,moderate_advantage,0.075758,"{""MARAUDER"": 2, ""MARINE"": 4}","{""BANELING"": 2, ""ZERGLING"": 8}",a97689c8fe0052d2c7202627c6a6380c3f018747467a872dbb15ae69ba68550d
r2g_train_0287,configs/train/r2g_train_0287.json,train,terran_vs_swarm_04,terran_vs_swarm,legacy_r2_1300,False,11,far,16.8296,SIMPLE,staggered,horizontal,6,10,400,300,1.3333,moderate_advantage,0.075758,"{""MARAUDER"": 2, ""MARINE"": 4}","{""BANELING"": 2, ""ZERGLING"": 8}",8bf0208c2162bfb6bc6b382fd8246d9e03316800ff5ec7810fc490bba3c7caad
r2g_train_0288,configs/train/r2g_train_0288.json,train,terran_vs_swarm_04,terran_vs_swarm,legacy_r2_1300,False,12,far,16.9127,SIMPLE,type_split,horizontal,6,10,400,300,1.3333,moderate_advantage,0.075758,"{""MARAUDER"": 2, ""MARINE"": 4}","{""BANELING"": 2, ""ZERGLING"": 8}",b8c6d036b54e24c0f313fd69c46e5fae8859314043158700b6180b31c451b798
r2g_train_0289,configs/train/r2g_train_0289.json,train,terran_vs_swarm_05,terran_vs_swarm,legacy_r2_1300,False,1,immediate,5.2535,NARROW,compact,narrow_same_side,8,10,550,325,1.6923,strong_advantage,0.0,"{""MARAUDER"": 3, ""MARINE"": 5}","{""BANELING"": 3, ""ZERGLING"": 7}",75d23eb9ba3d340b370aa4a105b59710e551640b2778e6b15a590dac756150bf
r2g_train_0290,configs/train/r2g_train_0290.json,train,terran_vs_swarm_05,terran_vs_swarm,legacy_r2_1300,False,2,immediate,5.3801,OCTAGON,split,diag_up,8,10,550,325,1.6923,strong_advantage,0.0,"{""MARAUDER"": 3, ""MARINE"": 5}","{""BANELING"": 3, ""ZERGLING"": 7}",4214be9e023ae1d08070f08acd0bfc5e0c5c15374e884773b099d8a43543e72d
r2g_train_0291,configs/train/r2g_train_0291.json,train,terran_vs_swarm_05,terran_vs_swarm,legacy_r2_1300,False,3,immediate,5.2784,SIMPLE,staggered,horizontal,8,10,550,325,1.6923,strong_advantage,0.0,"{""MARAUDER"": 3, ""MARINE"": 5}","{""BANELING"": 3, ""ZERGLING"": 7}",314b7881d27d2f9790f4887ba6ed640648f3a47e5838ea0f05b775696b0374e8
r2g_train_0292,configs/train/r2g_train_0292.json,train,terran_vs_swarm_05,terran_vs_swarm,legacy_r2_1300,False,4,near,8.8916,NARROW,type_split,narrow_same_side,8,10,550,325,1.6923,strong_advantage,0.0,"{""MARAUDER"": 3, ""MARINE"": 5}","{""BANELING"": 3, ""ZERGLING"": 7}",1543dcbcdc6636a902fe6a8420e0a1d7744eee61077b5ebd935944556b52ba9f
r2g_train_0293,configs/train/r2g_train_0293.json,train,terran_vs_swarm_05,terran_vs_swarm,legacy_r2_1300,False,5,near,8.9541,OCTAGON,compact,vertical,8,10,550,325,1.6923,strong_advantage,0.0,"{""MARAUDER"": 3, ""MARINE"": 5}","{""BANELING"": 3, ""ZERGLING"": 7}",219e8ff5b2067726fd241db7ea996aa6c118ae71224b366a84eab469b276e8bd
r2g_train_0294,configs/train/r2g_train_0294.json,train,terran_vs_swarm_05,terran_vs_swarm,legacy_r2_1300,False,6,near,8.976,OCTAGON,split,diag_down,8,10,550,325,1.6923,strong_advantage,0.0,"{""MARAUDER"": 3, ""MARINE"": 5}","{""BANELING"": 3, ""ZERGLING"": 7}",b63d4c48176c08f83a043a042e3b986415de1d4d696bb3f73bfce40c8feb8693
r2g_train_0295,configs/train/r2g_train_0295.json,train,terran_vs_swarm_05,terran_vs_swarm,legacy_r2_1300,False,7,near,8.6401,NARROW,staggered,narrow_same_side,8,10,550,325,1.6923,strong_advantage,0.0,"{""MARAUDER"": 3, ""MARINE"": 5}","{""BANELING"": 3, ""ZERGLING"": 7}",ec903adcb3b92212a89b156f65ff4a78d8bcb43217d6b6ce38d9ffc15916f1fb
r2g_train_0296,configs/train/r2g_train_0296.json,train,terran_vs_swarm_05,terran_vs_swarm,legacy_r2_1300,False,8,medium,12.6671,SIMPLE,type_split,horizontal,8,10,550,325,1.6923,strong_advantage,0.0,"{""MARAUDER"": 3, ""MARINE"": 5}","{""BANELING"": 3, ""ZERGLING"": 7}",58cec4e227afbd6823bab92e7504d07bd161f4e011631cc236a4a1bfefd41426
r2g_train_0297,configs/train/r2g_train_0297.json,train,terran_vs_swarm_05,terran_vs_swarm,legacy_r2_1300,False,9,medium,12.9311,OCTAGON,compact,diag_up,8,10,550,325,1.6923,strong_advantage,0.0,"{""MARAUDER"": 3, ""MARINE"": 5}","{""BANELING"": 3, ""ZERGLING"": 7}",d6ea44bf56401cb7475f853e84985442a4cc8b698fd62799db67a10f3f9274d9
r2g_train_0298,configs/train/r2g_train_0298.json,train,terran_vs_swarm_05,terran_vs_swarm,legacy_r2_1300,False,10,medium,12.6784,NARROW,split,narrow_cross_gate,8,10,550,325,1.6923,strong_advantage,0.0,"{""MARAUDER"": 3, ""MARINE"": 5}","{""BANELING"": 3, ""ZERGLING"": 7}",0118a7aaf7fc580fd1c82deda9db6edf8cb73eb0cb7289727bb70149cc9b8daa
r2g_train_0299,configs/train/r2g_train_0299.json,train,terran_vs_swarm_05,terran_vs_swarm,legacy_r2_1300,False,11,far,16.8403,SIMPLE,staggered,horizontal,8,10,550,325,1.6923,strong_advantage,0.0,"{""MARAUDER"": 3, ""MARINE"": 5}","{""BANELING"": 3, ""ZERGLING"": 7}",e8551b21d498b6ab439a1cb17a58158256169f9b7e7671dcfe8c87bc9afd89c7
r2g_train_0300,configs/train/r2g_train_0300.json,train,terran_vs_swarm_05,terran_vs_swarm,legacy_r2_1300,False,12,far,16.8524,SIMPLE,type_split,horizontal,8,10,550,325,1.6923,strong_advantage,0.0,"{""MARAUDER"": 3, ""MARINE"": 5}","{""BANELING"": 3, ""ZERGLING"": 7}",39aff34578a6032e8f09d4d3e012b2e46e43403b11b4e36c3edff0c757f7c386
r2g_train_0301,configs/train/r2g_train_0301.json,train,mmm_mirror_01,mmm_mirror,legacy_r2_1300,False,1,immediate,5.4887,NARROW,compact,narrow_same_side,5,4,375,325,1.1538,moderate_advantage,0.402098,"{""MARAUDER"": 1, ""MARINE"": 3, ""MEDIVAC"": 1}","{""MARAUDER"": 1, ""MARINE"": 2, ""MEDIVAC"": 1}",198e6656042dc38f3ebba50843838ed127528d1d5419594949e1dbf31f856a7e
r2g_train_0302,configs/train/r2g_train_0302.json,train,mmm_mirror_01,mmm_mirror,legacy_r2_1300,False,2,immediate,5.4415,OCTAGON,split,diag_up,5,4,375,325,1.1538,moderate_advantage,0.402098,"{""MARAUDER"": 1, ""MARINE"": 3, ""MEDIVAC"": 1}","{""MARAUDER"": 1, ""MARINE"": 2, ""MEDIVAC"": 1}",0cc04dd7154d819d1c10c621d787d139ed13e0fbacebb8fcb8e769e20aa9790c
r2g_train_0303,configs/train/r2g_train_0303.json,train,mmm_mirror_01,mmm_mirror,legacy_r2_1300,False,3,immediate,5.2737,SIMPLE,staggered,horizontal,5,4,375,325,1.1538,moderate_advantage,0.402098,"{""MARAUDER"": 1, ""MARINE"": 3, ""MEDIVAC"": 1}","{""MARAUDER"": 1, ""MARINE"": 2, ""MEDIVAC"": 1}",eacd169db6a15ac8d01a2a71108f29edf4666c67e1a30326708e351b09a28bb5
r2g_train_0304,configs/train/r2g_train_0304.json,train,mmm_mirror_01,mmm_mirror,legacy_r2_1300,False,4,near,8.8701,NARROW,type_split,narrow_same_side,5,4,375,325,1.1538,moderate_advantage,0.402098,"{""MARAUDER"": 1, ""MARINE"": 3, ""MEDIVAC"": 1}","{""MARAUDER"": 1, ""MARINE"": 2, ""MEDIVAC"": 1}",280581833fe676aa73d8ffda61f3de76b67b81ed81f3765437d9b03aa6a4d368
r2g_train_0305,configs/train/r2g_train_0305.json,train,mmm_mirror_01,mmm_mirror,legacy_r2_1300,False,5,near,8.6021,OCTAGON,compact,vertical,5,4,375,325,1.1538,moderate_advantage,0.402098,"{""MARAUDER"": 1, ""MARINE"": 3, ""MEDIVAC"": 1}","{""MARAUDER"": 1, ""MARINE"": 2, ""MEDIVAC"": 1}",14fd00d37c08dcd1f836720dd53e2d5d7b6f4802f4105a1c119cd8eec7da693e
r2g_train_0306,configs/train/r2g_train_0306.json,train,mmm_mirror_01,mmm_mirror,legacy_r2_1300,False,6,near,8.8591,OCTAGON,split,diag_down,5,4,375,325,1.1538,moderate_advantage,0.402098,"{""MARAUDER"": 1, ""MARINE"": 3, ""MEDIVAC"": 1}","{""MARAUDER"": 1, ""MARINE"": 2, ""MEDIVAC"": 1}",d1aef878d4e784879b7a679e6c32bffa6c394cf4178ff3bfdf79ad061817ba75
r2g_train_0307,configs/train/r2g_train_0307.json,train,mmm_mirror_01,mmm_mirror,legacy_r2_1300,False,7,near,8.9966,NARROW,staggered,narrow_same_side,5,4,375,325,1.1538,moderate_advantage,0.402098,"{""MARAUDER"": 1, ""MARINE"": 3, ""MEDIVAC"": 1}","{""MARAUDER"": 1, ""MARINE"": 2, ""MEDIVAC"": 1}",ccce253a9bcb0a1c222df73c708a1951e59818b5c9c5cb6e55392f12a5fb5524
r2g_train_0308,configs/train/r2g_train_0308.json,train,mmm_mirror_01,mmm_mirror,legacy_r2_1300,False,8,medium,12.946,SIMPLE,type_split,horizontal,5,4,375,325,1.1538,moderate_advantage,0.402098,"{""MARAUDER"": 1, ""MARINE"": 3, ""MEDIVAC"": 1}","{""MARAUDER"": 1, ""MARINE"": 2, ""MEDIVAC"": 1}",f5c3a475913d9a8d150c0f7d3b9499af7812e6678d7171dba165d96bc0e197e0
r2g_train_0309,configs/train/r2g_train_0309.json,train,mmm_mirror_01,mmm_mirror,legacy_r2_1300,False,9,medium,12.8918,OCTAGON,compact,diag_up,5,4,375,325,1.1538,moderate_advantage,0.402098,"{""MARAUDER"": 1, ""MARINE"": 3, ""MEDIVAC"": 1}","{""MARAUDER"": 1, ""MARINE"": 2, ""MEDIVAC"": 1}",a68327f4a7ccb1cd4a361912776b715d45895bcec7ff8d2a7168c79b90828b96
r2g_train_0310,configs/train/r2g_train_0310.json,train,mmm_mirror_01,mmm_mirror,legacy_r2_1300,False,10,medium,12.7021,NARROW,split,narrow_cross_gate,5,4,375,325,1.1538,moderate_advantage,0.402098,"{""MARAUDER"": 1, ""MARINE"": 3, ""MEDIVAC"": 1}","{""MARAUDER"": 1, ""MARINE"": 2, ""MEDIVAC"": 1}",4a438009481c4fc17cc96d18453b0a8c98998693f84c0187fe1a29d47460d96b
r2g_train_0311,configs/train/r2g_train_0311.json,train,mmm_mirror_01,mmm_mirror,legacy_r2_1300,False,11,far,16.9546,SIMPLE,staggered,horizontal,5,4,375,325,1.1538,moderate_advantage,0.402098,"{""MARAUDER"": 1, ""MARINE"": 3, ""MEDIVAC"": 1}","{""MARAUDER"": 1, ""MARINE"": 2, ""MEDIVAC"": 1}",5c5f710e0b3e58b5ab9078d40ba54ccfc3e965e3cabef7f28007b392e7909ad7
r2g_train_0312,configs/train/r2g_train_0312.json,train,mmm_mirror_01,mmm_mirror,legacy_r2_1300,False,12,far,16.8044,SIMPLE,type_split,horizontal,5,4,375,325,1.1538,moderate_advantage,0.402098,"{""MARAUDER"": 1, ""MARINE"": 3, ""MEDIVAC"": 1}","{""MARAUDER"": 1, ""MARINE"": 2, ""MEDIVAC"": 1}",16f12cd8883bd731454c453ec0f08b8d785caa10349470f63c8f1e944f53d1e7
r2g_train_0313,configs/train/r2g_train_0313.json,train,mmm_mirror_02,mmm_mirror,legacy_r2_1300,False,1,immediate,5.389,NARROW,compact,narrow_same_side,6,5,475,375,1.2667,moderate_advantage,0.19697,"{""MARAUDER"": 2, ""MARINE"": 3, ""MEDIVAC"": 1}","{""MARAUDER"": 1, ""MARINE"": 3, ""MEDIVAC"": 1}",eef2d313dde1cf0070a053b9ee1838073e781c389a1693c8f1cfe431972b6fde
r2g_train_0314,configs/train/r2g_train_0314.json,train,mmm_mirror_02,mmm_mirror,legacy_r2_1300,False,2,immediate,5.366,OCTAGON,split,diag_up,6,5,475,375,1.2667,moderate_advantage,0.19697,"{""MARAUDER"": 2, ""MARINE"": 3, ""MEDIVAC"": 1}","{""MARAUDER"": 1, ""MARINE"": 3, ""MEDIVAC"": 1}",6276bf062044cad0b31340d42fb37282311f8c1babf5ac911e19d5c7f0597c82
r2g_train_0315,configs/train/r2g_train_0315.json,train,mmm_mirror_02,mmm_mirror,legacy_r2_1300,False,3,immediate,5.2368,SIMPLE,staggered,horizontal,6,5,475,375,1.2667,moderate_advantage,0.19697,"{""MARAUDER"": 2, ""MARINE"": 3, ""MEDIVAC"": 1}","{""MARAUDER"": 1, ""MARINE"": 3, ""MEDIVAC"": 1}",adb6a23783860f5264887ef9d5684bcac878a79c2f34b44edb86c90761ea196f
r2g_train_0316,configs/train/r2g_train_0316.json,train,mmm_mirror_02,mmm_mirror,legacy_r2_1300,False,4,near,8.6476,NARROW,type_split,narrow_same_side,6,5,475,375,1.2667,moderate_advantage,0.19697,"{""MARAUDER"": 2, ""MARINE"": 3, ""MEDIVAC"": 1}","{""MARAUDER"": 1, ""MARINE"": 3, ""MEDIVAC"": 1}",388c3c6aae95dc83c04cc94598f72c579cd29b64704c10bbfced5e3107de66a4
r2g_train_0317,configs/train/r2g_train_0317.json,train,mmm_mirror_02,mmm_mirror,legacy_r2_1300,False,5,near,8.8827,OCTAGON,compact,vertical,6,5,475,375,1.2667,moderate_advantage,0.19697,"{""MARAUDER"": 2, ""MARINE"": 3, ""MEDIVAC"": 1}","{""MARAUDER"": 1, ""MARINE"": 3, ""MEDIVAC"": 1}",40db1528f58b2381744e23845a1c6a1096b69c2f52e7f4c3331ad26c5dd0081e
r2g_train_0318,configs/train/r2g_train_0318.json,train,mmm_mirror_02,mmm_mirror,legacy_r2_1300,False,6,near,8.7137,OCTAGON,split,diag_down,6,5,475,375,1.2667,moderate_advantage,0.19697,"{""MARAUDER"": 2, ""MARINE"": 3, ""MEDIVAC"": 1}","{""MARAUDER"": 1, ""MARINE"": 3, ""MEDIVAC"": 1}",7cab1b38dacb23feef29f5ef3fcb64e75ed0dabde9dbc7c876e49f2802e68c03
r2g_train_0319,configs/train/r2g_train_0319.json,train,mmm_mirror_02,mmm_mirror,legacy_r2_1300,False,7,near,8.6072,NARROW,staggered,narrow_same_side,6,5,475,375,1.2667,moderate_advantage,0.19697,"{""MARAUDER"": 2, ""MARINE"": 3, ""MEDIVAC"": 1}","{""MARAUDER"": 1, ""MARINE"": 3, ""MEDIVAC"": 1}",09a8aad6c4f22dc478c95a676235a7a9f79d1227cc7d8096bef2df2c186fc3f7
r2g_train_0320,configs/train/r2g_train_0320.json,train,mmm_mirror_02,mmm_mirror,legacy_r2_1300,False,8,medium,12.6942,SIMPLE,type_split,horizontal,6,5,475,375,1.2667,moderate_advantage,0.19697,"{""MARAUDER"": 2, ""MARINE"": 3, ""MEDIVAC"": 1}","{""MARAUDER"": 1, ""MARINE"": 3, ""MEDIVAC"": 1}",42f7d0d710852399877b20cd61502d9d27045062b55298f42c8101074f6828b6
r2g_train_0321,configs/train/r2g_train_0321.json,train,mmm_mirror_02,mmm_mirror,legacy_r2_1300,False,9,medium,12.808,OCTAGON,compact,diag_up,6,5,475,375,1.2667,moderate_advantage,0.19697,"{""MARAUDER"": 2, ""MARINE"": 3, ""MEDIVAC"": 1}","{""MARAUDER"": 1, ""MARINE"": 3, ""MEDIVAC"": 1}",5a3273ba3b45661a86a9b56ced96ab2bfb4774114aa13a68e4a235bcd5e80f49
r2g_train_0322,configs/train/r2g_train_0322.json,train,mmm_mirror_02,mmm_mirror,legacy_r2_1300,False,10,medium,12.6521,NARROW,split,narrow_cross_gate,6,5,475,375,1.2667,moderate_advantage,0.19697,"{""MARAUDER"": 2, ""MARINE"": 3, ""MEDIVAC"": 1}","{""MARAUDER"": 1, ""MARINE"": 3, ""MEDIVAC"": 1}",002b402a93d1d5e542f88674aad03c196aa30503cbca6bbe233c737c261bdacf
r2g_train_0323,configs/train/r2g_train_0323.json,train,mmm_mirror_02,mmm_mirror,legacy_r2_1300,False,11,far,17.1159,SIMPLE,staggered,horizontal,6,5,475,375,1.2667,moderate_advantage,0.19697,"{""MARAUDER"": 2, ""MARINE"": 3, ""MEDIVAC"": 1}","{""MARAUDER"": 1, ""MARINE"": 3, ""MEDIVAC"": 1}",9fb595a887c2a05eec1c16b9f7de5b56de66adf665fbf852a7c3092c0b090090
r2g_train_0324,configs/train/r2g_train_0324.json,train,mmm_mirror_02,mmm_mirror,legacy_r2_1300,False,12,far,17.1017,SIMPLE,type_split,horizontal,6,5,475,375,1.2667,moderate_advantage,0.19697,"{""MARAUDER"": 2, ""MARINE"": 3, ""MEDIVAC"": 1}","{""MARAUDER"": 1, ""MARINE"": 3, ""MEDIVAC"": 1}",a975d1d4dc850020490e66aa1c42d4ae0798125bf13ae402813af93b1f53ff3f
r2g_train_0325,configs/train/r2g_train_0325.json,train,mmm_mirror_03,mmm_mirror,legacy_r2_1300,False,1,immediate,5.5957,NARROW,compact,narrow_same_side,7,6,525,475,1.1053,moderate_advantage,0.490431,"{""MARAUDER"": 2, ""MARINE"": 4, ""MEDIVAC"": 1}","{""MARAUDER"": 2, ""MARINE"": 3, ""MEDIVAC"": 1}",400150f74375a59765f0f7caf724876dc04f54da12111c3cc0672e067b1e9b1c
r2g_train_0326,configs/train/r2g_train_0326.json,train,mmm_mirror_03,mmm_mirror,legacy_r2_1300,False,2,immediate,5.4258,OCTAGON,split,diag_up,7,6,525,475,1.1053,moderate_advantage,0.490431,"{""MARAUDER"": 2, ""MARINE"": 4, ""MEDIVAC"": 1}","{""MARAUDER"": 2, ""MARINE"": 3, ""MEDIVAC"": 1}",bf52b8d68ccfc278306251845db786aad37184ef7acfba787037ffacc9cb5491
r2g_train_0327,configs/train/r2g_train_0327.json,train,mmm_mirror_03,mmm_mirror,legacy_r2_1300,False,3,immediate,5.2548,SIMPLE,staggered,horizontal,7,6,525,475,1.1053,moderate_advantage,0.490431,"{""MARAUDER"": 2, ""MARINE"": 4, ""MEDIVAC"": 1}","{""MARAUDER"": 2, ""MARINE"": 3, ""MEDIVAC"": 1}",815b96cad93a61b4a41caced553bc0ab6c6f03fd12d049bb2861bfcf85df6ad4
r2g_train_0328,configs/train/r2g_train_0328.json,train,mmm_mirror_03,mmm_mirror,legacy_r2_1300,False,4,near,8.8531,NARROW,type_split,narrow_same_side,7,6,525,475,1.1053,moderate_advantage,0.490431,"{""MARAUDER"": 2, ""MARINE"": 4, ""MEDIVAC"": 1}","{""MARAUDER"": 2, ""MARINE"": 3, ""MEDIVAC"": 1}",da81688875147db94413da97342c59e16af92fa06c4994a9ba9d045cd6af0e5c
r2g_train_0329,configs/train/r2g_train_0329.json,train,mmm_mirror_03,mmm_mirror,legacy_r2_1300,False,5,near,8.9591,OCTAGON,compact,vertical,7,6,525,475,1.1053,moderate_advantage,0.490431,"{""MARAUDER"": 2, ""MARINE"": 4, ""MEDIVAC"": 1}","{""MARAUDER"": 2, ""MARINE"": 3, ""MEDIVAC"": 1}",e11a30a54ca645a7e30209d1ceccec66260c807c5a5e5d7426afaf19d4423942
r2g_train_0330,configs/train/r2g_train_0330.json,train,mmm_mirror_03,mmm_mirror,legacy_r2_1300,False,6,near,8.7535,OCTAGON,split,diag_down,7,6,525,475,1.1053,moderate_advantage,0.490431,"{""MARAUDER"": 2, ""MARINE"": 4, ""MEDIVAC"": 1}","{""MARAUDER"": 2, ""MARINE"": 3, ""MEDIVAC"": 1}",3f1dafdda111c51969341a062593430654e204665dbd5df518606799622efcd3
r2g_train_0331,configs/train/r2g_train_0331.json,train,mmm_mirror_03,mmm_mirror,legacy_r2_1300,False,7,near,8.7336,NARROW,staggered,narrow_same_side,7,6,525,475,1.1053,moderate_advantage,0.490431,"{""MARAUDER"": 2, ""MARINE"": 4, ""MEDIVAC"": 1}","{""MARAUDER"": 2, ""MARINE"": 3, ""MEDIVAC"": 1}",70dec1385bd0dd42d47b7bb0300286cc14a53e592e7783a87e04a97c8a97f5d0
r2g_train_0332,configs/train/r2g_train_0332.json,train,mmm_mirror_03,mmm_mirror,legacy_r2_1300,False,8,medium,12.9821,SIMPLE,type_split,horizontal,7,6,525,475,1.1053,moderate_advantage,0.490431,"{""MARAUDER"": 2, ""MARINE"": 4, ""MEDIVAC"": 1}","{""MARAUDER"": 2, ""MARINE"": 3, ""MEDIVAC"": 1}",04f634c4e720653289a5a74ecdba790080eb8dbe6a837a73215f8e0e6c331d6b
r2g_train_0333,configs/train/r2g_train_0333.json,train,mmm_mirror_03,mmm_mirror,legacy_r2_1300,False,9,medium,12.6441,OCTAGON,compact,diag_up,7,6,525,475,1.1053,moderate_advantage,0.490431,"{""MARAUDER"": 2, ""MARINE"": 4, ""MEDIVAC"": 1}","{""MARAUDER"": 2, ""MARINE"": 3, ""MEDIVAC"": 1}",d38fa47e34ca15e17561a2cda819e65b7ddf3577f91f016630effb91291715d9
r2g_train_0334,configs/train/r2g_train_0334.json,train,mmm_mirror_03,mmm_mirror,legacy_r2_1300,False,10,medium,12.802,NARROW,split,narrow_cross_gate,7,6,525,475,1.1053,moderate_advantage,0.490431,"{""MARAUDER"": 2, ""MARINE"": 4, ""MEDIVAC"": 1}","{""MARAUDER"": 2, ""MARINE"": 3, ""MEDIVAC"": 1}",fe63be29c8307279a7b09bde9d3944df0af1328e08c2433203e5eb6171df892e
r2g_train_0335,configs/train/r2g_train_0335.json,train,mmm_mirror_03,mmm_mirror,legacy_r2_1300,False,11,far,16.937,SIMPLE,staggered,horizontal,7,6,525,475,1.1053,moderate_advantage,0.490431,"{""MARAUDER"": 2, ""MARINE"": 4, ""MEDIVAC"": 1}","{""MARAUDER"": 2, ""MARINE"": 3, ""MEDIVAC"": 1}",4755fef9186bbe67ef436bc4910e42c27c5bd7e22b1e624b31e2570e31ee70c3
r2g_train_0336,configs/train/r2g_train_0336.json,train,mmm_mirror_03,mmm_mirror,legacy_r2_1300,False,12,far,16.8821,SIMPLE,type_split,horizontal,7,6,525,475,1.1053,moderate_advantage,0.490431,"{""MARAUDER"": 2, ""MARINE"": 4, ""MEDIVAC"": 1}","{""MARAUDER"": 2, ""MARINE"": 3, ""MEDIVAC"": 1}",0b53654cc3685adf7461d32d9f043fc400c17a7fce4a6f63566a146e8a0edd97
r2g_train_0337,configs/train/r2g_train_0337.json,train,mmm_mirror_04,mmm_mirror,legacy_r2_1300,False,1,immediate,5.5735,NARROW,compact,narrow_same_side,8,7,625,525,1.1905,moderate_advantage,0.335498,"{""MARAUDER"": 3, ""MARINE"": 4, ""MEDIVAC"": 1}","{""MARAUDER"": 2, ""MARINE"": 4, ""MEDIVAC"": 1}",621c8bb97985993975460a30967aa48802d045457a7d2677fee5808f328cc767
r2g_train_0338,configs/train/r2g_train_0338.json,train,mmm_mirror_04,mmm_mirror,legacy_r2_1300,False,2,immediate,5.2702,OCTAGON,split,diag_up,8,7,625,525,1.1905,moderate_advantage,0.335498,"{""MARAUDER"": 3, ""MARINE"": 4, ""MEDIVAC"": 1}","{""MARAUDER"": 2, ""MARINE"": 4, ""MEDIVAC"": 1}",6ff3d673143faadbc2d0343b50f6ba3713eb8f9f66fa2f0c33841debc9cc9962
r2g_train_0339,configs/train/r2g_train_0339.json,train,mmm_mirror_04,mmm_mirror,legacy_r2_1300,False,3,immediate,5.3032,SIMPLE,staggered,horizontal,8,7,625,525,1.1905,moderate_advantage,0.335498,"{""MARAUDER"": 3, ""MARINE"": 4, ""MEDIVAC"": 1}","{""MARAUDER"": 2, ""MARINE"": 4, ""MEDIVAC"": 1}",e89e9dd816cb40482851310d8a721e26ef34daca1bb706a6d07b2f5a9525eed2
r2g_train_0340,configs/train/r2g_train_0340.json,train,mmm_mirror_04,mmm_mirror,legacy_r2_1300,False,4,near,8.6961,NARROW,type_split,narrow_same_side,8,7,625,525,1.1905,moderate_advantage,0.335498,"{""MARAUDER"": 3, ""MARINE"": 4, ""MEDIVAC"": 1}","{""MARAUDER"": 2, ""MARINE"": 4, ""MEDIVAC"": 1}",317ec684273b05f4d2b68c97b6d2fd72f967ee1deffa7411b0217953be40b689
r2g_train_0341,configs/train/r2g_train_0341.json,train,mmm_mirror_04,mmm_mirror,legacy_r2_1300,False,5,near,8.9869,OCTAGON,compact,vertical,8,7,625,525,1.1905,moderate_advantage,0.335498,"{""MARAUDER"": 3, ""MARINE"": 4, ""MEDIVAC"": 1}","{""MARAUDER"": 2, ""MARINE"": 4, ""MEDIVAC"": 1}",4124d9262a51aefb9196b854006b84b81cb98356a9b56ea775fe6a1d17a32c70
r2g_train_0342,configs/train/r2g_train_0342.json,train,mmm_mirror_04,mmm_mirror,legacy_r2_1300,False,6,near,8.7773,OCTAGON,split,diag_down,8,7,625,525,1.1905,moderate_advantage,0.335498,"{""MARAUDER"": 3, ""MARINE"": 4, ""MEDIVAC"": 1}","{""MARAUDER"": 2, ""MARINE"": 4, ""MEDIVAC"": 1}",900bc8d2e01b3e918272e5a96c77fb52ccc9a429a136e65666712a8b12899475
r2g_train_0343,configs/train/r2g_train_0343.json,train,mmm_mirror_04,mmm_mirror,legacy_r2_1300,False,7,near,8.9191,NARROW,staggered,narrow_same_side,8,7,625,525,1.1905,moderate_advantage,0.335498,"{""MARAUDER"": 3, ""MARINE"": 4, ""MEDIVAC"": 1}","{""MARAUDER"": 2, ""MARINE"": 4, ""MEDIVAC"": 1}",d136d1453b5d4cbef62d3fe26944bea9c6fd76281dc0d1d041e85fe9ccc66458
r2g_train_0344,configs/train/r2g_train_0344.json,train,mmm_mirror_04,mmm_mirror,legacy_r2_1300,False,8,medium,12.9165,SIMPLE,type_split,horizontal,8,7,625,525,1.1905,moderate_advantage,0.335498,"{""MARAUDER"": 3, ""MARINE"": 4, ""MEDIVAC"": 1}","{""MARAUDER"": 2, ""MARINE"": 4, ""MEDIVAC"": 1}",972ed936a1062665161ca360869821129272ee098fe766f41d39f2f0d7cfa43f
r2g_train_0345,configs/train/r2g_train_0345.json,train,mmm_mirror_04,mmm_mirror,legacy_r2_1300,False,9,medium,12.743,OCTAGON,compact,diag_up,8,7,625,525,1.1905,moderate_advantage,0.335498,"{""MARAUDER"": 3, ""MARINE"": 4, ""MEDIVAC"": 1}","{""MARAUDER"": 2, ""MARINE"": 4, ""MEDIVAC"": 1}",a8d54a53c8024c8b9b1325794555a3d17c225d8ed0e243c0340c3dd8eb544d22
r2g_train_0346,configs/train/r2g_train_0346.json,train,mmm_mirror_04,mmm_mirror,legacy_r2_1300,False,10,medium,12.8449,NARROW,split,narrow_cross_gate,8,7,625,525,1.1905,moderate_advantage,0.335498,"{""MARAUDER"": 3, ""MARINE"": 4, ""MEDIVAC"": 1}","{""MARAUDER"": 2, ""MARINE"": 4, ""MEDIVAC"": 1}",3e57fbf62ff4e807f0ecf514935118a7e7332b3e2ae6bf637fe9393b382517b0
r2g_train_0347,configs/train/r2g_train_0347.json,train,mmm_mirror_04,mmm_mirror,legacy_r2_1300,False,11,far,16.8764,SIMPLE,staggered,horizontal,8,7,625,525,1.1905,moderate_advantage,0.335498,"{""MARAUDER"": 3, ""MARINE"": 4, ""MEDIVAC"": 1}","{""MARAUDER"": 2, ""MARINE"": 4, ""MEDIVAC"": 1}",b3b3c60f1079a3d9fb954fa42ae3c3d41d99f5d3fb2a1d890d5fb4915f886f4c
r2g_train_0348,configs/train/r2g_train_0348.json,train,mmm_mirror_04,mmm_mirror,legacy_r2_1300,False,12,far,16.9291,SIMPLE,type_split,horizontal,8,7,625,525,1.1905,moderate_advantage,0.335498,"{""MARAUDER"": 3, ""MARINE"": 4, ""MEDIVAC"": 1}","{""MARAUDER"": 2, ""MARINE"": 4, ""MEDIVAC"": 1}",489d4c042a8bdf0d973c7bb79cb67daa584c6a7b9fc4307ae725015acf5c0837
r2g_train_0349,configs/train/r2g_train_0349.json,train,mmm_mirror_05,mmm_mirror,legacy_r2_1300,False,1,immediate,5.3437,NARROW,compact,narrow_same_side,9,8,675,625,1.08,balanced,0.536364,"{""MARAUDER"": 3, ""MARINE"": 5, ""MEDIVAC"": 1}","{""MARAUDER"": 3, ""MARINE"": 4, ""MEDIVAC"": 1}",3a73e693c74de932c89cffc26ee6cfef09e9e6cde7dae9def2f3ea3e1bc0f663
r2g_train_0350,configs/train/r2g_train_0350.json,train,mmm_mirror_05,mmm_mirror,legacy_r2_1300,False,2,immediate,5.218,OCTAGON,split,diag_up,9,8,675,625,1.08,balanced,0.536364,"{""MARAUDER"": 3, ""MARINE"": 5, ""MEDIVAC"": 1}","{""MARAUDER"": 3, ""MARINE"": 4, ""MEDIVAC"": 1}",666b831aa069846c0b520d8e2d2510716d6f94140b2cadf4f9c15207f340314b
r2g_train_0351,configs/train/r2g_train_0351.json,train,mmm_mirror_05,mmm_mirror,legacy_r2_1300,False,3,immediate,5.5378,SIMPLE,staggered,horizontal,9,8,675,625,1.08,balanced,0.536364,"{""MARAUDER"": 3, ""MARINE"": 5, ""MEDIVAC"": 1}","{""MARAUDER"": 3, ""MARINE"": 4, ""MEDIVAC"": 1}",1d0530c19eb2e4bf5f25a90202ca335817d8a699d16248defcf3611ccb83ac2a
r2g_train_0352,configs/train/r2g_train_0352.json,train,mmm_mirror_05,mmm_mirror,legacy_r2_1300,False,4,near,8.7992,NARROW,type_split,narrow_same_side,9,8,675,625,1.08,balanced,0.536364,"{""MARAUDER"": 3, ""MARINE"": 5, ""MEDIVAC"": 1}","{""MARAUDER"": 3, ""MARINE"": 4, ""MEDIVAC"": 1}",902b1c600e451cd5999e8119ae9e3cd8a019490e4d1fe9f90c1f04ee5f80d7fc
r2g_train_0353,configs/train/r2g_train_0353.json,train,mmm_mirror_05,mmm_mirror,legacy_r2_1300,False,5,near,8.6018,OCTAGON,compact,vertical,9,8,675,625,1.08,balanced,0.536364,"{""MARAUDER"": 3, ""MARINE"": 5, ""MEDIVAC"": 1}","{""MARAUDER"": 3, ""MARINE"": 4, ""MEDIVAC"": 1}",44a3117e4b804406716d402b9136c8470d7078bce01a29cdae3d8690bacbc122
r2g_train_0354,configs/train/r2g_train_0354.json,train,mmm_mirror_05,mmm_mirror,legacy_r2_1300,False,6,near,8.9667,OCTAGON,split,diag_down,9,8,675,625,1.08,balanced,0.536364,"{""MARAUDER"": 3, ""MARINE"": 5, ""MEDIVAC"": 1}","{""MARAUDER"": 3, ""MARINE"": 4, ""MEDIVAC"": 1}",b21fdf3c2e3089750d96f249605ba5a8c5f880e7f42716cd1ab7e69e5ad3bfd1
r2g_train_0355,configs/train/r2g_train_0355.json,train,mmm_mirror_05,mmm_mirror,legacy_r2_1300,False,7,near,8.9369,NARROW,staggered,narrow_same_side,9,8,675,625,1.08,balanced,0.536364,"{""MARAUDER"": 3, ""MARINE"": 5, ""MEDIVAC"": 1}","{""MARAUDER"": 3, ""MARINE"": 4, ""MEDIVAC"": 1}",76ad1c5a6c0382501dc456e651cfc30d538702fff44afde6341cd13e7b8921fc
r2g_train_0356,configs/train/r2g_train_0356.json,train,mmm_mirror_05,mmm_mirror,legacy_r2_1300,False,8,medium,12.698,SIMPLE,type_split,horizontal,9,8,675,625,1.08,balanced,0.536364,"{""MARAUDER"": 3, ""MARINE"": 5, ""MEDIVAC"": 1}","{""MARAUDER"": 3, ""MARINE"": 4, ""MEDIVAC"": 1}",aaf6d9f26704debbb79398531d1f30793a18f771376c0e41b3ada214dc560659
r2g_train_0357,configs/train/r2g_train_0357.json,train,mmm_mirror_05,mmm_mirror,legacy_r2_1300,False,9,medium,12.7987,OCTAGON,compact,diag_up,9,8,675,625,1.08,balanced,0.536364,"{""MARAUDER"": 3, ""MARINE"": 5, ""MEDIVAC"": 1}","{""MARAUDER"": 3, ""MARINE"": 4, ""MEDIVAC"": 1}",524967557f71cc6aa9bd8e8228f5d4aeeb3a25451cda1ed3df7e96703353ebb7
r2g_train_0358,configs/train/r2g_train_0358.json,train,mmm_mirror_05,mmm_mirror,legacy_r2_1300,False,10,medium,12.9628,NARROW,split,narrow_cross_gate,9,8,675,625,1.08,balanced,0.536364,"{""MARAUDER"": 3, ""MARINE"": 5, ""MEDIVAC"": 1}","{""MARAUDER"": 3, ""MARINE"": 4, ""MEDIVAC"": 1}",f0a5cd74375fc1fbf4d2dc1d70f6c7ab45fec5d29ffd569ffcabf9021ba7c857
r2g_train_0359,configs/train/r2g_train_0359.json,train,mmm_mirror_05,mmm_mirror,legacy_r2_1300,False,11,far,16.8071,SIMPLE,staggered,horizontal,9,8,675,625,1.08,balanced,0.536364,"{""MARAUDER"": 3, ""MARINE"": 5, ""MEDIVAC"": 1}","{""MARAUDER"": 3, ""MARINE"": 4, ""MEDIVAC"": 1}",c91d1aa3f5d1ab555192063109c60c5192593ebefe1096c41e1df533c846d7a3
r2g_train_0360,configs/train/r2g_train_0360.json,train,mmm_mirror_05,mmm_mirror,legacy_r2_1300,False,12,far,17.188,SIMPLE,type_split,horizontal,9,8,675,625,1.08,balanced,0.536364,"{""MARAUDER"": 3, ""MARINE"": 5, ""MEDIVAC"": 1}","{""MARAUDER"": 3, ""MARINE"": 4, ""MEDIVAC"": 1}",34505439da8dcb06e780ebeb641c3d83f1d3b6d3c181c03beb37afa7b470afa5
r2g_train_0361,configs/train/r2g_train_0361.json,train,stalker_zealot_mirror_01,stalker_zealot_mirror,legacy_r2_1300,False,1,immediate,5.4735,NARROW,compact,narrow_same_side,4,3,450,350,1.2857,moderate_advantage,0.162338,"{""STALKER"": 2, ""ZEALOT"": 2}","{""STALKER"": 2, ""ZEALOT"": 1}",a36dc63ec2b37b7e51e959b7c468bbe756153ae69a0490cce98f288ef3dc318c
r2g_train_0362,configs/train/r2g_train_0362.json,train,stalker_zealot_mirror_01,stalker_zealot_mirror,legacy_r2_1300,False,2,immediate,5.2307,OCTAGON,split,diag_up,4,3,450,350,1.2857,moderate_advantage,0.162338,"{""STALKER"": 2, ""ZEALOT"": 2}","{""STALKER"": 2, ""ZEALOT"": 1}",b598d57b6c38565a76d64f289528a3b287e835be1e6ec78ccdb387fccc5cd437
r2g_train_0363,configs/train/r2g_train_0363.json,train,stalker_zealot_mirror_01,stalker_zealot_mirror,legacy_r2_1300,False,3,immediate,5.4774,SIMPLE,staggered,horizontal,4,3,450,350,1.2857,moderate_advantage,0.162338,"{""STALKER"": 2, ""ZEALOT"": 2}","{""STALKER"": 2, ""ZEALOT"": 1}",e6a9b0dbdb7682dd1b82f581f0fb0ab27553df1f403659b02c8b797f4ae6799c
r2g_train_0364,configs/train/r2g_train_0364.json,train,stalker_zealot_mirror_01,stalker_zealot_mirror,legacy_r2_1300,False,4,near,8.9004,NARROW,type_split,narrow_same_side,4,3,450,350,1.2857,moderate_advantage,0.162338,"{""STALKER"": 2, ""ZEALOT"": 2}","{""STALKER"": 2, ""ZEALOT"": 1}",5e56b04edbe6ea2b081ed4d5ad1e7dcbedfe4c8309264e78c7f1a371de52874a
r2g_train_0365,configs/train/r2g_train_0365.json,train,stalker_zealot_mirror_01,stalker_zealot_mirror,legacy_r2_1300,False,5,near,8.6557,OCTAGON,compact,vertical,4,3,450,350,1.2857,moderate_advantage,0.162338,"{""STALKER"": 2, ""ZEALOT"": 2}","{""STALKER"": 2, ""ZEALOT"": 1}",f32f3977106a45e1893f7928d1345b479dbaf25b1902d5440b1ca1eb0e1c1311
r2g_train_0366,configs/train/r2g_train_0366.json,train,stalker_zealot_mirror_01,stalker_zealot_mirror,legacy_r2_1300,False,6,near,8.7365,OCTAGON,split,diag_down,4,3,450,350,1.2857,moderate_advantage,0.162338,"{""STALKER"": 2, ""ZEALOT"": 2}","{""STALKER"": 2, ""ZEALOT"": 1}",afbe2ef066974f67446b984b1765807fde98a928ce363a09dae490c33889b6b3
r2g_train_0367,configs/train/r2g_train_0367.json,train,stalker_zealot_mirror_01,stalker_zealot_mirror,legacy_r2_1300,False,7,near,8.8456,NARROW,staggered,narrow_same_side,4,3,450,350,1.2857,moderate_advantage,0.162338,"{""STALKER"": 2, ""ZEALOT"": 2}","{""STALKER"": 2, ""ZEALOT"": 1}",2aa4899b26a455d3a9171655a1a908f1792d694369117d0f4bbff9081929371b
r2g_train_0368,configs/train/r2g_train_0368.json,train,stalker_zealot_mirror_01,stalker_zealot_mirror,legacy_r2_1300,False,8,medium,12.8805,SIMPLE,type_split,horizontal,4,3,450,350,1.2857,moderate_advantage,0.162338,"{""STALKER"": 2, ""ZEALOT"": 2}","{""STALKER"": 2, ""ZEALOT"": 1}",d60a5c3c4077c35740621a42b3df4d54b70275ed7fb38f80d167e1814492d223
r2g_train_0369,configs/train/r2g_train_0369.json,train,stalker_zealot_mirror_01,stalker_zealot_mirror,legacy_r2_1300,False,9,medium,12.6379,OCTAGON,compact,diag_up,4,3,450,350,1.2857,moderate_advantage,0.162338,"{""STALKER"": 2, ""ZEALOT"": 2}","{""STALKER"": 2, ""ZEALOT"": 1}",641808db227b387e61dcbc10e3d9b893357f1858e16b6343deba695e2c8fa349
r2g_train_0370,configs/train/r2g_train_0370.json,train,stalker_zealot_mirror_01,stalker_zealot_mirror,legacy_r2_1300,False,10,medium,12.8861,NARROW,split,narrow_cross_gate,4,3,450,350,1.2857,moderate_advantage,0.162338,"{""STALKER"": 2, ""ZEALOT"": 2}","{""STALKER"": 2, ""ZEALOT"": 1}",a54b3cbebf2494324db3494973bae0f62d70726552aabb4a39a9f149edadd41f
r2g_train_0371,configs/train/r2g_train_0371.json,train,stalker_zealot_mirror_01,stalker_zealot_mirror,legacy_r2_1300,False,11,far,17.1157,SIMPLE,staggered,horizontal,4,3,450,350,1.2857,moderate_advantage,0.162338,"{""STALKER"": 2, ""ZEALOT"": 2}","{""STALKER"": 2, ""ZEALOT"": 1}",df5e47adb3e48758e76e3e3ee710ddc811f257ffb29c36402c09320afcd0ad66
r2g_train_0372,configs/train/r2g_train_0372.json,train,stalker_zealot_mirror_01,stalker_zealot_mirror,legacy_r2_1300,False,12,far,17.037,SIMPLE,type_split,horizontal,4,3,450,350,1.2857,moderate_advantage,0.162338,"{""STALKER"": 2, ""ZEALOT"": 2}","{""STALKER"": 2, ""ZEALOT"": 1}",4d2ef14148567816ed82002f1cb11cce9d6884b95017ad7816fa8d62e48a32b1
r2g_train_0373,configs/train/r2g_train_0373.json,train,stalker_zealot_mirror_02,stalker_zealot_mirror,legacy_r2_1300,False,1,immediate,5.5271,NARROW,compact,narrow_same_side,5,4,575,450,1.2778,moderate_advantage,0.176768,"{""STALKER"": 3, ""ZEALOT"": 2}","{""STALKER"": 2, ""ZEALOT"": 2}",2335448ea4db9f576b35e562d3477288f9598b5dc680306eb39edfc5853b4124
r2g_train_0374,configs/train/r2g_train_0374.json,train,stalker_zealot_mirror_02,stalker_zealot_mirror,legacy_r2_1300,False,2,immediate,5.3576,OCTAGON,split,diag_up,5,4,575,450,1.2778,moderate_advantage,0.176768,"{""STALKER"": 3, ""ZEALOT"": 2}","{""STALKER"": 2, ""ZEALOT"": 2}",4e7dd4461067963816b4fa933bc651a8f056134cf488464c718b2030efcf0f4b
r2g_train_0375,configs/train/r2g_train_0375.json,train,stalker_zealot_mirror_02,stalker_zealot_mirror,legacy_r2_1300,False,3,immediate,5.4872,SIMPLE,staggered,horizontal,5,4,575,450,1.2778,moderate_advantage,0.176768,"{""STALKER"": 3, ""ZEALOT"": 2}","{""STALKER"": 2, ""ZEALOT"": 2}",00be8c1b6a4c300d2190c1dfe4d42f4e165292ad1bf60c6919ee227516e198ff
r2g_train_0376,configs/train/r2g_train_0376.json,train,stalker_zealot_mirror_02,stalker_zealot_mirror,legacy_r2_1300,False,4,near,8.9981,NARROW,type_split,narrow_same_side,5,4,575,450,1.2778,moderate_advantage,0.176768,"{""STALKER"": 3, ""ZEALOT"": 2}","{""STALKER"": 2, ""ZEALOT"": 2}",f6b2920131ed9229f3c517aef26e394885bd5f42f4f692bd6308b55bce325e5e
r2g_train_0377,configs/train/r2g_train_0377.json,train,stalker_zealot_mirror_02,stalker_zealot_mirror,legacy_r2_1300,False,5,near,8.932,OCTAGON,compact,vertical,5,4,575,450,1.2778,moderate_advantage,0.176768,"{""STALKER"": 3, ""ZEALOT"": 2}","{""STALKER"": 2, ""ZEALOT"": 2}",15731cecf708b759d8aef93abfdee772b2b2a17f7c1ded4bd0747ee8a612c380
r2g_train_0378,configs/train/r2g_train_0378.json,train,stalker_zealot_mirror_02,stalker_zealot_mirror,legacy_r2_1300,False,6,near,8.9461,OCTAGON,split,diag_down,5,4,575,450,1.2778,moderate_advantage,0.176768,"{""STALKER"": 3, ""ZEALOT"": 2}","{""STALKER"": 2, ""ZEALOT"": 2}",90804153032f64a6a8af6dfdf33f3d7caa357fdb147c751d5a77dcec26e7abc8
r2g_train_0379,configs/train/r2g_train_0379.json,train,stalker_zealot_mirror_02,stalker_zealot_mirror,legacy_r2_1300,False,7,near,8.6291,NARROW,staggered,narrow_same_side,5,4,575,450,1.2778,moderate_advantage,0.176768,"{""STALKER"": 3, ""ZEALOT"": 2}","{""STALKER"": 2, ""ZEALOT"": 2}",1f92f961409a468a89b2e73c7efe3e122bcc6c1155563c8435026eceed0ceeac
r2g_train_0380,configs/train/r2g_train_0380.json,train,stalker_zealot_mirror_02,stalker_zealot_mirror,legacy_r2_1300,False,8,medium,12.8098,SIMPLE,type_split,horizontal,5,4,575,450,1.2778,moderate_advantage,0.176768,"{""STALKER"": 3, ""ZEALOT"": 2}","{""STALKER"": 2, ""ZEALOT"": 2}",5a953e81337da0eda85bb9cde75149590b1d2cfbda3e35b8170392c57ea1333a
r2g_train_0381,configs/train/r2g_train_0381.json,train,stalker_zealot_mirror_02,stalker_zealot_mirror,legacy_r2_1300,False,9,medium,12.8019,OCTAGON,compact,diag_up,5,4,575,450,1.2778,moderate_advantage,0.176768,"{""STALKER"": 3, ""ZEALOT"": 2}","{""STALKER"": 2, ""ZEALOT"": 2}",57e353a9b4d13c22e95025b004377f7af5e2387c31b5c8d55e67424f5f870a3d
r2g_train_0382,configs/train/r2g_train_0382.json,train,stalker_zealot_mirror_02,stalker_zealot_mirror,legacy_r2_1300,False,10,medium,12.8771,NARROW,split,narrow_cross_gate,5,4,575,450,1.2778,moderate_advantage,0.176768,"{""STALKER"": 3, ""ZEALOT"": 2}","{""STALKER"": 2, ""ZEALOT"": 2}",79bb1475184c05e04c0157fada75ba79111617cb6c4a3b3c09a71aa85797b042
r2g_train_0383,configs/train/r2g_train_0383.json,train,stalker_zealot_mirror_02,stalker_zealot_mirror,legacy_r2_1300,False,11,far,16.9364,SIMPLE,staggered,horizontal,5,4,575,450,1.2778,moderate_advantage,0.176768,"{""STALKER"": 3, ""ZEALOT"": 2}","{""STALKER"": 2, ""ZEALOT"": 2}",ab99af215137f9e0875eebb747aa40d8db4aefa44266e4af303853644d79d944
r2g_train_0384,configs/train/r2g_train_0384.json,train,stalker_zealot_mirror_02,stalker_zealot_mirror,legacy_r2_1300,False,12,far,16.8415,SIMPLE,type_split,horizontal,5,4,575,450,1.2778,moderate_advantage,0.176768,"{""STALKER"": 3, ""ZEALOT"": 2}","{""STALKER"": 2, ""ZEALOT"": 2}",420e9cc01664dd3ca6a8bbab86fc8d2835e17492248f0893aba08f76f8c57537
r2g_train_0385,configs/train/r2g_train_0385.json,train,stalker_zealot_mirror_03,stalker_zealot_mirror,legacy_r2_1300,False,1,immediate,5.2323,NARROW,compact,narrow_same_side,6,5,675,575,1.1739,moderate_advantage,0.365613,"{""STALKER"": 3, ""ZEALOT"": 3}","{""STALKER"": 3, ""ZEALOT"": 2}",cce1320903439f7ec6dc0dd9d20b7150e3914764151dc9b9ad0fddc39dc27d43
r2g_train_0386,configs/train/r2g_train_0386.json,train,stalker_zealot_mirror_03,stalker_zealot_mirror,legacy_r2_1300,False,2,immediate,5.5775,OCTAGON,split,diag_up,6,5,675,575,1.1739,moderate_advantage,0.365613,"{""STALKER"": 3, ""ZEALOT"": 3}","{""STALKER"": 3, ""ZEALOT"": 2}",a1868173f6af5b64b72b2101c6a31e3ac758e10a643a4824a27a016df5c78cdd
r2g_train_0387,configs/train/r2g_train_0387.json,train,stalker_zealot_mirror_03,stalker_zealot_mirror,legacy_r2_1300,False,3,immediate,5.2698,SIMPLE,staggered,horizontal,6,5,675,575,1.1739,moderate_advantage,0.365613,"{""STALKER"": 3, ""ZEALOT"": 3}","{""STALKER"": 3, ""ZEALOT"": 2}",0944af7805060c718b5220735e51c1fd609ca53c4b5e9dee81e17e930a030f01
r2g_train_0388,configs/train/r2g_train_0388.json,train,stalker_zealot_mirror_03,stalker_zealot_mirror,legacy_r2_1300,False,4,near,8.7379,NARROW,type_split,narrow_same_side,6,5,675,575,1.1739,moderate_advantage,0.365613,"{""STALKER"": 3, ""ZEALOT"": 3}","{""STALKER"": 3, ""ZEALOT"": 2}",319bb446e169b2911697e0439f302ad54cbf34d1c865d3e1f91c748fb32b05b7
r2g_train_0389,configs/train/r2g_train_0389.json,train,stalker_zealot_mirror_03,stalker_zealot_mirror,legacy_r2_1300,False,5,near,8.929,OCTAGON,compact,vertical,6,5,675,575,1.1739,moderate_advantage,0.365613,"{""STALKER"": 3, ""ZEALOT"": 3}","{""STALKER"": 3, ""ZEALOT"": 2}",f01b1a26d613817719dfb3553a3a0b688e01be5efe97a5259972f57e2dd0aa15
r2g_train_0390,configs/train/r2g_train_0390.json,train,stalker_zealot_mirror_03,stalker_zealot_mirror,legacy_r2_1300,False,6,near,8.9438,OCTAGON,split,diag_down,6,5,675,575,1.1739,moderate_advantage,0.365613,"{""STALKER"": 3, ""ZEALOT"": 3}","{""STALKER"": 3, ""ZEALOT"": 2}",12e3010b12e3af0b17d9083fb38bd44696565bc3aa7110ccb1367aed4b4dbf89
r2g_train_0391,configs/train/r2g_train_0391.json,train,stalker_zealot_mirror_03,stalker_zealot_mirror,legacy_r2_1300,False,7,near,8.8139,NARROW,staggered,narrow_same_side,6,5,675,575,1.1739,moderate_advantage,0.365613,"{""STALKER"": 3, ""ZEALOT"": 3}","{""STALKER"": 3, ""ZEALOT"": 2}",58278568d5ed08f6c89b79d7a3c2f34491b22b0820346e62aece4b62d64b9749
r2g_train_0392,configs/train/r2g_train_0392.json,train,stalker_zealot_mirror_03,stalker_zealot_mirror,legacy_r2_1300,False,8,medium,12.653,SIMPLE,type_split,horizontal,6,5,675,575,1.1739,moderate_advantage,0.365613,"{""STALKER"": 3, ""ZEALOT"": 3}","{""STALKER"": 3, ""ZEALOT"": 2}",aee792b040c59fce31f6f954e7d746537d4403285361842e4a815ff2fa79ff09
r2g_train_0393,configs/train/r2g_train_0393.json,train,stalker_zealot_mirror_03,stalker_zealot_mirror,legacy_r2_1300,False,9,medium,12.8292,OCTAGON,compact,diag_up,6,5,675,575,1.1739,moderate_advantage,0.365613,"{""STALKER"": 3, ""ZEALOT"": 3}","{""STALKER"": 3, ""ZEALOT"": 2}",c6179c01b64bb35ab055b54cd052fdc2efae0e844f206624550c39cb6bad3e51
r2g_train_0394,configs/train/r2g_train_0394.json,train,stalker_zealot_mirror_03,stalker_zealot_mirror,legacy_r2_1300,False,10,medium,12.6829,NARROW,split,narrow_cross_gate,6,5,675,575,1.1739,moderate_advantage,0.365613,"{""STALKER"": 3, ""ZEALOT"": 3}","{""STALKER"": 3, ""ZEALOT"": 2}",bb192d502d81621455aa2176ec8e11ac2ee05941c4ba955c80156c4952b30078
r2g_train_0395,configs/train/r2g_train_0395.json,train,stalker_zealot_mirror_03,stalker_zealot_mirror,legacy_r2_1300,False,11,far,16.9699,SIMPLE,staggered,horizontal,6,5,675,575,1.1739,moderate_advantage,0.365613,"{""STALKER"": 3, ""ZEALOT"": 3}","{""STALKER"": 3, ""ZEALOT"": 2}",b42193290bcb032c84ba48e26d8f0a87d4f468cc5ca6238e61c5c9b81b44fe43
r2g_train_0396,configs/train/r2g_train_0396.json,train,stalker_zealot_mirror_03,stalker_zealot_mirror,legacy_r2_1300,False,12,far,16.8642,SIMPLE,type_split,horizontal,6,5,675,575,1.1739,moderate_advantage,0.365613,"{""STALKER"": 3, ""ZEALOT"": 3}","{""STALKER"": 3, ""ZEALOT"": 2}",d481731d964ff48b63edfa95524713a4b08ac83e9b4be3e993c5d2b6af50d90f
r2g_train_0397,configs/train/r2g_train_0397.json,train,stalker_zealot_mirror_04,stalker_zealot_mirror,legacy_r2_1300,False,1,immediate,5.1998,NARROW,compact,narrow_same_side,7,6,800,675,1.1852,moderate_advantage,0.345118,"{""STALKER"": 4, ""ZEALOT"": 3}","{""STALKER"": 3, ""ZEALOT"": 3}",dbf9b8c6049ef9f716aae3146e1602a81faa530663c59f182bf3fc670e53ca75
r2g_train_0398,configs/train/r2g_train_0398.json,train,stalker_zealot_mirror_04,stalker_zealot_mirror,legacy_r2_1300,False,2,immediate,5.26,OCTAGON,split,diag_up,7,6,800,675,1.1852,moderate_advantage,0.345118,"{""STALKER"": 4, ""ZEALOT"": 3}","{""STALKER"": 3, ""ZEALOT"": 3}",5ac6427dce8e67fb0f88a6016e3f99ae9550c3a966febe5dad3b346cc242f29a
r2g_train_0399,configs/train/r2g_train_0399.json,train,stalker_zealot_mirror_04,stalker_zealot_mirror,legacy_r2_1300,False,3,immediate,5.3069,SIMPLE,staggered,horizontal,7,6,800,675,1.1852,moderate_advantage,0.345118,"{""STALKER"": 4, ""ZEALOT"": 3}","{""STALKER"": 3, ""ZEALOT"": 3}",a5dc3ae00e556f7118d733bdc7590443e54d9882d593d5208ded8a87466e70b7
r2g_train_0400,configs/train/r2g_train_0400.json,train,stalker_zealot_mirror_04,stalker_zealot_mirror,legacy_r2_1300,False,4,near,8.7731,NARROW,type_split,narrow_same_side,7,6,800,675,1.1852,moderate_advantage,0.345118,"{""STALKER"": 4, ""ZEALOT"": 3}","{""STALKER"": 3, ""ZEALOT"": 3}",45d1e610c75ea0cb85387f741413278aa181aabfa5b00ac24a4c49d9d47e2e03
r2g_train_0401,configs/train/r2g_train_0401.json,train,stalker_zealot_mirror_04,stalker_zealot_mirror,legacy_r2_1300,False,5,near,8.805,OCTAGON,compact,vertical,7,6,800,675,1.1852,moderate_advantage,0.345118,"{""STALKER"": 4, ""ZEALOT"": 3}","{""STALKER"": 3, ""ZEALOT"": 3}",ade6e473fad6b3351ea13712e013b11998f72e40974e11a1ed373066cccad56e
r2g_train_0402,configs/train/r2g_train_0402.json,train,stalker_zealot_mirror_04,stalker_zealot_mirror,legacy_r2_1300,False,6,near,8.9137,OCTAGON,split,diag_down,7,6,800,675,1.1852,moderate_advantage,0.345118,"{""STALKER"": 4, ""ZEALOT"": 3}","{""STALKER"": 3, ""ZEALOT"": 3}",45372e291b344f28dba222115bdf1529864aa2f06ef2ddf1917b1d0211695b5e
r2g_train_0403,configs/train/r2g_train_0403.json,train,stalker_zealot_mirror_04,stalker_zealot_mirror,legacy_r2_1300,False,7,near,8.753,NARROW,staggered,narrow_same_side,7,6,800,675,1.1852,moderate_advantage,0.345118,"{""STALKER"": 4, ""ZEALOT"": 3}","{""STALKER"": 3, ""ZEALOT"": 3}",d35971ebcd12ad48a4681a2bb664e5afc7d6cfb456b876b4193563ca1163a044
r2g_train_0404,configs/train/r2g_train_0404.json,train,stalker_zealot_mirror_04,stalker_zealot_mirror,legacy_r2_1300,False,8,medium,12.79,SIMPLE,type_split,horizontal,7,6,800,675,1.1852,moderate_advantage,0.345118,"{""STALKER"": 4, ""ZEALOT"": 3}","{""STALKER"": 3, ""ZEALOT"": 3}",0c80d603b754cfdb923dbddd1c7e49dc3ca2c32c24ac374b5a06d80e49bf1eee
r2g_train_0405,configs/train/r2g_train_0405.json,train,stalker_zealot_mirror_04,stalker_zealot_mirror,legacy_r2_1300,False,9,medium,12.7887,OCTAGON,compact,diag_up,7,6,800,675,1.1852,moderate_advantage,0.345118,"{""STALKER"": 4, ""ZEALOT"": 3}","{""STALKER"": 3, ""ZEALOT"": 3}",8fbe9381794dd61745e79ccd12b490b81c600d1a706dc2e98f0d7a5199c4c29a
r2g_train_0406,configs/train/r2g_train_0406.json,train,stalker_zealot_mirror_04,stalker_zealot_mirror,legacy_r2_1300,False,10,medium,12.9387,NARROW,split,narrow_cross_gate,7,6,800,675,1.1852,moderate_advantage,0.345118,"{""STALKER"": 4, ""ZEALOT"": 3}","{""STALKER"": 3, ""ZEALOT"": 3}",929b1d8b528a40d684749c4c77e73139dfd2090cc4a2dff245b9f9d940425a3d
r2g_train_0407,configs/train/r2g_train_0407.json,train,stalker_zealot_mirror_04,stalker_zealot_mirror,legacy_r2_1300,False,11,far,17.0297,SIMPLE,staggered,horizontal,7,6,800,675,1.1852,moderate_advantage,0.345118,"{""STALKER"": 4, ""ZEALOT"": 3}","{""STALKER"": 3, ""ZEALOT"": 3}",ee156cb831fbb72782dc370eae7c080d6797954192b2b3344ac8c97e9352b00a
r2g_train_0408,configs/train/r2g_train_0408.json,train,stalker_zealot_mirror_04,stalker_zealot_mirror,legacy_r2_1300,False,12,far,16.989,SIMPLE,type_split,horizontal,7,6,800,675,1.1852,moderate_advantage,0.345118,"{""STALKER"": 4, ""ZEALOT"": 3}","{""STALKER"": 3, ""ZEALOT"": 3}",ac770b1f2ee2ecc9297d9a146b3955a4b4022e5c1e41e922df306f52f0a0bf03
r2g_train_0409,configs/train/r2g_train_0409.json,train,stalker_zealot_mirror_05,stalker_zealot_mirror,legacy_r2_1300,False,1,immediate,5.4048,NARROW,compact,narrow_same_side,9,8,1025,900,1.1389,moderate_advantage,0.429293,"{""STALKER"": 5, ""ZEALOT"": 4}","{""STALKER"": 4, ""ZEALOT"": 4}",60faba2bde4a42b2a6b4ce1fe2198bf05eb9adaff453efdc25cf8b7561f220d3
r2g_train_0410,configs/train/r2g_train_0410.json,train,stalker_zealot_mirror_05,stalker_zealot_mirror,legacy_r2_1300,False,2,immediate,5.3497,OCTAGON,split,diag_up,9,8,1025,900,1.1389,moderate_advantage,0.429293,"{""STALKER"": 5, ""ZEALOT"": 4}","{""STALKER"": 4, ""ZEALOT"": 4}",9cb9f19318df537e35bc0d7a19f20a093ad76f05c1d86417012bb84fd0d79fe3
r2g_train_0411,configs/train/r2g_train_0411.json,train,stalker_zealot_mirror_05,stalker_zealot_mirror,legacy_r2_1300,False,3,immediate,5.3501,SIMPLE,staggered,horizontal,9,8,1025,900,1.1389,moderate_advantage,0.429293,"{""STALKER"": 5, ""ZEALOT"": 4}","{""STALKER"": 4, ""ZEALOT"": 4}",5418368e412a84b90ead2a5a96e1fd07eb9765d0b64f702375d03b9bb23ba5e2
r2g_train_0412,configs/train/r2g_train_0412.json,train,stalker_zealot_mirror_05,stalker_zealot_mirror,legacy_r2_1300,False,4,near,8.6721,NARROW,type_split,narrow_same_side,9,8,1025,900,1.1389,moderate_advantage,0.429293,"{""STALKER"": 5, ""ZEALOT"": 4}","{""STALKER"": 4, ""ZEALOT"": 4}",7f954f28bcb1c62e0b41b8f734ea849a87cd582dd9015a96e62ac616f25497ea
r2g_train_0413,configs/train/r2g_train_0413.json,train,stalker_zealot_mirror_05,stalker_zealot_mirror,legacy_r2_1300,False,5,near,8.932,OCTAGON,compact,vertical,9,8,1025,900,1.1389,moderate_advantage,0.429293,"{""STALKER"": 5, ""ZEALOT"": 4}","{""STALKER"": 4, ""ZEALOT"": 4}",b6a751981f83da249f87fe49233ae527859b6470e5fb4ab3b002c79624033eb0
r2g_train_0414,configs/train/r2g_train_0414.json,train,stalker_zealot_mirror_05,stalker_zealot_mirror,legacy_r2_1300,False,6,near,8.8972,OCTAGON,split,diag_down,9,8,1025,900,1.1389,moderate_advantage,0.429293,"{""STALKER"": 5, ""ZEALOT"": 4}","{""STALKER"": 4, ""ZEALOT"": 4}",e0ef033cf44540b13361e2c9bc038ebe4fa58b91081c102979434c4336e49d1d
r2g_train_0415,configs/train/r2g_train_0415.json,train,stalker_zealot_mirror_05,stalker_zealot_mirror,legacy_r2_1300,False,7,near,8.9402,NARROW,staggered,narrow_same_side,9,8,1025,900,1.1389,moderate_advantage,0.429293,"{""STALKER"": 5, ""ZEALOT"": 4}","{""STALKER"": 4, ""ZEALOT"": 4}",e08162816ca02d301ca62127fc5d084982bb4ef4d6d022ea085df3f911a9aed3
r2g_train_0416,configs/train/r2g_train_0416.json,train,stalker_zealot_mirror_05,stalker_zealot_mirror,legacy_r2_1300,False,8,medium,12.968,SIMPLE,type_split,horizontal,9,8,1025,900,1.1389,moderate_advantage,0.429293,"{""STALKER"": 5, ""ZEALOT"": 4}","{""STALKER"": 4, ""ZEALOT"": 4}",196a1b0a9f951588c06587f6aadc6596b95e3e473177f24acc6e624856a96c41
r2g_train_0417,configs/train/r2g_train_0417.json,train,stalker_zealot_mirror_05,stalker_zealot_mirror,legacy_r2_1300,False,9,medium,12.6719,OCTAGON,compact,diag_up,9,8,1025,900,1.1389,moderate_advantage,0.429293,"{""STALKER"": 5, ""ZEALOT"": 4}","{""STALKER"": 4, ""ZEALOT"": 4}",42036b0c85847db452d6d75a6ae2f7e77b91730458ef6b6f4a980182fc497ca9
r2g_train_0418,configs/train/r2g_train_0418.json,train,stalker_zealot_mirror_05,stalker_zealot_mirror,legacy_r2_1300,False,10,medium,12.9088,NARROW,split,narrow_cross_gate,9,8,1025,900,1.1389,moderate_advantage,0.429293,"{""STALKER"": 5, ""ZEALOT"": 4}","{""STALKER"": 4, ""ZEALOT"": 4}",54e6d75a40c933ac384c188703d71bd8a7263de24261d3283fad7b4b720a1756
r2g_train_0419,configs/train/r2g_train_0419.json,train,stalker_zealot_mirror_05,stalker_zealot_mirror,legacy_r2_1300,False,11,far,17.1779,SIMPLE,staggered,horizontal,9,8,1025,900,1.1389,moderate_advantage,0.429293,"{""STALKER"": 5, ""ZEALOT"": 4}","{""STALKER"": 4, ""ZEALOT"": 4}",5b200b505a73da6c802e86a754dfa58d4568d90b28cc822cbdf8864485e6992c
r2g_train_0420,configs/train/r2g_train_0420.json,train,stalker_zealot_mirror_05,stalker_zealot_mirror,legacy_r2_1300,False,12,far,16.868,SIMPLE,type_split,horizontal,9,8,1025,900,1.1389,moderate_advantage,0.429293,"{""STALKER"": 5, ""ZEALOT"": 4}","{""STALKER"": 4, ""ZEALOT"": 4}",75d3a6a0e92200da201ba9adff1ae0e6b5e1b6858d19667a2b53ec708be680b6
r2g_train_0421,configs/train/r2g_train_0421.json,train,stalker_colossus_vs_swarm_01,stalker_colossus_vs_swarm,legacy_r2_1300,False,1,immediate,5.574,NARROW,compact,narrow_same_side,2,10,425,350,1.2143,moderate_advantage,0.292208,"{""COLOSSUS"": 1, ""STALKER"": 1}","{""BANELING"": 4, ""ZERGLING"": 6}",9cd9f49a03b4687f619f9fb1d18d4bb505e1de8a30b0e6aa1bd0b2426a201516
r2g_train_0422,configs/train/r2g_train_0422.json,train,stalker_colossus_vs_swarm_01,stalker_colossus_vs_swarm,legacy_r2_1300,False,2,immediate,5.4182,OCTAGON,split,diag_up,2,10,425,350,1.2143,moderate_advantage,0.292208,"{""COLOSSUS"": 1, ""STALKER"": 1}","{""BANELING"": 4, ""ZERGLING"": 6}",65d2f0cebbd8cd0abe09a203c4c58961e5dd943ed9a710dd122e8b548e6e842d
r2g_train_0423,configs/train/r2g_train_0423.json,train,stalker_colossus_vs_swarm_01,stalker_colossus_vs_swarm,legacy_r2_1300,False,3,immediate,5.4421,SIMPLE,staggered,horizontal,2,10,425,350,1.2143,moderate_advantage,0.292208,"{""COLOSSUS"": 1, ""STALKER"": 1}","{""BANELING"": 4, ""ZERGLING"": 6}",6a1beb988368217ebdd50d3cb479e8edc723fb5e45c62737f2a21cbec7d86e8a
r2g_train_0424,configs/train/r2g_train_0424.json,train,stalker_colossus_vs_swarm_01,stalker_colossus_vs_swarm,legacy_r2_1300,False,4,near,8.6019,NARROW,type_split,narrow_same_side,2,10,425,350,1.2143,moderate_advantage,0.292208,"{""COLOSSUS"": 1, ""STALKER"": 1}","{""BANELING"": 4, ""ZERGLING"": 6}",359d987cd7105598211332819febe36ad5050be214ff2f24f159f06fe1be313e
r2g_train_0425,configs/train/r2g_train_0425.json,train,stalker_colossus_vs_swarm_01,stalker_colossus_vs_swarm,legacy_r2_1300,False,5,near,8.8829,OCTAGON,compact,vertical,2,10,425,350,1.2143,moderate_advantage,0.292208,"{""COLOSSUS"": 1, ""STALKER"": 1}","{""BANELING"": 4, ""ZERGLING"": 6}",a33a40b38d0f141d68331d8184bb1eda9a9985a5f83aa373fa7a0d45baaeafa9
r2g_train_0426,configs/train/r2g_train_0426.json,train,stalker_colossus_vs_swarm_01,stalker_colossus_vs_swarm,legacy_r2_1300,False,6,near,8.7082,OCTAGON,split,diag_down,2,10,425,350,1.2143,moderate_advantage,0.292208,"{""COLOSSUS"": 1, ""STALKER"": 1}","{""BANELING"": 4, ""ZERGLING"": 6}",7c3222985e011f0519cfb333649070f6478e05e548b0f3e23248d4ca68ffa07c
r2g_train_0427,configs/train/r2g_train_0427.json,train,stalker_colossus_vs_swarm_01,stalker_colossus_vs_swarm,legacy_r2_1300,False,7,near,8.6694,NARROW,staggered,narrow_same_side,2,10,425,350,1.2143,moderate_advantage,0.292208,"{""COLOSSUS"": 1, ""STALKER"": 1}","{""BANELING"": 4, ""ZERGLING"": 6}",529acff54914c7b412beb880402d6e5c7d21a99b855ff37aff3e9fdc071b1bb2
r2g_train_0428,configs/train/r2g_train_0428.json,train,stalker_colossus_vs_swarm_01,stalker_colossus_vs_swarm,legacy_r2_1300,False,8,medium,12.8476,SIMPLE,type_split,horizontal,2,10,425,350,1.2143,moderate_advantage,0.292208,"{""COLOSSUS"": 1, ""STALKER"": 1}","{""BANELING"": 4, ""ZERGLING"": 6}",b76166dcbd41aa86632d7dccfe5205f59531da119ecc7db1a1ff1ab463ccfd1f
r2g_train_0429,configs/train/r2g_train_0429.json,train,stalker_colossus_vs_swarm_01,stalker_colossus_vs_swarm,legacy_r2_1300,False,9,medium,12.879,OCTAGON,compact,diag_up,2,10,425,350,1.2143,moderate_advantage,0.292208,"{""COLOSSUS"": 1, ""STALKER"": 1}","{""BANELING"": 4, ""ZERGLING"": 6}",3c437c4000f23394bb29a7dd490239c25a64adcab6b5219ba513acd746fdcb6b
r2g_train_0430,configs/train/r2g_train_0430.json,train,stalker_colossus_vs_swarm_01,stalker_colossus_vs_swarm,legacy_r2_1300,False,10,medium,12.6343,NARROW,split,narrow_cross_gate,2,10,425,350,1.2143,moderate_advantage,0.292208,"{""COLOSSUS"": 1, ""STALKER"": 1}","{""BANELING"": 4, ""ZERGLING"": 6}",76ee64cafbea5495b3a8192b27e545d136dd54441ccc2b1a1faf0750cdc3786c
r2g_train_0431,configs/train/r2g_train_0431.json,train,stalker_colossus_vs_swarm_01,stalker_colossus_vs_swarm,legacy_r2_1300,False,11,far,17.1048,SIMPLE,staggered,horizontal,2,10,425,350,1.2143,moderate_advantage,0.292208,"{""COLOSSUS"": 1, ""STALKER"": 1}","{""BANELING"": 4, ""ZERGLING"": 6}",6053af143da161f27c8b3c489bb30582b6c70224faebeca3477558038c5f3f43
r2g_train_0432,configs/train/r2g_train_0432.json,train,stalker_colossus_vs_swarm_01,stalker_colossus_vs_swarm,legacy_r2_1300,False,12,far,17.1887,SIMPLE,type_split,horizontal,2,10,425,350,1.2143,moderate_advantage,0.292208,"{""COLOSSUS"": 1, ""STALKER"": 1}","{""BANELING"": 4, ""ZERGLING"": 6}",abdd4baf07ae1817a433171456775fdafdc79b4a2a562ab682d93b9a0913ffd7
r2g_train_0433,configs/train/r2g_train_0433.json,train,stalker_colossus_vs_swarm_02,stalker_colossus_vs_swarm,legacy_r2_1300,False,1,immediate,5.2806,NARROW,compact,narrow_same_side,2,10,425,400,1.0625,balanced,0.568182,"{""COLOSSUS"": 1, ""STALKER"": 1}","{""BANELING"": 6, ""ZERGLING"": 4}",8d6c5a88581fb0ee6ae2d955330158c401d957279e93e1e874141465ed515fa1
r2g_train_0434,configs/train/r2g_train_0434.json,train,stalker_colossus_vs_swarm_02,stalker_colossus_vs_swarm,legacy_r2_1300,False,2,immediate,5.4286,OCTAGON,split,diag_up,2,10,425,400,1.0625,balanced,0.568182,"{""COLOSSUS"": 1, ""STALKER"": 1}","{""BANELING"": 6, ""ZERGLING"": 4}",1a4c27d36349609b45213336249316c212bb74d252ef19d02be4e7100a3ba129
r2g_train_0435,configs/train/r2g_train_0435.json,train,stalker_colossus_vs_swarm_02,stalker_colossus_vs_swarm,legacy_r2_1300,False,3,immediate,5.3645,SIMPLE,staggered,horizontal,2,10,425,400,1.0625,balanced,0.568182,"{""COLOSSUS"": 1, ""STALKER"": 1}","{""BANELING"": 6, ""ZERGLING"": 4}",b40261270c1d9a5016ffc0743d62af262171aaa788791fbeb8c7057142d9043a
r2g_train_0436,configs/train/r2g_train_0436.json,train,stalker_colossus_vs_swarm_02,stalker_colossus_vs_swarm,legacy_r2_1300,False,4,near,8.6028,NARROW,type_split,narrow_same_side,2,10,425,400,1.0625,balanced,0.568182,"{""COLOSSUS"": 1, ""STALKER"": 1}","{""BANELING"": 6, ""ZERGLING"": 4}",99699e3ea5d4ba1eea93dd95be1c4f539b486d36c245263e97322889abfb42d7
r2g_train_0437,configs/train/r2g_train_0437.json,train,stalker_colossus_vs_swarm_02,stalker_colossus_vs_swarm,legacy_r2_1300,False,5,near,8.6711,OCTAGON,compact,vertical,2,10,425,400,1.0625,balanced,0.568182,"{""COLOSSUS"": 1, ""STALKER"": 1}","{""BANELING"": 6, ""ZERGLING"": 4}",77b1491f8b4cc5bd70403e827f26f013339351aae3661ae51f286a161e679dec
r2g_train_0438,configs/train/r2g_train_0438.json,train,stalker_colossus_vs_swarm_02,stalker_colossus_vs_swarm,legacy_r2_1300,False,6,near,8.6584,OCTAGON,split,diag_down,2,10,425,400,1.0625,balanced,0.568182,"{""COLOSSUS"": 1, ""STALKER"": 1}","{""BANELING"": 6, ""ZERGLING"": 4}",172c2dc101ebee342e47c73a2ff800a30fd934d07c97dad0d45581efa326163b
r2g_train_0439,configs/train/r2g_train_0439.json,train,stalker_colossus_vs_swarm_02,stalker_colossus_vs_swarm,legacy_r2_1300,False,7,near,8.8932,NARROW,staggered,narrow_same_side,2,10,425,400,1.0625,balanced,0.568182,"{""COLOSSUS"": 1, ""STALKER"": 1}","{""BANELING"": 6, ""ZERGLING"": 4}",2202241446b7602a918033d2ac317980643742b57dcbab903dc8f61d73583908
r2g_train_0440,configs/train/r2g_train_0440.json,train,stalker_colossus_vs_swarm_02,stalker_colossus_vs_swarm,legacy_r2_1300,False,8,medium,12.7732,SIMPLE,type_split,horizontal,2,10,425,400,1.0625,balanced,0.568182,"{""COLOSSUS"": 1, ""STALKER"": 1}","{""BANELING"": 6, ""ZERGLING"": 4}",aef711743721ae3fb1fefbaaa938ef2de03e26d5264c26d89a9c49c93ed6cc2b
r2g_train_0441,configs/train/r2g_train_0441.json,train,stalker_colossus_vs_swarm_02,stalker_colossus_vs_swarm,legacy_r2_1300,False,9,medium,12.9917,OCTAGON,compact,diag_up,2,10,425,400,1.0625,balanced,0.568182,"{""COLOSSUS"": 1, ""STALKER"": 1}","{""BANELING"": 6, ""ZERGLING"": 4}",7ba79a10afc55193464fc8aac15d3aef611c72985cfd3aa86e50b9abf98a4bf1
r2g_train_0442,configs/train/r2g_train_0442.json,train,stalker_colossus_vs_swarm_02,stalker_colossus_vs_swarm,legacy_r2_1300,False,10,medium,12.65,NARROW,split,narrow_cross_gate,2,10,425,400,1.0625,balanced,0.568182,"{""COLOSSUS"": 1, ""STALKER"": 1}","{""BANELING"": 6, ""ZERGLING"": 4}",170cb8f3d8819b4763781025dfee2f42d2f36b4ea6c050a847f8a49417323b38
r2g_train_0443,configs/train/r2g_train_0443.json,train,stalker_colossus_vs_swarm_02,stalker_colossus_vs_swarm,legacy_r2_1300,False,11,far,17.1485,SIMPLE,staggered,horizontal,2,10,425,400,1.0625,balanced,0.568182,"{""COLOSSUS"": 1, ""STALKER"": 1}","{""BANELING"": 6, ""ZERGLING"": 4}",e3e828d811fa63800026035fd1f605f280e8b3392f507794a3dc6c7e5169a0a4
r2g_train_0444,configs/train/r2g_train_0444.json,train,stalker_colossus_vs_swarm_02,stalker_colossus_vs_swarm,legacy_r2_1300,False,12,far,16.8656,SIMPLE,type_split,horizontal,2,10,425,400,1.0625,balanced,0.568182,"{""COLOSSUS"": 1, ""STALKER"": 1}","{""BANELING"": 6, ""ZERGLING"": 4}",4d9ede1ecad8066ed6b0ca227beb2af497fa27d4cda5a67cdb07754582bd2d88
r2g_train_0445,configs/train/r2g_train_0445.json,train,stalker_colossus_vs_swarm_03,stalker_colossus_vs_swarm,legacy_r2_1300,False,1,immediate,5.2516,NARROW,compact,narrow_same_side,3,10,550,450,1.2222,moderate_advantage,0.277778,"{""COLOSSUS"": 1, ""STALKER"": 2}","{""BANELING"": 8, ""ZERGLING"": 2}",716e159ce82e9b3325fa912d40e206a46b35f522e1e47a31cf189de282b2855c
r2g_train_0446,configs/train/r2g_train_0446.json,train,stalker_colossus_vs_swarm_03,stalker_colossus_vs_swarm,legacy_r2_1300,False,2,immediate,5.5033,OCTAGON,split,diag_up,3,10,550,450,1.2222,moderate_advantage,0.277778,"{""COLOSSUS"": 1, ""STALKER"": 2}","{""BANELING"": 8, ""ZERGLING"": 2}",0969305dee1a87669d3d6e4ba832f372a7466c5fe356b1b19031c698a3310394
r2g_train_0447,configs/train/r2g_train_0447.json,train,stalker_colossus_vs_swarm_03,stalker_colossus_vs_swarm,legacy_r2_1300,False,3,immediate,5.234,SIMPLE,staggered,horizontal,3,10,550,450,1.2222,moderate_advantage,0.277778,"{""COLOSSUS"": 1, ""STALKER"": 2}","{""BANELING"": 8, ""ZERGLING"": 2}",500b5726bd3daebbe32300203cf47b1647ae9cf2c64fa9cdf98ba6b35803b5dc
r2g_train_0448,configs/train/r2g_train_0448.json,train,stalker_colossus_vs_swarm_03,stalker_colossus_vs_swarm,legacy_r2_1300,False,4,near,8.8057,NARROW,type_split,narrow_same_side,3,10,550,450,1.2222,moderate_advantage,0.277778,"{""COLOSSUS"": 1, ""STALKER"": 2}","{""BANELING"": 8, ""ZERGLING"": 2}",ae0c6b269f05113b5cdf12fb0048a707c64fcf8d2460177ce8d62a45234e6cab
r2g_train_0449,configs/train/r2g_train_0449.json,train,stalker_colossus_vs_swarm_03,stalker_colossus_vs_swarm,legacy_r2_1300,False,5,near,8.9345,OCTAGON,compact,vertical,3,10,550,450,1.2222,moderate_advantage,0.277778,"{""COLOSSUS"": 1, ""STALKER"": 2}","{""BANELING"": 8, ""ZERGLING"": 2}",1f80aedc550bda4ddcb7b8435f889950db8b32ae231349e03d09ad33723cd471
r2g_train_0450,configs/train/r2g_train_0450.json,train,stalker_colossus_vs_swarm_03,stalker_colossus_vs_swarm,legacy_r2_1300,False,6,near,8.8827,OCTAGON,split,diag_down,3,10,550,450,1.2222,moderate_advantage,0.277778,"{""COLOSSUS"": 1, ""STALKER"": 2}","{""BANELING"": 8, ""ZERGLING"": 2}",7ee8ac304ad5b68adb324345cd785f8ea552497dc5c909d08167fb78e7879eb0
r2g_train_0451,configs/train/r2g_train_0451.json,train,stalker_colossus_vs_swarm_03,stalker_colossus_vs_swarm,legacy_r2_1300,False,7,near,8.9209,NARROW,staggered,narrow_same_side,3,10,550,450,1.2222,moderate_advantage,0.277778,"{""COLOSSUS"": 1, ""STALKER"": 2}","{""BANELING"": 8, ""ZERGLING"": 2}",740781a924ebcde19ae9bbdff871a8f99d4a71704ac95180873d6e374a7b0a70
r2g_train_0452,configs/train/r2g_train_0452.json,train,stalker_colossus_vs_swarm_03,stalker_colossus_vs_swarm,legacy_r2_1300,False,8,medium,12.9115,SIMPLE,type_split,horizontal,3,10,550,450,1.2222,moderate_advantage,0.277778,"{""COLOSSUS"": 1, ""STALKER"": 2}","{""BANELING"": 8, ""ZERGLING"": 2}",65e82c91333a96a64fb12b60295cc9fab7c28ec88ab825d1dce9cf6b179d70c5
r2g_train_0453,configs/train/r2g_train_0453.json,train,stalker_colossus_vs_swarm_03,stalker_colossus_vs_swarm,legacy_r2_1300,False,9,medium,12.713,OCTAGON,compact,diag_up,3,10,550,450,1.2222,moderate_advantage,0.277778,"{""COLOSSUS"": 1, ""STALKER"": 2}","{""BANELING"": 8, ""ZERGLING"": 2}",0a433885cdebf500ea22109e5e2df922bb69319af302c7c8deaaa12f93637b38
r2g_train_0454,configs/train/r2g_train_0454.json,train,stalker_colossus_vs_swarm_03,stalker_colossus_vs_swarm,legacy_r2_1300,False,10,medium,12.9053,NARROW,split,narrow_cross_gate,3,10,550,450,1.2222,moderate_advantage,0.277778,"{""COLOSSUS"": 1, ""STALKER"": 2}","{""BANELING"": 8, ""ZERGLING"": 2}",325aebc73c41010dccbce30c7b4a1d5e73284324cf8046aedad5748317d6e279
r2g_train_0455,configs/train/r2g_train_0455.json,train,stalker_colossus_vs_swarm_03,stalker_colossus_vs_swarm,legacy_r2_1300,False,11,far,17.1055,SIMPLE,staggered,horizontal,3,10,550,450,1.2222,moderate_advantage,0.277778,"{""COLOSSUS"": 1, ""STALKER"": 2}","{""BANELING"": 8, ""ZERGLING"": 2}",eb025ef66c86d7c0ef27bc0024540b2ecd31ffaf99351f427159a574f5e5964a
r2g_train_0456,configs/train/r2g_train_0456.json,train,stalker_colossus_vs_swarm_03,stalker_colossus_vs_swarm,legacy_r2_1300,False,12,far,17.0866,SIMPLE,type_split,horizontal,3,10,550,450,1.2222,moderate_advantage,0.277778,"{""COLOSSUS"": 1, ""STALKER"": 2}","{""BANELING"": 8, ""ZERGLING"": 2}",28be08076c1c2dd1bca0351f11144ad5648acc8964f883bb42acd4da97947da8
r2g_train_0457,configs/train/r2g_train_0457.json,train,stalker_colossus_vs_swarm_04,stalker_colossus_vs_swarm,legacy_r2_1300,False,1,immediate,5.3963,NARROW,compact,narrow_same_side,3,10,725,500,1.45,strong_advantage,0.0,"{""COLOSSUS"": 2, ""STALKER"": 1}","{""BANELING"": 10}",d88198816c59f2a693279cbfd6b9cc674633dcd37c74d98a9d350ca5225d4c6f
r2g_train_0458,configs/train/r2g_train_0458.json,train,stalker_colossus_vs_swarm_04,stalker_colossus_vs_swarm,legacy_r2_1300,False,2,immediate,5.2073,OCTAGON,split,diag_up,3,10,725,500,1.45,strong_advantage,0.0,"{""COLOSSUS"": 2, ""STALKER"": 1}","{""BANELING"": 10}",127c7958a91859a22dce95e20c6c593a9c2e82d81378bba40a2a2e7003a70413
r2g_train_0459,configs/train/r2g_train_0459.json,train,stalker_colossus_vs_swarm_04,stalker_colossus_vs_swarm,legacy_r2_1300,False,3,immediate,5.3172,SIMPLE,staggered,horizontal,3,10,725,500,1.45,strong_advantage,0.0,"{""COLOSSUS"": 2, ""STALKER"": 1}","{""BANELING"": 10}",15531afeded83cd47d8a1aa3bb04b434093efc4464014ce5506fd07bdaa15b2c
r2g_train_0460,configs/train/r2g_train_0460.json,train,stalker_colossus_vs_swarm_04,stalker_colossus_vs_swarm,legacy_r2_1300,False,4,near,8.6862,NARROW,type_split,narrow_same_side,3,10,725,500,1.45,strong_advantage,0.0,"{""COLOSSUS"": 2, ""STALKER"": 1}","{""BANELING"": 10}",f4d81ceb061e51cf1a9031eaed16b8dad4cc40610faff509cc15981d211647e2
r2g_train_0461,configs/train/r2g_train_0461.json,train,stalker_colossus_vs_swarm_04,stalker_colossus_vs_swarm,legacy_r2_1300,False,5,near,8.865,OCTAGON,compact,vertical,3,10,725,500,1.45,strong_advantage,0.0,"{""COLOSSUS"": 2, ""STALKER"": 1}","{""BANELING"": 10}",b7bfb1b1520b4c8a0655bf496c8f90a09b6e552cce52a68bba8d46359952b747
r2g_train_0462,configs/train/r2g_train_0462.json,train,stalker_colossus_vs_swarm_04,stalker_colossus_vs_swarm,legacy_r2_1300,False,6,near,8.9051,OCTAGON,split,diag_down,3,10,725,500,1.45,strong_advantage,0.0,"{""COLOSSUS"": 2, ""STALKER"": 1}","{""BANELING"": 10}",788ed4306debc8e948266ef1244cdc1b260fdf03d3fd51512912ee2fef3dc5f3
r2g_train_0463,configs/train/r2g_train_0463.json,train,stalker_colossus_vs_swarm_04,stalker_colossus_vs_swarm,legacy_r2_1300,False,7,near,8.9929,NARROW,staggered,narrow_same_side,3,10,725,500,1.45,strong_advantage,0.0,"{""COLOSSUS"": 2, ""STALKER"": 1}","{""BANELING"": 10}",34c7c866254f26b977e993dfa69a53c1b1edcea2156e89060e529b6ca0dc6c0b
r2g_train_0464,configs/train/r2g_train_0464.json,train,stalker_colossus_vs_swarm_04,stalker_colossus_vs_swarm,legacy_r2_1300,False,8,medium,12.9867,SIMPLE,type_split,horizontal,3,10,725,500,1.45,strong_advantage,0.0,"{""COLOSSUS"": 2, ""STALKER"": 1}","{""BANELING"": 10}",12ac2c165e208db0a4436aefde26318b980d8b21ef094668b6fae7c7b0f8c065
r2g_train_0465,configs/train/r2g_train_0465.json,train,stalker_colossus_vs_swarm_04,stalker_colossus_vs_swarm,legacy_r2_1300,False,9,medium,12.8561,OCTAGON,compact,diag_up,3,10,725,500,1.45,strong_advantage,0.0,"{""COLOSSUS"": 2, ""STALKER"": 1}","{""BANELING"": 10}",cd3b16168a968da496cadf4b46e5ed37c563ec964127287ef55fd547ddf90348
r2g_train_0466,configs/train/r2g_train_0466.json,train,stalker_colossus_vs_swarm_04,stalker_colossus_vs_swarm,legacy_r2_1300,False,10,medium,12.8635,NARROW,split,narrow_cross_gate,3,10,725,500,1.45,strong_advantage,0.0,"{""COLOSSUS"": 2, ""STALKER"": 1}","{""BANELING"": 10}",3c55fca3a470092e6c96b9eb4433bbf636ab9af9172a7f6766adb5a7ceefeab1
r2g_train_0467,configs/train/r2g_train_0467.json,train,stalker_colossus_vs_swarm_04,stalker_colossus_vs_swarm,legacy_r2_1300,False,11,far,16.8667,SIMPLE,staggered,horizontal,3,10,725,500,1.45,strong_advantage,0.0,"{""COLOSSUS"": 2, ""STALKER"": 1}","{""BANELING"": 10}",035b06fa8b93a8d34a36d18d9e08cdc3f4ebbb3462e15481b62eb26aec273631
r2g_train_0468,configs/train/r2g_train_0468.json,train,stalker_colossus_vs_swarm_04,stalker_colossus_vs_swarm,legacy_r2_1300,False,12,far,17.0475,SIMPLE,type_split,horizontal,3,10,725,500,1.45,strong_advantage,0.0,"{""COLOSSUS"": 2, ""STALKER"": 1}","{""BANELING"": 10}",93bff2099cc28969d6952bfcd3c6b06c5c790d83742c065442ec04af50114c55
r2g_train_0469,configs/train/r2g_train_0469.json,train,stalker_colossus_vs_swarm_05,stalker_colossus_vs_swarm,legacy_r2_1300,False,1,immediate,5.2295,NARROW,compact,narrow_same_side,4,10,850,500,1.7,strong_advantage,0.0,"{""COLOSSUS"": 2, ""STALKER"": 2}","{""BANELING"": 10}",ec6653427c1e873f3f78d33fb8190228e88cb57a1e7a8f1ebeaf691653dd531e
r2g_train_0470,configs/train/r2g_train_0470.json,train,stalker_colossus_vs_swarm_05,stalker_colossus_vs_swarm,legacy_r2_1300,False,2,immediate,5.3205,OCTAGON,split,diag_up,4,10,850,500,1.7,strong_advantage,0.0,"{""COLOSSUS"": 2, ""STALKER"": 2}","{""BANELING"": 10}",f789ffca7732ef52230466e793457616dc8969a3a5053221fc47a943c6999626
r2g_train_0471,configs/train/r2g_train_0471.json,train,stalker_colossus_vs_swarm_05,stalker_colossus_vs_swarm,legacy_r2_1300,False,3,immediate,5.5214,SIMPLE,staggered,horizontal,4,10,850,500,1.7,strong_advantage,0.0,"{""COLOSSUS"": 2, ""STALKER"": 2}","{""BANELING"": 10}",9d7a5047aa3b3f8e873a2fd2f0af0423cd78d713e6635cd1a70b68ca95b44897
r2g_train_0472,configs/train/r2g_train_0472.json,train,stalker_colossus_vs_swarm_05,stalker_colossus_vs_swarm,legacy_r2_1300,False,4,near,8.7599,NARROW,type_split,narrow_same_side,4,10,850,500,1.7,strong_advantage,0.0,"{""COLOSSUS"": 2, ""STALKER"": 2}","{""BANELING"": 10}",cef08a58df3fc26d6c053b0a9ac28e95f30fe2298398304a2516b5e9627b05f7
r2g_train_0473,configs/train/r2g_train_0473.json,train,stalker_colossus_vs_swarm_05,stalker_colossus_vs_swarm,legacy_r2_1300,False,5,near,8.7593,OCTAGON,compact,vertical,4,10,850,500,1.7,strong_advantage,0.0,"{""COLOSSUS"": 2, ""STALKER"": 2}","{""BANELING"": 10}",4272b791c50a5bf874b1714b674eeae2d21b98d109ae8b0ff9c601fd3567331c
r2g_train_0474,configs/train/r2g_train_0474.json,train,stalker_colossus_vs_swarm_05,stalker_colossus_vs_swarm,legacy_r2_1300,False,6,near,8.6634,OCTAGON,split,diag_down,4,10,850,500,1.7,strong_advantage,0.0,"{""COLOSSUS"": 2, ""STALKER"": 2}","{""BANELING"": 10}",c9fefb1f367dcc3741d79efdeb8af53885bda5bc14be914f17097e3675f2d43a
r2g_train_0475,configs/train/r2g_train_0475.json,train,stalker_colossus_vs_swarm_05,stalker_colossus_vs_swarm,legacy_r2_1300,False,7,near,8.6641,NARROW,staggered,narrow_same_side,4,10,850,500,1.7,strong_advantage,0.0,"{""COLOSSUS"": 2, ""STALKER"": 2}","{""BANELING"": 10}",e028f01b25ed0ca29c013ab44b32a34307f882b342dbda88ffc0231b7199a5f1
r2g_train_0476,configs/train/r2g_train_0476.json,train,stalker_colossus_vs_swarm_05,stalker_colossus_vs_swarm,legacy_r2_1300,False,8,medium,12.8309,SIMPLE,type_split,horizontal,4,10,850,500,1.7,strong_advantage,0.0,"{""COLOSSUS"": 2, ""STALKER"": 2}","{""BANELING"": 10}",3031a8101a7bcc8752a67736923c3a9c47200634f9688529fa1e8ffd86d5e840
r2g_train_0477,configs/train/r2g_train_0477.json,train,stalker_colossus_vs_swarm_05,stalker_colossus_vs_swarm,legacy_r2_1300,False,9,medium,12.9463,OCTAGON,compact,diag_up,4,10,850,500,1.7,strong_advantage,0.0,"{""COLOSSUS"": 2, ""STALKER"": 2}","{""BANELING"": 10}",bc58572b57243f8822ebe220c29af4a8921bc40450602a3ee492a6bcc957bde2
r2g_train_0478,configs/train/r2g_train_0478.json,train,stalker_colossus_vs_swarm_05,stalker_colossus_vs_swarm,legacy_r2_1300,False,10,medium,12.663,NARROW,split,narrow_cross_gate,4,10,850,500,1.7,strong_advantage,0.0,"{""COLOSSUS"": 2, ""STALKER"": 2}","{""BANELING"": 10}",34016eb801066930039602bd9511cfb982f1374c9999978c12cdf5b25f7cd8e1
r2g_train_0479,configs/train/r2g_train_0479.json,train,stalker_colossus_vs_swarm_05,stalker_colossus_vs_swarm,legacy_r2_1300,False,11,far,16.9108,SIMPLE,staggered,horizontal,4,10,850,500,1.7,strong_advantage,0.0,"{""COLOSSUS"": 2, ""STALKER"": 2}","{""BANELING"": 10}",9c770d26a8301c6f54f04e65af336b24c5f01b266ecd4233849d3cbced8768d1
r2g_train_0480,configs/train/r2g_train_0480.json,train,stalker_colossus_vs_swarm_05,stalker_colossus_vs_swarm,legacy_r2_1300,False,12,far,17.0985,SIMPLE,type_split,horizontal,4,10,850,500,1.7,strong_advantage,0.0,"{""COLOSSUS"": 2, ""STALKER"": 2}","{""BANELING"": 10}",6806c81c48c8dfcb393774ccf43407b7f116af5001acce3dbe920cb669fb70a7
r2g_train_0481,configs/train/r2g_train_0481.json,train,stalker_vs_spine_01,stalker_vs_spine,legacy_r2_1300,False,1,immediate,5.2186,NARROW,compact,narrow_same_side,2,1,250,175,1.4286,strong_advantage,0.0,"{""STALKER"": 2}","{""SPINE_CRAWLER"": 1}",c14a4986e2ed46d1bbdcdf3b850be75954e9c7a0ce59996147e29957e45fa722
r2g_train_0482,configs/train/r2g_train_0482.json,train,stalker_vs_spine_01,stalker_vs_spine,legacy_r2_1300,False,2,immediate,5.5766,OCTAGON,split,diag_up,2,1,250,175,1.4286,strong_advantage,0.0,"{""STALKER"": 2}","{""SPINE_CRAWLER"": 1}",bac92f0f09b65e7dbcf9c313416fbd0bfe58c0e779d43cbdfba31efcd509a8a8
r2g_train_0483,configs/train/r2g_train_0483.json,train,stalker_vs_spine_01,stalker_vs_spine,legacy_r2_1300,False,3,immediate,5.5951,SIMPLE,staggered,horizontal,2,1,250,175,1.4286,strong_advantage,0.0,"{""STALKER"": 2}","{""SPINE_CRAWLER"": 1}",171036b785e4f44d8a6ff6ee2780e68ba7e171bc67d2604f1f2b03cdcac1f95d
r2g_train_0484,configs/train/r2g_train_0484.json,train,stalker_vs_spine_01,stalker_vs_spine,legacy_r2_1300,False,4,near,8.8401,NARROW,type_split,narrow_same_side,2,1,250,175,1.4286,strong_advantage,0.0,"{""STALKER"": 2}","{""SPINE_CRAWLER"": 1}",4ae85eea5d940b9b590c4661cce43eb3048502b4b81031afd4b5ce8ae3e892cf
r2g_train_0485,configs/train/r2g_train_0485.json,train,stalker_vs_spine_01,stalker_vs_spine,legacy_r2_1300,False,5,near,8.7733,OCTAGON,compact,vertical,2,1,250,175,1.4286,strong_advantage,0.0,"{""STALKER"": 2}","{""SPINE_CRAWLER"": 1}",fb8a7abe43c76fa35715c55002d6a62dbc257f9173ea1db60f6eda19ecc09dcc
r2g_train_0486,configs/train/r2g_train_0486.json,train,stalker_vs_spine_01,stalker_vs_spine,legacy_r2_1300,False,6,near,8.6224,OCTAGON,split,diag_down,2,1,250,175,1.4286,strong_advantage,0.0,"{""STALKER"": 2}","{""SPINE_CRAWLER"": 1}",622b50d6add997eba3e479ef2fcdc5c28df8425e56704f3e62b2bf8dfde6f3ea
r2g_train_0487,configs/train/r2g_train_0487.json,train,stalker_vs_spine_01,stalker_vs_spine,legacy_r2_1300,False,7,near,8.8072,NARROW,staggered,narrow_same_side,2,1,250,175,1.4286,strong_advantage,0.0,"{""STALKER"": 2}","{""SPINE_CRAWLER"": 1}",774e0426b6c1d18ae33a4be85965c666ec5c81d56c084c3c79d44a27181b14ae
r2g_train_0488,configs/train/r2g_train_0488.json,train,stalker_vs_spine_01,stalker_vs_spine,legacy_r2_1300,False,8,medium,12.828,SIMPLE,type_split,horizontal,2,1,250,175,1.4286,strong_advantage,0.0,"{""STALKER"": 2}","{""SPINE_CRAWLER"": 1}",fa1cfbb921e3c4bca644f184c57e62fc4967c8c247cbe8a4405c95fb3bf35c9d
r2g_train_0489,configs/train/r2g_train_0489.json,train,stalker_vs_spine_01,stalker_vs_spine,legacy_r2_1300,False,9,medium,12.9984,OCTAGON,compact,diag_up,2,1,250,175,1.4286,strong_advantage,0.0,"{""STALKER"": 2}","{""SPINE_CRAWLER"": 1}",bb36faccbc2ed3df4e46a79941db1431f5eb9ffa9238a83109d5aecbe22a87b2
r2g_train_0490,configs/train/r2g_train_0490.json,train,stalker_vs_spine_01,stalker_vs_spine,legacy_r2_1300,False,10,medium,12.871,NARROW,split,narrow_cross_gate,2,1,250,175,1.4286,strong_advantage,0.0,"{""STALKER"": 2}","{""SPINE_CRAWLER"": 1}",6b0eecd9585f164813d56d94d98b048faf3cc5cda0926f15d1762a9610e3ac10
r2g_train_0491,configs/train/r2g_train_0491.json,train,stalker_vs_spine_01,stalker_vs_spine,legacy_r2_1300,False,11,far,17.09,SIMPLE,staggered,horizontal,2,1,250,175,1.4286,strong_advantage,0.0,"{""STALKER"": 2}","{""SPINE_CRAWLER"": 1}",c5853ebe3633396f899996a768e00c375f2d4618ddd6b14ddefdf092382a93b9
r2g_train_0492,configs/train/r2g_train_0492.json,train,stalker_vs_spine_01,stalker_vs_spine,legacy_r2_1300,False,12,far,16.849,SIMPLE,type_split,horizontal,2,1,250,175,1.4286,strong_advantage,0.0,"{""STALKER"": 2}","{""SPINE_CRAWLER"": 1}",1adb94484f0b513e729de49a966765ee8d045b91fc9c12381ab9100f934def71
r2g_train_0493,configs/train/r2g_train_0493.json,train,stalker_vs_spine_02,stalker_vs_spine,legacy_r2_1300,False,1,immediate,5.2275,NARROW,compact,narrow_same_side,4,2,500,350,1.4286,strong_advantage,0.0,"{""STALKER"": 4}","{""SPINE_CRAWLER"": 2}",b6567edfb5da3ce996b75f26b658ac7a5bca3e2dafd9e22499a256ad4eeef247
r2g_train_0494,configs/train/r2g_train_0494.json,train,stalker_vs_spine_02,stalker_vs_spine,legacy_r2_1300,False,2,immediate,5.5301,OCTAGON,split,diag_up,4,2,500,350,1.4286,strong_advantage,0.0,"{""STALKER"": 4}","{""SPINE_CRAWLER"": 2}",325bb6b1bce4971c4e579b97c45a09fe06ece826d6599c9d40800a011bcf148b
r2g_train_0495,configs/train/r2g_train_0495.json,train,stalker_vs_spine_02,stalker_vs_spine,legacy_r2_1300,False,3,immediate,5.5734,SIMPLE,staggered,horizontal,4,2,500,350,1.4286,strong_advantage,0.0,"{""STALKER"": 4}","{""SPINE_CRAWLER"": 2}",e458df5aaa4eabe850016fbf03bc3fe34f34a5aa715e25a12cf6f81b9b86fa97
r2g_train_0496,configs/train/r2g_train_0496.json,train,stalker_vs_spine_02,stalker_vs_spine,legacy_r2_1300,False,4,near,8.8936,NARROW,type_split,narrow_same_side,4,2,500,350,1.4286,strong_advantage,0.0,"{""STALKER"": 4}","{""SPINE_CRAWLER"": 2}",9eaeb1b003c2ee9286a03fba9be25fd6c100f8195fe10ca898dc1b5df6de9fcd
r2g_train_0497,configs/train/r2g_train_0497.json,train,stalker_vs_spine_02,stalker_vs_spine,legacy_r2_1300,False,5,near,8.7373,OCTAGON,compact,vertical,4,2,500,350,1.4286,strong_advantage,0.0,"{""STALKER"": 4}","{""SPINE_CRAWLER"": 2}",b57dd53fedb5bb9a39b2e1b7cd2f029945fbd1a01f79ac742bd2b869bd92e6a7
r2g_train_0498,configs/train/r2g_train_0498.json,train,stalker_vs_spine_02,stalker_vs_spine,legacy_r2_1300,False,6,near,8.6432,OCTAGON,split,diag_down,4,2,500,350,1.4286,strong_advantage,0.0,"{""STALKER"": 4}","{""SPINE_CRAWLER"": 2}",5518b2928346c19a0faea89ba7b77c7fd57043cf640866f64bc23eb4fb6b81f2
r2g_train_0499,configs/train/r2g_train_0499.json,train,stalker_vs_spine_02,stalker_vs_spine,legacy_r2_1300,False,7,near,8.9721,NARROW,staggered,narrow_same_side,4,2,500,350,1.4286,strong_advantage,0.0,"{""STALKER"": 4}","{""SPINE_CRAWLER"": 2}",2e147aaa4df20dbd8b0f8f1ad3966d01db039b64fd37181ccbfdd1d778c03e90
r2g_train_0500,configs/train/r2g_train_0500.json,train,stalker_vs_spine_02,stalker_vs_spine,legacy_r2_1300,False,8,medium,12.9665,SIMPLE,type_split,horizontal,4,2,500,350,1.4286,strong_advantage,0.0,"{""STALKER"": 4}","{""SPINE_CRAWLER"": 2}",847f1ecd9d030c99f25dbd64ac3856933d3fed2d1b9b46c45f2c1ce3568fab8a
r2g_train_0501,configs/train/r2g_train_0501.json,train,stalker_vs_spine_02,stalker_vs_spine,legacy_r2_1300,False,9,medium,12.8966,OCTAGON,compact,diag_up,4,2,500,350,1.4286,strong_advantage,0.0,"{""STALKER"": 4}","{""SPINE_CRAWLER"": 2}",0bb2e50febf979835d14199d43e396d8f1fd68ae670b9757b2c96825ba23e626
r2g_train_0502,configs/train/r2g_train_0502.json,train,stalker_vs_spine_02,stalker_vs_spine,legacy_r2_1300,False,10,medium,12.8221,NARROW,split,narrow_cross_gate,4,2,500,350,1.4286,strong_advantage,0.0,"{""STALKER"": 4}","{""SPINE_CRAWLER"": 2}",496b6cc53a6e49f252e78ca98a6ed572a13161b2302a3db1d7fecd86df2ae863
r2g_train_0503,configs/train/r2g_train_0503.json,train,stalker_vs_spine_02,stalker_vs_spine,legacy_r2_1300,False,11,far,17.0769,SIMPLE,staggered,horizontal,4,2,500,350,1.4286,strong_advantage,0.0,"{""STALKER"": 4}","{""SPINE_CRAWLER"": 2}",9dbe9b6bfa5b0e1cbcc19d090a54f8cf73510eca2f2e38c1dc001673c09c66ec
r2g_train_0504,configs/train/r2g_train_0504.json,train,stalker_vs_spine_02,stalker_vs_spine,legacy_r2_1300,False,12,far,16.941,SIMPLE,type_split,horizontal,4,2,500,350,1.4286,strong_advantage,0.0,"{""STALKER"": 4}","{""SPINE_CRAWLER"": 2}",1b4c8841e9ef93eec75e75c041767cb90de05f4d02d4e86de6b92a0a0b40784e
r2g_train_0505,configs/train/r2g_train_0505.json,train,stalker_vs_spine_03,stalker_vs_spine,legacy_r2_1300,False,1,immediate,5.5523,NARROW,compact,narrow_same_side,5,3,625,525,1.1905,moderate_advantage,0.335498,"{""STALKER"": 5}","{""SPINE_CRAWLER"": 3}",469e8f585761c1bde990f656e0aabce5f0ddf412ec3b475380a7cfebece2587a
r2g_train_0506,configs/train/r2g_train_0506.json,train,stalker_vs_spine_03,stalker_vs_spine,legacy_r2_1300,False,2,immediate,5.282,OCTAGON,split,diag_up,5,3,625,525,1.1905,moderate_advantage,0.335498,"{""STALKER"": 5}","{""SPINE_CRAWLER"": 3}",050f06b901e70886710560a88f7c5f2a89eac906635dd293183f9c06ec9bb617
r2g_train_0507,configs/train/r2g_train_0507.json,train,stalker_vs_spine_03,stalker_vs_spine,legacy_r2_1300,False,3,immediate,5.3603,SIMPLE,staggered,horizontal,5,3,625,525,1.1905,moderate_advantage,0.335498,"{""STALKER"": 5}","{""SPINE_CRAWLER"": 3}",125a937f94896a9ad2ec4a77d4fcd3926a3ba4c83ef09e4656a4d939fe04fb8c
r2g_train_0508,configs/train/r2g_train_0508.json,train,stalker_vs_spine_03,stalker_vs_spine,legacy_r2_1300,False,4,near,8.8853,NARROW,type_split,narrow_same_side,5,3,625,525,1.1905,moderate_advantage,0.335498,"{""STALKER"": 5}","{""SPINE_CRAWLER"": 3}",dfa8014a94dcdb1cbd31a305883ed281f24bb96cce4e42e2ad43cc966228f5ff
r2g_train_0509,configs/train/r2g_train_0509.json,train,stalker_vs_spine_03,stalker_vs_spine,legacy_r2_1300,False,5,near,8.7875,OCTAGON,compact,vertical,5,3,625,525,1.1905,moderate_advantage,0.335498,"{""STALKER"": 5}","{""SPINE_CRAWLER"": 3}",88455ce14b07fb59389c8d1ff8e9bdceffd7e476da7df0e674e2d52129b89960
r2g_train_0510,configs/train/r2g_train_0510.json,train,stalker_vs_spine_03,stalker_vs_spine,legacy_r2_1300,False,6,near,8.7492,OCTAGON,split,diag_down,5,3,625,525,1.1905,moderate_advantage,0.335498,"{""STALKER"": 5}","{""SPINE_CRAWLER"": 3}",26c5af3a6efbffb9980df86029806c46984c09b8fcb6bd7899f99f61fc0311d4
r2g_train_0511,configs/train/r2g_train_0511.json,train,stalker_vs_spine_03,stalker_vs_spine,legacy_r2_1300,False,7,near,8.8029,NARROW,staggered,narrow_same_side,5,3,625,525,1.1905,moderate_advantage,0.335498,"{""STALKER"": 5}","{""SPINE_CRAWLER"": 3}",6b83115b3de2bf84eeaff0378fdb8c59202959ec18bc242b75bd87aeb327019d
r2g_train_0512,configs/train/r2g_train_0512.json,train,stalker_vs_spine_03,stalker_vs_spine,legacy_r2_1300,False,8,medium,12.7016,SIMPLE,type_split,horizontal,5,3,625,525,1.1905,moderate_advantage,0.335498,"{""STALKER"": 5}","{""SPINE_CRAWLER"": 3}",83fbd2a8efd02af9b822b9b74635bd335ae6dce119f38d4565e73dbc32b63c53
r2g_train_0513,configs/train/r2g_train_0513.json,train,stalker_vs_spine_03,stalker_vs_spine,legacy_r2_1300,False,9,medium,12.7084,OCTAGON,compact,diag_up,5,3,625,525,1.1905,moderate_advantage,0.335498,"{""STALKER"": 5}","{""SPINE_CRAWLER"": 3}",2e4330b2d597decfdf55ded1fffbe97d5ff8bb39c5654d8ee130ceceb5d2c2d6
r2g_train_0514,configs/train/r2g_train_0514.json,train,stalker_vs_spine_03,stalker_vs_spine,legacy_r2_1300,False,10,medium,12.6038,NARROW,split,narrow_cross_gate,5,3,625,525,1.1905,moderate_advantage,0.335498,"{""STALKER"": 5}","{""SPINE_CRAWLER"": 3}",114e7814bdd9761960feefc17bfce207edaa628b4e871414f9e91479741d4a7d
r2g_train_0515,configs/train/r2g_train_0515.json,train,stalker_vs_spine_03,stalker_vs_spine,legacy_r2_1300,False,11,far,17.06,SIMPLE,staggered,horizontal,5,3,625,525,1.1905,moderate_advantage,0.335498,"{""STALKER"": 5}","{""SPINE_CRAWLER"": 3}",27c0cd961bedf716e78177521d388febfd7a57679971d77684c0c206dccc74e3
r2g_train_0516,configs/train/r2g_train_0516.json,train,stalker_vs_spine_03,stalker_vs_spine,legacy_r2_1300,False,12,far,16.8838,SIMPLE,type_split,horizontal,5,3,625,525,1.1905,moderate_advantage,0.335498,"{""STALKER"": 5}","{""SPINE_CRAWLER"": 3}",7fd63bc5d591ba4c4d530523d67e3317cbee0eaee4a7e25d7695967c87e64faa
r2g_train_0517,configs/train/r2g_train_0517.json,train,stalker_vs_spine_04,stalker_vs_spine,legacy_r2_1300,False,1,immediate,5.4055,NARROW,compact,narrow_same_side,7,4,875,700,1.25,moderate_advantage,0.227273,"{""STALKER"": 7}","{""SPINE_CRAWLER"": 4}",579465870bfd228b119b1e4f37984324bebde74be6fb3cd508483d0beb1efbff
r2g_train_0518,configs/train/r2g_train_0518.json,train,stalker_vs_spine_04,stalker_vs_spine,legacy_r2_1300,False,2,immediate,5.4535,OCTAGON,split,diag_up,7,4,875,700,1.25,moderate_advantage,0.227273,"{""STALKER"": 7}","{""SPINE_CRAWLER"": 4}",55b158fcf95922855f331e75b26c83f782044692534a5cf51908478e010e327f
r2g_train_0519,configs/train/r2g_train_0519.json,train,stalker_vs_spine_04,stalker_vs_spine,legacy_r2_1300,False,3,immediate,5.5513,SIMPLE,staggered,horizontal,7,4,875,700,1.25,moderate_advantage,0.227273,"{""STALKER"": 7}","{""SPINE_CRAWLER"": 4}",ebeba6ead6c8a746fd40bda2c57ebe5841433bae3b1d7af2b7ee4fbde778412a
r2g_train_0520,configs/train/r2g_train_0520.json,train,stalker_vs_spine_04,stalker_vs_spine,legacy_r2_1300,False,4,near,8.8463,NARROW,type_split,narrow_same_side,7,4,875,700,1.25,moderate_advantage,0.227273,"{""STALKER"": 7}","{""SPINE_CRAWLER"": 4}",6e0c183012a578b456045d46cb681f709ddae8d507c14d7799dfa5b8fd96f6d7
r2g_train_0521,configs/train/r2g_train_0521.json,train,stalker_vs_spine_04,stalker_vs_spine,legacy_r2_1300,False,5,near,8.9275,OCTAGON,compact,vertical,7,4,875,700,1.25,moderate_advantage,0.227273,"{""STALKER"": 7}","{""SPINE_CRAWLER"": 4}",6c3ad89eb03482b69a9eebe990de2ab03c4fd66b62888511ea8e39764fc6a279
r2g_train_0522,configs/train/r2g_train_0522.json,train,stalker_vs_spine_04,stalker_vs_spine,legacy_r2_1300,False,6,near,8.6927,OCTAGON,split,diag_down,7,4,875,700,1.25,moderate_advantage,0.227273,"{""STALKER"": 7}","{""SPINE_CRAWLER"": 4}",f3c04cf8e00c2015b4949580fbb737a331df83bb4088663b54c73c60edca11bf
r2g_train_0523,configs/train/r2g_train_0523.json,train,stalker_vs_spine_04,stalker_vs_spine,legacy_r2_1300,False,7,near,8.6453,NARROW,staggered,narrow_same_side,7,4,875,700,1.25,moderate_advantage,0.227273,"{""STALKER"": 7}","{""SPINE_CRAWLER"": 4}",8d5ef84f51e770e9eee69cfed477d101cab31ab216f6e98584f0d4b43ba5a277
r2g_train_0524,configs/train/r2g_train_0524.json,train,stalker_vs_spine_04,stalker_vs_spine,legacy_r2_1300,False,8,medium,12.8651,SIMPLE,type_split,horizontal,7,4,875,700,1.25,moderate_advantage,0.227273,"{""STALKER"": 7}","{""SPINE_CRAWLER"": 4}",df73228edc153d7b01eb88fc9a397c6d4a22098ddda3a61a55ea566e7655b540
r2g_train_0525,configs/train/r2g_train_0525.json,train,stalker_vs_spine_04,stalker_vs_spine,legacy_r2_1300,False,9,medium,12.7874,OCTAGON,compact,diag_up,7,4,875,700,1.25,moderate_advantage,0.227273,"{""STALKER"": 7}","{""SPINE_CRAWLER"": 4}",a727050463da46c5a4fe54a54b602a240cf733dca4aabd8086d3451beafd67a2
r2g_train_0526,configs/train/r2g_train_0526.json,train,stalker_vs_spine_04,stalker_vs_spine,legacy_r2_1300,False,10,medium,12.7813,NARROW,split,narrow_cross_gate,7,4,875,700,1.25,moderate_advantage,0.227273,"{""STALKER"": 7}","{""SPINE_CRAWLER"": 4}",815dea236a26b812254ddec7aa7b4b066b413c0782769e201332bf4a537262a3
r2g_train_0527,configs/train/r2g_train_0527.json,train,stalker_vs_spine_04,stalker_vs_spine,legacy_r2_1300,False,11,far,16.8967,SIMPLE,staggered,horizontal,7,4,875,700,1.25,moderate_advantage,0.227273,"{""STALKER"": 7}","{""SPINE_CRAWLER"": 4}",9399f7effe61ea5e35001af3658c0921156b97213d050ab9f295a5e3c0a8b4dd
r2g_train_0528,configs/train/r2g_train_0528.json,train,stalker_vs_spine_04,stalker_vs_spine,legacy_r2_1300,False,12,far,16.9777,SIMPLE,type_split,horizontal,7,4,875,700,1.25,moderate_advantage,0.227273,"{""STALKER"": 7}","{""SPINE_CRAWLER"": 4}",3d11eb420e0def171119c007eb28934120c7ae1d7acab6b71d93574951f02221
r2g_train_0529,configs/train/r2g_train_0529.json,train,stalker_vs_spine_05,stalker_vs_spine,legacy_r2_1300,False,1,immediate,5.2829,NARROW,compact,narrow_same_side,9,5,1125,875,1.2857,moderate_advantage,0.162338,"{""STALKER"": 9}","{""SPINE_CRAWLER"": 5}",8d138b56de80578d73446956b3ac0e912c225c2290f51770b4a73398d62663e2
r2g_train_0530,configs/train/r2g_train_0530.json,train,stalker_vs_spine_05,stalker_vs_spine,legacy_r2_1300,False,2,immediate,5.328,OCTAGON,split,diag_up,9,5,1125,875,1.2857,moderate_advantage,0.162338,"{""STALKER"": 9}","{""SPINE_CRAWLER"": 5}",03d73fe0e2863a37700486d37039ea1609b7183fb95dfa1da1c4ec0aed3a8749
r2g_train_0531,configs/train/r2g_train_0531.json,train,stalker_vs_spine_05,stalker_vs_spine,legacy_r2_1300,False,3,immediate,5.5216,SIMPLE,staggered,horizontal,9,5,1125,875,1.2857,moderate_advantage,0.162338,"{""STALKER"": 9}","{""SPINE_CRAWLER"": 5}",375f761247d062ae87ef6d60bab7fb52e830eb45ebed1e891deff92a2fe8addc
r2g_train_0532,configs/train/r2g_train_0532.json,train,stalker_vs_spine_05,stalker_vs_spine,legacy_r2_1300,False,4,near,8.7537,NARROW,type_split,narrow_same_side,9,5,1125,875,1.2857,moderate_advantage,0.162338,"{""STALKER"": 9}","{""SPINE_CRAWLER"": 5}",5b3a7db09cf75312e0d38f900d935fc63252aacaad6aa50520c5bdc220d5c6a3
r2g_train_0533,configs/train/r2g_train_0533.json,train,stalker_vs_spine_05,stalker_vs_spine,legacy_r2_1300,False,5,near,8.7636,OCTAGON,compact,vertical,9,5,1125,875,1.2857,moderate_advantage,0.162338,"{""STALKER"": 9}","{""SPINE_CRAWLER"": 5}",08ae0bb633175a91674d25c09ba5b49f1660e43c33023dc17b696d1f167b1097
r2g_train_0534,configs/train/r2g_train_0534.json,train,stalker_vs_spine_05,stalker_vs_spine,legacy_r2_1300,False,6,near,8.9098,OCTAGON,split,diag_down,9,5,1125,875,1.2857,moderate_advantage,0.162338,"{""STALKER"": 9}","{""SPINE_CRAWLER"": 5}",2f5844d01cd9c6c167ceb0eae6e5475817e115b33a9d864325228d0d17ea1dff
r2g_train_0535,configs/train/r2g_train_0535.json,train,stalker_vs_spine_05,stalker_vs_spine,legacy_r2_1300,False,7,near,8.6508,NARROW,staggered,narrow_same_side,9,5,1125,875,1.2857,moderate_advantage,0.162338,"{""STALKER"": 9}","{""SPINE_CRAWLER"": 5}",162eececf9002ebbaf06650c1bd9ea770adc0872f75a665a34fbbcbd3dcfba71
r2g_train_0536,configs/train/r2g_train_0536.json,train,stalker_vs_spine_05,stalker_vs_spine,legacy_r2_1300,False,8,medium,12.6664,SIMPLE,type_split,horizontal,9,5,1125,875,1.2857,moderate_advantage,0.162338,"{""STALKER"": 9}","{""SPINE_CRAWLER"": 5}",f45fcf8ef93548ff263675f06158b19060af437436eea4eb8270e7b05099e70b
r2g_train_0537,configs/train/r2g_train_0537.json,train,stalker_vs_spine_05,stalker_vs_spine,legacy_r2_1300,False,9,medium,12.8456,OCTAGON,compact,diag_up,9,5,1125,875,1.2857,moderate_advantage,0.162338,"{""STALKER"": 9}","{""SPINE_CRAWLER"": 5}",e67f5c21f7696310d9efabed3133ce368a06ef6143c03dd666c7ed0e6ef36597
r2g_train_0538,configs/train/r2g_train_0538.json,train,stalker_vs_spine_05,stalker_vs_spine,legacy_r2_1300,False,10,medium,12.7745,NARROW,split,narrow_cross_gate,9,5,1125,875,1.2857,moderate_advantage,0.162338,"{""STALKER"": 9}","{""SPINE_CRAWLER"": 5}",db3a5c766cb90b7e49dc05c78d85a763e53fcf61304015930b832b859b50ee56
r2g_train_0539,configs/train/r2g_train_0539.json,train,stalker_vs_spine_05,stalker_vs_spine,legacy_r2_1300,False,11,far,16.9894,SIMPLE,staggered,horizontal,9,5,1125,875,1.2857,moderate_advantage,0.162338,"{""STALKER"": 9}","{""SPINE_CRAWLER"": 5}",8c0eb60f5f935ce1869a9c4d9c4f3985ff5983850007ba22edfbad9dadcd1d69
r2g_train_0540,configs/train/r2g_train_0540.json,train,stalker_vs_spine_05,stalker_vs_spine,legacy_r2_1300,False,12,far,17.1263,SIMPLE,type_split,horizontal,9,5,1125,875,1.2857,moderate_advantage,0.162338,"{""STALKER"": 9}","{""SPINE_CRAWLER"": 5}",9af83c3d225b8ea5f6dacfddbe3f2efb7747fa8c0aa2e51a5d2f69ccf10d9954
r2g_train_0541,configs/train/r2g_train_0541.json,train,zealot_colossus_vs_terran_01,zealot_colossus_vs_terran,legacy_r2_1300,False,1,immediate,5.5446,NARROW,compact,narrow_same_side,3,4,500,300,1.6667,strong_advantage,0.0,"{""COLOSSUS"": 1, ""ZEALOT"": 2}","{""MARAUDER"": 2, ""MARINE"": 2}",bbf00fe14b4052e0f915042222e9dd98c369516aac5640a5ba77ba575c3731d2
r2g_train_0542,configs/train/r2g_train_0542.json,train,zealot_colossus_vs_terran_01,zealot_colossus_vs_terran,legacy_r2_1300,False,2,immediate,5.4662,OCTAGON,split,diag_up,3,4,500,300,1.6667,strong_advantage,0.0,"{""COLOSSUS"": 1, ""ZEALOT"": 2}","{""MARAUDER"": 2, ""MARINE"": 2}",661c653ef4418f40fb95b3ecc0393a7a20221ce95e4b2a06e960a02a4e8e0d30
r2g_train_0543,configs/train/r2g_train_0543.json,train,zealot_colossus_vs_terran_01,zealot_colossus_vs_terran,legacy_r2_1300,False,3,immediate,5.3779,SIMPLE,staggered,horizontal,3,4,500,300,1.6667,strong_advantage,0.0,"{""COLOSSUS"": 1, ""ZEALOT"": 2}","{""MARAUDER"": 2, ""MARINE"": 2}",a4b158c5f5f82b555167ba6672b91ae6202df0d9e6c18fca0be4f808d815e353
r2g_train_0544,configs/train/r2g_train_0544.json,train,zealot_colossus_vs_terran_01,zealot_colossus_vs_terran,legacy_r2_1300,False,4,near,8.6732,NARROW,type_split,narrow_same_side,3,4,500,300,1.6667,strong_advantage,0.0,"{""COLOSSUS"": 1, ""ZEALOT"": 2}","{""MARAUDER"": 2, ""MARINE"": 2}",8d36ddc04711d34204b6ad734de23958e556f6241a33a2a8a4f755e0ade7e5fa
r2g_train_0545,configs/train/r2g_train_0545.json,train,zealot_colossus_vs_terran_01,zealot_colossus_vs_terran,legacy_r2_1300,False,5,near,8.6822,OCTAGON,compact,vertical,3,4,500,300,1.6667,strong_advantage,0.0,"{""COLOSSUS"": 1, ""ZEALOT"": 2}","{""MARAUDER"": 2, ""MARINE"": 2}",68a62a624d1eef3db5468a6a5435a986e3d9a3d53899bb4439f473f706b6c240
r2g_train_0546,configs/train/r2g_train_0546.json,train,zealot_colossus_vs_terran_01,zealot_colossus_vs_terran,legacy_r2_1300,False,6,near,8.7606,OCTAGON,split,diag_down,3,4,500,300,1.6667,strong_advantage,0.0,"{""COLOSSUS"": 1, ""ZEALOT"": 2}","{""MARAUDER"": 2, ""MARINE"": 2}",a071962decceeaf06c5df3c6ad87fb25d9f19992ea078912e533d98510b4c496
r2g_train_0547,configs/train/r2g_train_0547.json,train,zealot_colossus_vs_terran_01,zealot_colossus_vs_terran,legacy_r2_1300,False,7,near,8.7384,NARROW,staggered,narrow_same_side,3,4,500,300,1.6667,strong_advantage,0.0,"{""COLOSSUS"": 1, ""ZEALOT"": 2}","{""MARAUDER"": 2, ""MARINE"": 2}",196ba3aefb66b7a2898288a2b8fbb6a4ac641a8d879738daef6e426980d19939
r2g_train_0548,configs/train/r2g_train_0548.json,train,zealot_colossus_vs_terran_01,zealot_colossus_vs_terran,legacy_r2_1300,False,8,medium,12.8322,SIMPLE,type_split,horizontal,3,4,500,300,1.6667,strong_advantage,0.0,"{""COLOSSUS"": 1, ""ZEALOT"": 2}","{""MARAUDER"": 2, ""MARINE"": 2}",d82fd03a10348023ab27159e216d692db711f4fb014318ae7a3085cb1dece330
r2g_train_0549,configs/train/r2g_train_0549.json,train,zealot_colossus_vs_terran_01,zealot_colossus_vs_terran,legacy_r2_1300,False,9,medium,12.8882,OCTAGON,compact,diag_up,3,4,500,300,1.6667,strong_advantage,0.0,"{""COLOSSUS"": 1, ""ZEALOT"": 2}","{""MARAUDER"": 2, ""MARINE"": 2}",134e7809520043eeaafd43cff92508cf355c82f576527dd3e706fdc2437b72c7
r2g_train_0550,configs/train/r2g_train_0550.json,train,zealot_colossus_vs_terran_01,zealot_colossus_vs_terran,legacy_r2_1300,False,10,medium,12.7123,NARROW,split,narrow_cross_gate,3,4,500,300,1.6667,strong_advantage,0.0,"{""COLOSSUS"": 1, ""ZEALOT"": 2}","{""MARAUDER"": 2, ""MARINE"": 2}",f0068e95e5909bbffa6aef2a08e77d63fe1288e80c5ed263d1015f5e95d74d82
r2g_train_0551,configs/train/r2g_train_0551.json,train,zealot_colossus_vs_terran_01,zealot_colossus_vs_terran,legacy_r2_1300,False,11,far,16.8179,SIMPLE,staggered,horizontal,3,4,500,300,1.6667,strong_advantage,0.0,"{""COLOSSUS"": 1, ""ZEALOT"": 2}","{""MARAUDER"": 2, ""MARINE"": 2}",4485124f34621178234fffabd50cdbd8a0e46395d25b42480cb4d3e3e8c48a36
r2g_train_0552,configs/train/r2g_train_0552.json,train,zealot_colossus_vs_terran_01,zealot_colossus_vs_terran,legacy_r2_1300,False,12,far,16.8276,SIMPLE,type_split,horizontal,3,4,500,300,1.6667,strong_advantage,0.0,"{""COLOSSUS"": 1, ""ZEALOT"": 2}","{""MARAUDER"": 2, ""MARINE"": 2}",19c8c9c75cc7cb1fb482046d1b0f00fb77161e520989fdc365ba28972b376484
r2g_train_0553,configs/train/r2g_train_0553.json,train,zealot_colossus_vs_terran_02,zealot_colossus_vs_terran,legacy_r2_1300,False,1,immediate,5.2234,NARROW,compact,narrow_same_side,3,5,500,350,1.4286,strong_advantage,0.0,"{""COLOSSUS"": 1, ""ZEALOT"": 2}","{""MARAUDER"": 2, ""MARINE"": 3}",6939bb608fa2a42a1f850dc9ee062d2d09bd92a3269f5a92b07d8bfdce06a4ff
r2g_train_0554,configs/train/r2g_train_0554.json,train,zealot_colossus_vs_terran_02,zealot_colossus_vs_terran,legacy_r2_1300,False,2,immediate,5.4526,OCTAGON,split,diag_up,3,5,500,350,1.4286,strong_advantage,0.0,"{""COLOSSUS"": 1, ""ZEALOT"": 2}","{""MARAUDER"": 2, ""MARINE"": 3}",5b85fc260da2949e23d1bb279e3fc2b73fbf95119a77b86b63061dc114d148e8
r2g_train_0555,configs/train/r2g_train_0555.json,train,zealot_colossus_vs_terran_02,zealot_colossus_vs_terran,legacy_r2_1300,False,3,immediate,5.2022,SIMPLE,staggered,horizontal,3,5,500,350,1.4286,strong_advantage,0.0,"{""COLOSSUS"": 1, ""ZEALOT"": 2}","{""MARAUDER"": 2, ""MARINE"": 3}",4c035f8dcc0aebb1bfa94ef2b98ebb6097fa60373d82402edf40bff4a5984422
r2g_train_0556,configs/train/r2g_train_0556.json,train,zealot_colossus_vs_terran_02,zealot_colossus_vs_terran,legacy_r2_1300,False,4,near,8.729,NARROW,type_split,narrow_same_side,3,5,500,350,1.4286,strong_advantage,0.0,"{""COLOSSUS"": 1, ""ZEALOT"": 2}","{""MARAUDER"": 2, ""MARINE"": 3}",b55954fb38085771715867f48f26cc1128a2f4a81b9d39a106fc855749e377f5
r2g_train_0557,configs/train/r2g_train_0557.json,train,zealot_colossus_vs_terran_02,zealot_colossus_vs_terran,legacy_r2_1300,False,5,near,8.9736,OCTAGON,compact,vertical,3,5,500,350,1.4286,strong_advantage,0.0,"{""COLOSSUS"": 1, ""ZEALOT"": 2}","{""MARAUDER"": 2, ""MARINE"": 3}",2b0ff15716a8a46dfae336481161d11db26610f09c94623436eb82b585fdc342
r2g_train_0558,configs/train/r2g_train_0558.json,train,zealot_colossus_vs_terran_02,zealot_colossus_vs_terran,legacy_r2_1300,False,6,near,8.9361,OCTAGON,split,diag_down,3,5,500,350,1.4286,strong_advantage,0.0,"{""COLOSSUS"": 1, ""ZEALOT"": 2}","{""MARAUDER"": 2, ""MARINE"": 3}",3aa1d18f04ecffdc6f78480c3ca19456dc2b1b5bcca4c6d722d14b434df836ea
r2g_train_0559,configs/train/r2g_train_0559.json,train,zealot_colossus_vs_terran_02,zealot_colossus_vs_terran,legacy_r2_1300,False,7,near,8.7207,NARROW,staggered,narrow_same_side,3,5,500,350,1.4286,strong_advantage,0.0,"{""COLOSSUS"": 1, ""ZEALOT"": 2}","{""MARAUDER"": 2, ""MARINE"": 3}",57088bc118f0111be2b5c6fa28f7a336f3663c17d97c2b0d698fe8596c2fb5b6
r2g_train_0560,configs/train/r2g_train_0560.json,train,zealot_colossus_vs_terran_02,zealot_colossus_vs_terran,legacy_r2_1300,False,8,medium,12.9856,SIMPLE,type_split,horizontal,3,5,500,350,1.4286,strong_advantage,0.0,"{""COLOSSUS"": 1, ""ZEALOT"": 2}","{""MARAUDER"": 2, ""MARINE"": 3}",fe8613b06e945570dbfc14279419162b62c6bfba7c4aa019f7ecaef3d0fa99f4
r2g_train_0561,configs/train/r2g_train_0561.json,train,zealot_colossus_vs_terran_02,zealot_colossus_vs_terran,legacy_r2_1300,False,9,medium,12.6877,OCTAGON,compact,diag_up,3,5,500,350,1.4286,strong_advantage,0.0,"{""COLOSSUS"": 1, ""ZEALOT"": 2}","{""MARAUDER"": 2, ""MARINE"": 3}",411d5bff6b690a6b00645a03a5dc918d7eaf82597d8989db373f08a0271589ee
r2g_train_0562,configs/train/r2g_train_0562.json,train,zealot_colossus_vs_terran_02,zealot_colossus_vs_terran,legacy_r2_1300,False,10,medium,12.8105,NARROW,split,narrow_cross_gate,3,5,500,350,1.4286,strong_advantage,0.0,"{""COLOSSUS"": 1, ""ZEALOT"": 2}","{""MARAUDER"": 2, ""MARINE"": 3}",b8f346e9ca17b8767c42e8bebe2f43565c5a005737ca85b3417d5e49e797e241
r2g_train_0563,configs/train/r2g_train_0563.json,train,zealot_colossus_vs_terran_02,zealot_colossus_vs_terran,legacy_r2_1300,False,11,far,17.1012,SIMPLE,staggered,horizontal,3,5,500,350,1.4286,strong_advantage,0.0,"{""COLOSSUS"": 1, ""ZEALOT"": 2}","{""MARAUDER"": 2, ""MARINE"": 3}",ec1100bfd060dd75c958046a6aac13745fc1348661978d0d7a858948e2e3bd06
r2g_train_0564,configs/train/r2g_train_0564.json,train,zealot_colossus_vs_terran_02,zealot_colossus_vs_terran,legacy_r2_1300,False,12,far,17.1437,SIMPLE,type_split,horizontal,3,5,500,350,1.4286,strong_advantage,0.0,"{""COLOSSUS"": 1, ""ZEALOT"": 2}","{""MARAUDER"": 2, ""MARINE"": 3}",bdc9bb9196795d81a29c01b8735a59c1c4e094cdfb14a4d0d8603c435fa9f84b
r2g_train_0565,configs/train/r2g_train_0565.json,train,zealot_colossus_vs_terran_03,zealot_colossus_vs_terran,legacy_r2_1300,False,1,immediate,5.4791,NARROW,compact,narrow_same_side,4,6,600,400,1.5,strong_advantage,0.0,"{""COLOSSUS"": 1, ""ZEALOT"": 3}","{""MARAUDER"": 2, ""MARINE"": 4}",87f5e2d2321e87826c060eb9f1b03957aa7d9a3eaa5de0670c341595317d72fa
r2g_train_0566,configs/train/r2g_train_0566.json,train,zealot_colossus_vs_terran_03,zealot_colossus_vs_terran,legacy_r2_1300,False,2,immediate,5.5251,OCTAGON,split,diag_up,4,6,600,400,1.5,strong_advantage,0.0,"{""COLOSSUS"": 1, ""ZEALOT"": 3}","{""MARAUDER"": 2, ""MARINE"": 4}",6f3e0eee1ae67e5d677a9df9ebba90017cdc37502d9854ec00efc63f5dcc2902
r2g_train_0567,configs/train/r2g_train_0567.json,train,zealot_colossus_vs_terran_03,zealot_colossus_vs_terran,legacy_r2_1300,False,3,immediate,5.4172,SIMPLE,staggered,horizontal,4,6,600,400,1.5,strong_advantage,0.0,"{""COLOSSUS"": 1, ""ZEALOT"": 3}","{""MARAUDER"": 2, ""MARINE"": 4}",ea3a5c22d511664e997ca1bd158dfa8dc0c3a174313159f3f4b342ffb70fa0e6
r2g_train_0568,configs/train/r2g_train_0568.json,train,zealot_colossus_vs_terran_03,zealot_colossus_vs_terran,legacy_r2_1300,False,4,near,8.9633,NARROW,type_split,narrow_same_side,4,6,600,400,1.5,strong_advantage,0.0,"{""COLOSSUS"": 1, ""ZEALOT"": 3}","{""MARAUDER"": 2, ""MARINE"": 4}",c7dc3151c75057a39516bf0042d2d8c04eeb4aad50854939cd7cdad560125abf
r2g_train_0569,configs/train/r2g_train_0569.json,train,zealot_colossus_vs_terran_03,zealot_colossus_vs_terran,legacy_r2_1300,False,5,near,8.9311,OCTAGON,compact,vertical,4,6,600,400,1.5,strong_advantage,0.0,"{""COLOSSUS"": 1, ""ZEALOT"": 3}","{""MARAUDER"": 2, ""MARINE"": 4}",a84bac13b629e1bcde4bf8e630f67317d889a77c980beb2ab506d2dabf3c53c1
r2g_train_0570,configs/train/r2g_train_0570.json,train,zealot_colossus_vs_terran_03,zealot_colossus_vs_terran,legacy_r2_1300,False,6,near,8.9277,OCTAGON,split,diag_down,4,6,600,400,1.5,strong_advantage,0.0,"{""COLOSSUS"": 1, ""ZEALOT"": 3}","{""MARAUDER"": 2, ""MARINE"": 4}",8084fdbff7aa84f1049947ecaa56150969bcf2d20d092b2324e8a9bfad558e2c
r2g_train_0571,configs/train/r2g_train_0571.json,train,zealot_colossus_vs_terran_03,zealot_colossus_vs_terran,legacy_r2_1300,False,7,near,8.7605,NARROW,staggered,narrow_same_side,4,6,600,400,1.5,strong_advantage,0.0,"{""COLOSSUS"": 1, ""ZEALOT"": 3}","{""MARAUDER"": 2, ""MARINE"": 4}",5912571b2de976161ed567c8e821edb3dd8144ea3f49f7833a8ed6c1170dede9
r2g_train_0572,configs/train/r2g_train_0572.json,train,zealot_colossus_vs_terran_03,zealot_colossus_vs_terran,legacy_r2_1300,False,8,medium,12.6076,SIMPLE,type_split,horizontal,4,6,600,400,1.5,strong_advantage,0.0,"{""COLOSSUS"": 1, ""ZEALOT"": 3}","{""MARAUDER"": 2, ""MARINE"": 4}",70aea251f0feb9e62e65cb8d25c50c6eebe92869edc575f487f51ac67d639333
r2g_train_0573,configs/train/r2g_train_0573.json,train,zealot_colossus_vs_terran_03,zealot_colossus_vs_terran,legacy_r2_1300,False,9,medium,12.7091,OCTAGON,compact,diag_up,4,6,600,400,1.5,strong_advantage,0.0,"{""COLOSSUS"": 1, ""ZEALOT"": 3}","{""MARAUDER"": 2, ""MARINE"": 4}",78cb2940f723c684695685c40988b16f45d2dfc6d55bf67d3a9ab4cd15debe46
r2g_train_0574,configs/train/r2g_train_0574.json,train,zealot_colossus_vs_terran_03,zealot_colossus_vs_terran,legacy_r2_1300,False,10,medium,12.9625,NARROW,split,narrow_cross_gate,4,6,600,400,1.5,strong_advantage,0.0,"{""COLOSSUS"": 1, ""ZEALOT"": 3}","{""MARAUDER"": 2, ""MARINE"": 4}",98cdb49cbabe3840cbda1e58ad149877fe17fb83b80cbf774e1a71e9b7956094
r2g_train_0575,configs/train/r2g_train_0575.json,train,zealot_colossus_vs_terran_03,zealot_colossus_vs_terran,legacy_r2_1300,False,11,far,17.1968,SIMPLE,staggered,horizontal,4,6,600,400,1.5,strong_advantage,0.0,"{""COLOSSUS"": 1, ""ZEALOT"": 3}","{""MARAUDER"": 2, ""MARINE"": 4}",f333b65b803ab8cf852456ed3e51177c96865de75c9af31a08ca7f714dedc37d
r2g_train_0576,configs/train/r2g_train_0576.json,train,zealot_colossus_vs_terran_03,zealot_colossus_vs_terran,legacy_r2_1300,False,12,far,17.1595,SIMPLE,type_split,horizontal,4,6,600,400,1.5,strong_advantage,0.0,"{""COLOSSUS"": 1, ""ZEALOT"": 3}","{""MARAUDER"": 2, ""MARINE"": 4}",8838294175def36cb94f52d482ba1dd505c3ccd842068059fc97c275fdeb51da
r2g_train_0577,configs/train/r2g_train_0577.json,train,zealot_colossus_vs_terran_04,zealot_colossus_vs_terran,legacy_r2_1300,False,1,immediate,5.3439,NARROW,compact,narrow_same_side,5,8,900,550,1.6364,strong_advantage,0.0,"{""COLOSSUS"": 2, ""ZEALOT"": 3}","{""MARAUDER"": 3, ""MARINE"": 5}",06114a3ca0c86ccdc3db10984474ea8e70b05cedf4eac233756979b527817ff3
r2g_train_0578,configs/train/r2g_train_0578.json,train,zealot_colossus_vs_terran_04,zealot_colossus_vs_terran,legacy_r2_1300,False,2,immediate,5.4523,OCTAGON,split,diag_up,5,8,900,550,1.6364,strong_advantage,0.0,"{""COLOSSUS"": 2, ""ZEALOT"": 3}","{""MARAUDER"": 3, ""MARINE"": 5}",a5bc82b9bf461a29977e330a97ed9f09bb2c34887aefaaa2cb1131dc003cc1fd
r2g_train_0579,configs/train/r2g_train_0579.json,train,zealot_colossus_vs_terran_04,zealot_colossus_vs_terran,legacy_r2_1300,False,3,immediate,5.2776,SIMPLE,staggered,horizontal,5,8,900,550,1.6364,strong_advantage,0.0,"{""COLOSSUS"": 2, ""ZEALOT"": 3}","{""MARAUDER"": 3, ""MARINE"": 5}",a467554e6a257cfac23466ebbf92b45302ae41faf052b0418ee52c0c2601e897
r2g_train_0580,configs/train/r2g_train_0580.json,train,zealot_colossus_vs_terran_04,zealot_colossus_vs_terran,legacy_r2_1300,False,4,near,8.6218,NARROW,type_split,narrow_same_side,5,8,900,550,1.6364,strong_advantage,0.0,"{""COLOSSUS"": 2, ""ZEALOT"": 3}","{""MARAUDER"": 3, ""MARINE"": 5}",18839aa8d8bfc15b558150847875beceece2a85684a78e5baec7b7fc16dc0ac8
r2g_train_0581,configs/train/r2g_train_0581.json,train,zealot_colossus_vs_terran_04,zealot_colossus_vs_terran,legacy_r2_1300,False,5,near,8.6317,OCTAGON,compact,vertical,5,8,900,550,1.6364,strong_advantage,0.0,"{""COLOSSUS"": 2, ""ZEALOT"": 3}","{""MARAUDER"": 3, ""MARINE"": 5}",ebe3fb2fb60bc47ee73accc195e52a8941d7babaaf47acb9ea8591c5ced18173
r2g_train_0582,configs/train/r2g_train_0582.json,train,zealot_colossus_vs_terran_04,zealot_colossus_vs_terran,legacy_r2_1300,False,6,near,8.993,OCTAGON,split,diag_down,5,8,900,550,1.6364,strong_advantage,0.0,"{""COLOSSUS"": 2, ""ZEALOT"": 3}","{""MARAUDER"": 3, ""MARINE"": 5}",119f298dec5cffc147325c793477d7e452aace62eba097e9dddace78802273cb
r2g_train_0583,configs/train/r2g_train_0583.json,train,zealot_colossus_vs_terran_04,zealot_colossus_vs_terran,legacy_r2_1300,False,7,near,8.6153,NARROW,staggered,narrow_same_side,5,8,900,550,1.6364,strong_advantage,0.0,"{""COLOSSUS"": 2, ""ZEALOT"": 3}","{""MARAUDER"": 3, ""MARINE"": 5}",3a6bf7cb39271c2a807dac7f68a15a321791b1582bd9a8febf7b4644e5ab7ca0
r2g_train_0584,configs/train/r2g_train_0584.json,train,zealot_colossus_vs_terran_04,zealot_colossus_vs_terran,legacy_r2_1300,False,8,medium,12.8731,SIMPLE,type_split,horizontal,5,8,900,550,1.6364,strong_advantage,0.0,"{""COLOSSUS"": 2, ""ZEALOT"": 3}","{""MARAUDER"": 3, ""MARINE"": 5}",bdbef6ea73f90c5b0a70f5130ee892d7386eaf9f7bd5e82d1c2afcc3aba6f669
r2g_train_0585,configs/train/r2g_train_0585.json,train,zealot_colossus_vs_terran_04,zealot_colossus_vs_terran,legacy_r2_1300,False,9,medium,12.9147,OCTAGON,compact,diag_up,5,8,900,550,1.6364,strong_advantage,0.0,"{""COLOSSUS"": 2, ""ZEALOT"": 3}","{""MARAUDER"": 3, ""MARINE"": 5}",3346537f73eb3392d20f94ca3a943800e7d9228f116a2564371cdf3b8bef34fe
r2g_train_0586,configs/train/r2g_train_0586.json,train,zealot_colossus_vs_terran_04,zealot_colossus_vs_terran,legacy_r2_1300,False,10,medium,12.8445,NARROW,split,narrow_cross_gate,5,8,900,550,1.6364,strong_advantage,0.0,"{""COLOSSUS"": 2, ""ZEALOT"": 3}","{""MARAUDER"": 3, ""MARINE"": 5}",d9cab997e04d2b4751693eb411f3e91b31271edd166a3e5f374a2750c1a4b746
r2g_train_0587,configs/train/r2g_train_0587.json,train,zealot_colossus_vs_terran_04,zealot_colossus_vs_terran,legacy_r2_1300,False,11,far,17.0795,SIMPLE,staggered,horizontal,5,8,900,550,1.6364,strong_advantage,0.0,"{""COLOSSUS"": 2, ""ZEALOT"": 3}","{""MARAUDER"": 3, ""MARINE"": 5}",d9eddb431276370f52bbc5e993993ab0ee3adfb06f16983433dd0b5e5525ed33
r2g_train_0588,configs/train/r2g_train_0588.json,train,zealot_colossus_vs_terran_04,zealot_colossus_vs_terran,legacy_r2_1300,False,12,far,16.8726,SIMPLE,type_split,horizontal,5,8,900,550,1.6364,strong_advantage,0.0,"{""COLOSSUS"": 2, ""ZEALOT"": 3}","{""MARAUDER"": 3, ""MARINE"": 5}",fc20236bd734f99bbe904a74cff8c618926629d2fa8108c6b2dae8628d3ca794
r2g_train_0589,configs/train/r2g_train_0589.json,train,zealot_colossus_vs_terran_05,zealot_colossus_vs_terran,legacy_r2_1300,False,1,immediate,5.2827,NARROW,compact,narrow_same_side,6,9,1000,650,1.5385,strong_advantage,0.0,"{""COLOSSUS"": 2, ""ZEALOT"": 4}","{""MARAUDER"": 4, ""MARINE"": 5}",f138ab99adbf8b03ac6208418fac2bfa646fe65460853ee33bec1b4bfc81cdbf
r2g_train_0590,configs/train/r2g_train_0590.json,train,zealot_colossus_vs_terran_05,zealot_colossus_vs_terran,legacy_r2_1300,False,2,immediate,5.3395,OCTAGON,split,diag_up,6,9,1000,650,1.5385,strong_advantage,0.0,"{""COLOSSUS"": 2, ""ZEALOT"": 4}","{""MARAUDER"": 4, ""MARINE"": 5}",57a7cf871d649c696e483008305805a419d2c64b2ef5d8f5a16a07306e3928d9
r2g_train_0591,configs/train/r2g_train_0591.json,train,zealot_colossus_vs_terran_05,zealot_colossus_vs_terran,legacy_r2_1300,False,3,immediate,5.2212,SIMPLE,staggered,horizontal,6,9,1000,650,1.5385,strong_advantage,0.0,"{""COLOSSUS"": 2, ""ZEALOT"": 4}","{""MARAUDER"": 4, ""MARINE"": 5}",fa37932bf031ab0b2898116b8115b361ab2bc00d64e814fae42790452bd68878
r2g_train_0592,configs/train/r2g_train_0592.json,train,zealot_colossus_vs_terran_05,zealot_colossus_vs_terran,legacy_r2_1300,False,4,near,8.8932,NARROW,type_split,narrow_same_side,6,9,1000,650,1.5385,strong_advantage,0.0,"{""COLOSSUS"": 2, ""ZEALOT"": 4}","{""MARAUDER"": 4, ""MARINE"": 5}",d31b0d66796cab7dbb170a2fb1b57de16939cd8af7d0a024f8c3febd977f7e2e
r2g_train_0593,configs/train/r2g_train_0593.json,train,zealot_colossus_vs_terran_05,zealot_colossus_vs_terran,legacy_r2_1300,False,5,near,8.8256,OCTAGON,compact,vertical,6,9,1000,650,1.5385,strong_advantage,0.0,"{""COLOSSUS"": 2, ""ZEALOT"": 4}","{""MARAUDER"": 4, ""MARINE"": 5}",e9c0b0716c3813352f6cddec337526dfe8c05a2f6d612a7fedb2c5de0135c460
r2g_train_0594,configs/train/r2g_train_0594.json,train,zealot_colossus_vs_terran_05,zealot_colossus_vs_terran,legacy_r2_1300,False,6,near,8.8293,OCTAGON,split,diag_down,6,9,1000,650,1.5385,strong_advantage,0.0,"{""COLOSSUS"": 2, ""ZEALOT"": 4}","{""MARAUDER"": 4, ""MARINE"": 5}",6b838f9b5f2b70e4a85df3363ffd3db7dc0402f99b9ab1bcf3637ef5f5df87ed
r2g_train_0595,configs/train/r2g_train_0595.json,train,zealot_colossus_vs_terran_05,zealot_colossus_vs_terran,legacy_r2_1300,False,7,near,8.6419,NARROW,staggered,narrow_same_side,6,9,1000,650,1.5385,strong_advantage,0.0,"{""COLOSSUS"": 2, ""ZEALOT"": 4}","{""MARAUDER"": 4, ""MARINE"": 5}",86a04c1b7220849012cc35b175dcd183d900e547b082c94c5d742758567369d0
r2g_train_0596,configs/train/r2g_train_0596.json,train,zealot_colossus_vs_terran_05,zealot_colossus_vs_terran,legacy_r2_1300,False,8,medium,12.686,SIMPLE,type_split,horizontal,6,9,1000,650,1.5385,strong_advantage,0.0,"{""COLOSSUS"": 2, ""ZEALOT"": 4}","{""MARAUDER"": 4, ""MARINE"": 5}",c5daa475b9adc26e290ea3e38161cff4903ceec352d81e4c81bb8eee7921fb84
r2g_train_0597,configs/train/r2g_train_0597.json,train,zealot_colossus_vs_terran_05,zealot_colossus_vs_terran,legacy_r2_1300,False,9,medium,12.6901,OCTAGON,compact,diag_up,6,9,1000,650,1.5385,strong_advantage,0.0,"{""COLOSSUS"": 2, ""ZEALOT"": 4}","{""MARAUDER"": 4, ""MARINE"": 5}",f9e334f7938f706717c272f8d62aec59aad5f643f55df453955fb93111f3f79b
r2g_train_0598,configs/train/r2g_train_0598.json,train,zealot_colossus_vs_terran_05,zealot_colossus_vs_terran,legacy_r2_1300,False,10,medium,12.8631,NARROW,split,narrow_cross_gate,6,9,1000,650,1.5385,strong_advantage,0.0,"{""COLOSSUS"": 2, ""ZEALOT"": 4}","{""MARAUDER"": 4, ""MARINE"": 5}",397b48199bd3234cebe3b496ad095a2bcbbaff79cdf5920a1a467bd112ba5f92
r2g_train_0599,configs/train/r2g_train_0599.json,train,zealot_colossus_vs_terran_05,zealot_colossus_vs_terran,legacy_r2_1300,False,11,far,17.1314,SIMPLE,staggered,horizontal,6,9,1000,650,1.5385,strong_advantage,0.0,"{""COLOSSUS"": 2, ""ZEALOT"": 4}","{""MARAUDER"": 4, ""MARINE"": 5}",3ae5b76a2fc156cd3db7f6ce5f4ce4826212290f60ecc55fcdd83faccd871246
r2g_train_0600,configs/train/r2g_train_0600.json,train,zealot_colossus_vs_terran_05,zealot_colossus_vs_terran,legacy_r2_1300,False,12,far,17.0788,SIMPLE,type_split,horizontal,6,9,1000,650,1.5385,strong_advantage,0.0,"{""COLOSSUS"": 2, ""ZEALOT"": 4}","{""MARAUDER"": 4, ""MARINE"": 5}",9a07245da24c1f62acdb6b0f67bdd5257ce61bcbb4100883f0f55863bcb773db
r2g_train_0601,configs/train/r2g_train_0601.json,train,gen_marauder_mirror_01,marauder_mirror,general_v2,False,1,immediate,5.5182,NARROW,compact,narrow_same_side,2,2,200,200,1.0,balanced,0.681818,"{""MARAUDER"": 2}","{""MARAUDER"": 2}",5752c32ee9bcdb87c3aad3a1d76032a402b814554a7f8810e337afed53a39f49
r2g_train_0602,configs/train/r2g_train_0602.json,train,gen_marauder_mirror_01,marauder_mirror,general_v2,False,2,immediate,5.3241,OCTAGON,split,diag_up,2,2,200,200,1.0,balanced,0.681818,"{""MARAUDER"": 2}","{""MARAUDER"": 2}",daf33c0db5a5392206ffc7a026bcbdb93eb12cdba8be42151fab80b7f8bd14af
r2g_train_0603,configs/train/r2g_train_0603.json,train,gen_marauder_mirror_01,marauder_mirror,general_v2,False,3,immediate,5.4022,SIMPLE,staggered,horizontal,2,2,200,200,1.0,balanced,0.681818,"{""MARAUDER"": 2}","{""MARAUDER"": 2}",e2d3fa1e34477bc05d421b7692ad797e383aef9641e6ece365dfe10f506df38d
r2g_train_0604,configs/train/r2g_train_0604.json,train,gen_marauder_mirror_01,marauder_mirror,general_v2,False,4,near,8.8391,NARROW,type_split,narrow_same_side,2,2,200,200,1.0,balanced,0.681818,"{""MARAUDER"": 2}","{""MARAUDER"": 2}",6cef9af88096e4fa46e82176be2e0d59ef13c8dd31827a62db08cc085f26a669
r2g_train_0605,configs/train/r2g_train_0605.json,train,gen_marauder_mirror_01,marauder_mirror,general_v2,False,5,near,8.8441,OCTAGON,compact,vertical,2,2,200,200,1.0,balanced,0.681818,"{""MARAUDER"": 2}","{""MARAUDER"": 2}",692086b5141baf15f550838d93faf3b3f55db244fc434474e625f36e59bf140a
r2g_train_0606,configs/train/r2g_train_0606.json,train,gen_marauder_mirror_01,marauder_mirror,general_v2,False,6,near,8.8518,OCTAGON,split,diag_down,2,2,200,200,1.0,balanced,0.681818,"{""MARAUDER"": 2}","{""MARAUDER"": 2}",719932a910c7e95f3eaee54ed4e90a5f41ddaa490a84bed80630cab9cb689766
r2g_train_0607,configs/train/r2g_train_0607.json,train,gen_marauder_mirror_01,marauder_mirror,general_v2,False,7,near,8.9601,NARROW,staggered,narrow_same_side,2,2,200,200,1.0,balanced,0.681818,"{""MARAUDER"": 2}","{""MARAUDER"": 2}",6c9b11d0b436b94c83d33428bce25dc0c02894f2e7b37b8f020a8b937a0f4b1f
r2g_train_0608,configs/train/r2g_train_0608.json,train,gen_marauder_mirror_01,marauder_mirror,general_v2,False,8,medium,12.9251,SIMPLE,type_split,horizontal,2,2,200,200,1.0,balanced,0.681818,"{""MARAUDER"": 2}","{""MARAUDER"": 2}",c3a99777766567becd00a8c820950d21127143937cd30de19438ca4d7135ecee
r2g_train_0609,configs/train/r2g_train_0609.json,train,gen_marauder_mirror_01,marauder_mirror,general_v2,False,9,medium,12.9222,OCTAGON,compact,diag_up,2,2,200,200,1.0,balanced,0.681818,"{""MARAUDER"": 2}","{""MARAUDER"": 2}",8ddf60e10eb137b0c34dcaa9bf92f0f8a478e161fba3c72b89ec3def2b2028bd
r2g_train_0610,configs/train/r2g_train_0610.json,train,gen_marauder_mirror_01,marauder_mirror,general_v2,False,10,medium,12.6181,NARROW,split,narrow_cross_gate,2,2,200,200,1.0,balanced,0.681818,"{""MARAUDER"": 2}","{""MARAUDER"": 2}",839b947b55fde006c4dcd600ea1aeb18020322415217a30303a5d61eeacf6e85
r2g_train_0611,configs/train/r2g_train_0611.json,train,gen_marauder_mirror_01,marauder_mirror,general_v2,False,11,far,16.9551,SIMPLE,staggered,horizontal,2,2,200,200,1.0,balanced,0.681818,"{""MARAUDER"": 2}","{""MARAUDER"": 2}",7d8f1184e7b1d43631d60fd0b1187c9ae70d739c9f43cae9c17586c976337283
r2g_train_0612,configs/train/r2g_train_0612.json,train,gen_marauder_mirror_01,marauder_mirror,general_v2,False,12,far,17.0411,SIMPLE,type_split,horizontal,2,2,200,200,1.0,balanced,0.681818,"{""MARAUDER"": 2}","{""MARAUDER"": 2}",dfcce43b450c5d3b9c23c15791b208ac8e32d5b7f966a133d12f7a2aac609d42
r2g_train_0613,configs/train/r2g_train_0613.json,train,gen_marauder_mirror_02,marauder_mirror,general_v2,False,1,immediate,5.2672,NARROW,compact,narrow_same_side,4,4,400,400,1.0,balanced,0.681818,"{""MARAUDER"": 4}","{""MARAUDER"": 4}",da74a95f560cc20c4d8b3ee765b984c8390111a75c2b74597c93b38c6279af0d
r2g_train_0614,configs/train/r2g_train_0614.json,train,gen_marauder_mirror_02,marauder_mirror,general_v2,False,2,immediate,5.2505,OCTAGON,split,diag_up,4,4,400,400,1.0,balanced,0.681818,"{""MARAUDER"": 4}","{""MARAUDER"": 4}",2d8b24c1d37e362cb1e163640a70b29c4280ce9f059c2d130c37e0b0d76142fe
r2g_train_0615,configs/train/r2g_train_0615.json,train,gen_marauder_mirror_02,marauder_mirror,general_v2,False,3,immediate,5.4462,SIMPLE,staggered,horizontal,4,4,400,400,1.0,balanced,0.681818,"{""MARAUDER"": 4}","{""MARAUDER"": 4}",e706b61bb35836bc80a09a6033b6e4f7b384681b97422be1b743cb2ea09476d0
r2g_train_0616,configs/train/r2g_train_0616.json,train,gen_marauder_mirror_02,marauder_mirror,general_v2,False,4,near,8.7289,NARROW,type_split,narrow_same_side,4,4,400,400,1.0,balanced,0.681818,"{""MARAUDER"": 4}","{""MARAUDER"": 4}",dbdaa44ba5ea171131170f7361d00954047f6ebe6c7400302842c0c76e21d2a4
r2g_train_0617,configs/train/r2g_train_0617.json,train,gen_marauder_mirror_02,marauder_mirror,general_v2,False,5,near,8.7111,OCTAGON,compact,vertical,4,4,400,400,1.0,balanced,0.681818,"{""MARAUDER"": 4}","{""MARAUDER"": 4}",790b8f89a33d8f6721c1549973cd2dfd7722263b4b5e2d92d5fdc2f60ea28956
r2g_train_0618,configs/train/r2g_train_0618.json,train,gen_marauder_mirror_02,marauder_mirror,general_v2,False,6,near,8.6212,OCTAGON,split,diag_down,4,4,400,400,1.0,balanced,0.681818,"{""MARAUDER"": 4}","{""MARAUDER"": 4}",8ddbf42393820778173c296c7c4d4f2309220d319a7557c908f4a80893dfea30
r2g_train_0619,configs/train/r2g_train_0619.json,train,gen_marauder_mirror_02,marauder_mirror,general_v2,False,7,near,8.8361,NARROW,staggered,narrow_same_side,4,4,400,400,1.0,balanced,0.681818,"{""MARAUDER"": 4}","{""MARAUDER"": 4}",5dcc490ee63e65f3272bc7c389ad0ceb00af3ab63076551f3f9b957a4fd9b061
r2g_train_0620,configs/train/r2g_train_0620.json,train,gen_marauder_mirror_02,marauder_mirror,general_v2,False,8,medium,12.9391,SIMPLE,type_split,horizontal,4,4,400,400,1.0,balanced,0.681818,"{""MARAUDER"": 4}","{""MARAUDER"": 4}",969b5c55b3afa62c46399e0d70dba25c436dba52b8dc88403fb68cf82882592b
r2g_train_0621,configs/train/r2g_train_0621.json,train,gen_marauder_mirror_02,marauder_mirror,general_v2,False,9,medium,12.625,OCTAGON,compact,diag_up,4,4,400,400,1.0,balanced,0.681818,"{""MARAUDER"": 4}","{""MARAUDER"": 4}",393f1e39a9e6f51610000ec311aa204524ca5733bb366bf0a6d9b307517dda8b
r2g_train_0622,configs/train/r2g_train_0622.json,train,gen_marauder_mirror_02,marauder_mirror,general_v2,False,10,medium,12.6781,NARROW,split,narrow_cross_gate,4,4,400,400,1.0,balanced,0.681818,"{""MARAUDER"": 4}","{""MARAUDER"": 4}",3c472ce31400cfdd7d465c0fa2d90533639f5b1f582a47b0dffd8913e0122fa9
r2g_train_0623,configs/train/r2g_train_0623.json,train,gen_marauder_mirror_02,marauder_mirror,general_v2,False,11,far,17.1615,SIMPLE,staggered,horizontal,4,4,400,400,1.0,balanced,0.681818,"{""MARAUDER"": 4}","{""MARAUDER"": 4}",978fbe449673befe4b31d2307fc780bc282dc98f198f1c7160acf2338cf51b40
r2g_train_0624,configs/train/r2g_train_0624.json,train,gen_marauder_mirror_02,marauder_mirror,general_v2,False,12,far,17.1818,SIMPLE,type_split,horizontal,4,4,400,400,1.0,balanced,0.681818,"{""MARAUDER"": 4}","{""MARAUDER"": 4}",30245a0d923d323ea07b3dd8ddf37428246e81a558ec6e1cfe2ded9fc4c51c75
r2g_train_0625,configs/train/r2g_train_0625.json,train,gen_marauder_mirror_03,marauder_mirror,general_v2,False,1,immediate,5.3274,NARROW,compact,narrow_same_side,7,6,700,600,1.1667,moderate_advantage,0.378788,"{""MARAUDER"": 7}","{""MARAUDER"": 6}",6d4461fc5ff075724a9f908203de138b36d54cb92446eb52f755aaf91156c373
r2g_train_0626,configs/train/r2g_train_0626.json,train,gen_marauder_mirror_03,marauder_mirror,general_v2,False,2,immediate,5.2686,OCTAGON,split,diag_up,7,6,700,600,1.1667,moderate_advantage,0.378788,"{""MARAUDER"": 7}","{""MARAUDER"": 6}",6f80ccd0dab6fd88430ae97c7eac159bfdcc4e5befe062779fe7ebdf783dddf6
r2g_train_0627,configs/train/r2g_train_0627.json,train,gen_marauder_mirror_03,marauder_mirror,general_v2,False,3,immediate,5.579,SIMPLE,staggered,horizontal,7,6,700,600,1.1667,moderate_advantage,0.378788,"{""MARAUDER"": 7}","{""MARAUDER"": 6}",4bc190f7c736642e58d5882a1abd138ef20c310778c148c5aa311d1baf96dbae
r2g_train_0628,configs/train/r2g_train_0628.json,train,gen_marauder_mirror_03,marauder_mirror,general_v2,False,4,near,8.8101,NARROW,type_split,narrow_same_side,7,6,700,600,1.1667,moderate_advantage,0.378788,"{""MARAUDER"": 7}","{""MARAUDER"": 6}",6e0a4931afc7da5c441885201a8e72b71265ce9aaea19460bffdd238f8abc4bd
r2g_train_0629,configs/train/r2g_train_0629.json,train,gen_marauder_mirror_03,marauder_mirror,general_v2,False,5,near,8.9021,OCTAGON,compact,vertical,7,6,700,600,1.1667,moderate_advantage,0.378788,"{""MARAUDER"": 7}","{""MARAUDER"": 6}",ed89c5d833d1b53045a02925ae9a0c80b7c1de69d48b74ecb89cbb06439e8a7d
r2g_train_0630,configs/train/r2g_train_0630.json,train,gen_marauder_mirror_03,marauder_mirror,general_v2,False,6,near,8.8613,OCTAGON,split,diag_down,7,6,700,600,1.1667,moderate_advantage,0.378788,"{""MARAUDER"": 7}","{""MARAUDER"": 6}",4e61d4868d3aca9c5252096c60ce93344a22b8ab775ca78a0fa7df1beffdaa11
r2g_train_0631,configs/train/r2g_train_0631.json,train,gen_marauder_mirror_03,marauder_mirror,general_v2,False,7,near,8.9601,NARROW,staggered,narrow_same_side,7,6,700,600,1.1667,moderate_advantage,0.378788,"{""MARAUDER"": 7}","{""MARAUDER"": 6}",21237abfeb98b6d66fcef681f2a9285b1d0668e069f33d7e5c40f2a8be50f894
r2g_train_0632,configs/train/r2g_train_0632.json,train,gen_marauder_mirror_03,marauder_mirror,general_v2,False,8,medium,12.6732,SIMPLE,type_split,horizontal,7,6,700,600,1.1667,moderate_advantage,0.378788,"{""MARAUDER"": 7}","{""MARAUDER"": 6}",af66157dcf0088707bfec8fd0e29ccd287469cb3228cbc42607f37436f3d7807
r2g_train_0633,configs/train/r2g_train_0633.json,train,gen_marauder_mirror_03,marauder_mirror,general_v2,False,9,medium,12.6224,OCTAGON,compact,diag_up,7,6,700,600,1.1667,moderate_advantage,0.378788,"{""MARAUDER"": 7}","{""MARAUDER"": 6}",920dcf65cbd60e0313b09cb045baa30a72d4e3c4e56cba256ffb1f70214aa774
r2g_train_0634,configs/train/r2g_train_0634.json,train,gen_marauder_mirror_03,marauder_mirror,general_v2,False,10,medium,12.683,NARROW,split,narrow_cross_gate,7,6,700,600,1.1667,moderate_advantage,0.378788,"{""MARAUDER"": 7}","{""MARAUDER"": 6}",a1d620629227f65b4541a3ba93ee12b6f80cf91e004ed5d6409f6c1906b721e0
r2g_train_0635,configs/train/r2g_train_0635.json,train,gen_marauder_mirror_03,marauder_mirror,general_v2,False,11,far,17.093,SIMPLE,staggered,horizontal,7,6,700,600,1.1667,moderate_advantage,0.378788,"{""MARAUDER"": 7}","{""MARAUDER"": 6}",f696a8da00d7e3d65000fd91124ac6cf31fa374e096987ee96a5d2dd4288281f
r2g_train_0636,configs/train/r2g_train_0636.json,train,gen_marauder_mirror_03,marauder_mirror,general_v2,False,12,far,17.0537,SIMPLE,type_split,horizontal,7,6,700,600,1.1667,moderate_advantage,0.378788,"{""MARAUDER"": 7}","{""MARAUDER"": 6}",35d1ca91f7525a9857eb833d9539d89c8bd16d5b9d99b32642113b826cc2cb7b
r2g_train_0637,configs/train/r2g_train_0637.json,train,gen_marauder_mirror_04,marauder_mirror,general_v2,False,1,immediate,5.5339,NARROW,compact,narrow_same_side,9,7,900,700,1.2857,moderate_advantage,0.162338,"{""MARAUDER"": 9}","{""MARAUDER"": 7}",7fd4b714f6ee5932af9d9e1e89f68a026a3be68a2a51ec5209d4506e02bd42dc
r2g_train_0638,configs/train/r2g_train_0638.json,train,gen_marauder_mirror_04,marauder_mirror,general_v2,False,2,immediate,5.4466,OCTAGON,split,diag_up,9,7,900,700,1.2857,moderate_advantage,0.162338,"{""MARAUDER"": 9}","{""MARAUDER"": 7}",d577db60fa06bdb71eb54d1019d1c40188a3aa02d8d9ed4bc384d47fa8901348
r2g_train_0639,configs/train/r2g_train_0639.json,train,gen_marauder_mirror_04,marauder_mirror,general_v2,False,3,immediate,5.4551,SIMPLE,staggered,horizontal,9,7,900,700,1.2857,moderate_advantage,0.162338,"{""MARAUDER"": 9}","{""MARAUDER"": 7}",03d51b9b6112a7d4363d3d78804c29e579293f472552db67b3591c3623c2991c
r2g_train_0640,configs/train/r2g_train_0640.json,train,gen_marauder_mirror_04,marauder_mirror,general_v2,False,4,near,8.9881,NARROW,type_split,narrow_same_side,9,7,900,700,1.2857,moderate_advantage,0.162338,"{""MARAUDER"": 9}","{""MARAUDER"": 7}",c96ba6e3682b37f6db7b5a8f228b2f6aa25258179e594ecca2f1a7d4dee2392a
r2g_train_0641,configs/train/r2g_train_0641.json,train,gen_marauder_mirror_04,marauder_mirror,general_v2,False,5,near,8.8476,OCTAGON,compact,vertical,9,7,900,700,1.2857,moderate_advantage,0.162338,"{""MARAUDER"": 9}","{""MARAUDER"": 7}",20ef614083285a21ae852c0b3bdfea43e3724971bf2f356b907edd21f3fd5707
r2g_train_0642,configs/train/r2g_train_0642.json,train,gen_marauder_mirror_04,marauder_mirror,general_v2,False,6,near,8.9967,OCTAGON,split,diag_down,9,7,900,700,1.2857,moderate_advantage,0.162338,"{""MARAUDER"": 9}","{""MARAUDER"": 7}",886f2da069363a705f52909a73c1898f8417eb9d899195cc16eb8314e1b890a1
r2g_train_0643,configs/train/r2g_train_0643.json,train,gen_marauder_mirror_04,marauder_mirror,general_v2,False,7,near,8.9561,NARROW,staggered,narrow_same_side,9,7,900,700,1.2857,moderate_advantage,0.162338,"{""MARAUDER"": 9}","{""MARAUDER"": 7}",513f16ab87bf029c40f016d337bb039996e8c14594a60f1b16e33118e15888f3
r2g_train_0644,configs/train/r2g_train_0644.json,train,gen_marauder_mirror_04,marauder_mirror,general_v2,False,8,medium,12.9432,SIMPLE,type_split,horizontal,9,7,900,700,1.2857,moderate_advantage,0.162338,"{""MARAUDER"": 9}","{""MARAUDER"": 7}",17fb14e49fed0d0c635bc4808c755121e04fa7d7baf12b3737e6bb521fe50013
r2g_train_0645,configs/train/r2g_train_0645.json,train,gen_marauder_mirror_04,marauder_mirror,general_v2,False,9,medium,12.7636,OCTAGON,compact,diag_up,9,7,900,700,1.2857,moderate_advantage,0.162338,"{""MARAUDER"": 9}","{""MARAUDER"": 7}",65e495ccad2f6bfe8332a050876623fc1a0accf4d02090d5dff6e0d507bcbad7
r2g_train_0646,configs/train/r2g_train_0646.json,train,gen_marauder_mirror_04,marauder_mirror,general_v2,False,10,medium,12.7745,NARROW,split,narrow_cross_gate,9,7,900,700,1.2857,moderate_advantage,0.162338,"{""MARAUDER"": 9}","{""MARAUDER"": 7}",8668c5be07b0fc6685e2246a2f643c0d01f4f5331ca8368555d6e9ecccfa9f77
r2g_train_0647,configs/train/r2g_train_0647.json,train,gen_marauder_mirror_04,marauder_mirror,general_v2,False,11,far,17.1745,SIMPLE,staggered,horizontal,9,7,900,700,1.2857,moderate_advantage,0.162338,"{""MARAUDER"": 9}","{""MARAUDER"": 7}",84419b260cd6831625472436f325b014ff7e0fc6fb67964d20e07ab410683d07
r2g_train_0648,configs/train/r2g_train_0648.json,train,gen_marauder_mirror_04,marauder_mirror,general_v2,False,12,far,17.0637,SIMPLE,type_split,horizontal,9,7,900,700,1.2857,moderate_advantage,0.162338,"{""MARAUDER"": 9}","{""MARAUDER"": 7}",464e1b9f7200b896d89284b0c31c00eaa6b9196631a8820e0d2f6c038f5c328f
r2g_train_0649,configs/train/r2g_train_0649.json,train,gen_marauder_mirror_05,marauder_mirror,general_v2,False,1,immediate,5.2664,NARROW,compact,narrow_same_side,9,6,900,600,1.5,strong_advantage,0.0,"{""MARAUDER"": 9}","{""MARAUDER"": 6}",38de8fdfe532acf7fd0866de7ef004138f733525aa71af97a1eb1082cdc4710a
r2g_train_0650,configs/train/r2g_train_0650.json,train,gen_marauder_mirror_05,marauder_mirror,general_v2,False,2,immediate,5.2418,OCTAGON,split,diag_up,9,6,900,600,1.5,strong_advantage,0.0,"{""MARAUDER"": 9}","{""MARAUDER"": 6}",8e1f7af628b1df2aa99bf09423e70b0328b8f553367b1c031d21b7be6bfc691a
r2g_train_0651,configs/train/r2g_train_0651.json,train,gen_marauder_mirror_05,marauder_mirror,general_v2,False,3,immediate,5.458,SIMPLE,staggered,horizontal,9,6,900,600,1.5,strong_advantage,0.0,"{""MARAUDER"": 9}","{""MARAUDER"": 6}",2a8887066c1a6ba4bebb0f48c6c01650d0b3c3c507467d5abcede20419e6df55
r2g_train_0652,configs/train/r2g_train_0652.json,train,gen_marauder_mirror_05,marauder_mirror,general_v2,False,4,near,8.6721,NARROW,type_split,narrow_same_side,9,6,900,600,1.5,strong_advantage,0.0,"{""MARAUDER"": 9}","{""MARAUDER"": 6}",6ac500f3ef4011ced5857e038c84f5e93c0ba46ecb8de1eafd16840c807723f1
r2g_train_0653,configs/train/r2g_train_0653.json,train,gen_marauder_mirror_05,marauder_mirror,general_v2,False,5,near,8.8931,OCTAGON,compact,vertical,9,6,900,600,1.5,strong_advantage,0.0,"{""MARAUDER"": 9}","{""MARAUDER"": 6}",7267be86da1fb9ffbdbf50b00a7ee21a103fa32601ce7605720c67c1fad49d54
r2g_train_0654,configs/train/r2g_train_0654.json,train,gen_marauder_mirror_05,marauder_mirror,general_v2,False,6,near,8.6594,OCTAGON,split,diag_down,9,6,900,600,1.5,strong_advantage,0.0,"{""MARAUDER"": 9}","{""MARAUDER"": 6}",bbe58976dd90ba8aed72bb31b1ccde6fa42270d030580ba0be4188012fc358a0
r2g_train_0655,configs/train/r2g_train_0655.json,train,gen_marauder_mirror_05,marauder_mirror,general_v2,False,7,near,8.6421,NARROW,staggered,narrow_same_side,9,6,900,600,1.5,strong_advantage,0.0,"{""MARAUDER"": 9}","{""MARAUDER"": 6}",cbc13aa1622343535d70cffb6e9763b0bec5393c6d7e526c63c4b5efd377e60a
r2g_train_0656,configs/train/r2g_train_0656.json,train,gen_marauder_mirror_05,marauder_mirror,general_v2,False,8,medium,12.6545,SIMPLE,type_split,horizontal,9,6,900,600,1.5,strong_advantage,0.0,"{""MARAUDER"": 9}","{""MARAUDER"": 6}",143b7dfaea6bdbbbac4ac986f8be806a9f1035909d6e170258662939ef0e891b
r2g_train_0657,configs/train/r2g_train_0657.json,train,gen_marauder_mirror_05,marauder_mirror,general_v2,False,9,medium,12.784,OCTAGON,compact,diag_up,9,6,900,600,1.5,strong_advantage,0.0,"{""MARAUDER"": 9}","{""MARAUDER"": 6}",78edc0e3cb6286b67c5fab10d93387998986b608488334479f832ef5c58fca9f
r2g_train_0658,configs/train/r2g_train_0658.json,train,gen_marauder_mirror_05,marauder_mirror,general_v2,False,10,medium,12.7461,NARROW,split,narrow_cross_gate,9,6,900,600,1.5,strong_advantage,0.0,"{""MARAUDER"": 9}","{""MARAUDER"": 6}",af1f450ed95fb7457b7023acc91f82e65bd277ff56c75cce9b4314c80c7b418d
r2g_train_0659,configs/train/r2g_train_0659.json,train,gen_marauder_mirror_05,marauder_mirror,general_v2,False,11,far,16.8074,SIMPLE,staggered,horizontal,9,6,900,600,1.5,strong_advantage,0.0,"{""MARAUDER"": 9}","{""MARAUDER"": 6}",457337c6006d0a22ef2cf2f73ac9fd50a1a8e2f799f6248424dfbf44fd3c80ee
r2g_train_0660,configs/train/r2g_train_0660.json,train,gen_marauder_mirror_05,marauder_mirror,general_v2,False,12,far,17.0119,SIMPLE,type_split,horizontal,9,6,900,600,1.5,strong_advantage,0.0,"{""MARAUDER"": 9}","{""MARAUDER"": 6}",a779aff492c887607e6e33772c31006216be16331faade593827241895594524
r2g_train_0661,configs/train/r2g_train_0661.json,train,gen_zealot_mirror_01,zealot_mirror,general_v2,False,1,immediate,5.3752,NARROW,compact,narrow_same_side,2,2,200,200,1.0,balanced,0.681818,"{""ZEALOT"": 2}","{""ZEALOT"": 2}",9caaa8132fc516015b1bae3d50dc0fa42afd6070055c76d76ca58bdb82abf692
r2g_train_0662,configs/train/r2g_train_0662.json,train,gen_zealot_mirror_01,zealot_mirror,general_v2,False,2,immediate,5.5732,OCTAGON,split,diag_up,2,2,200,200,1.0,balanced,0.681818,"{""ZEALOT"": 2}","{""ZEALOT"": 2}",c8901a6ec3ce1debc0bba4c777cbec70c47a3ab0154c1761bfeb0cd788b4cb3f
r2g_train_0663,configs/train/r2g_train_0663.json,train,gen_zealot_mirror_01,zealot_mirror,general_v2,False,3,immediate,5.5972,SIMPLE,staggered,horizontal,2,2,200,200,1.0,balanced,0.681818,"{""ZEALOT"": 2}","{""ZEALOT"": 2}",e0fd78b83d1449d0baf746ddc45ebde9ce8033db22efaabe3eb7b9c473649326
r2g_train_0664,configs/train/r2g_train_0664.json,train,gen_zealot_mirror_01,zealot_mirror,general_v2,False,4,near,8.8231,NARROW,type_split,narrow_same_side,2,2,200,200,1.0,balanced,0.681818,"{""ZEALOT"": 2}","{""ZEALOT"": 2}",161e6f1223f0df05ee79b71dc6da585168b7f7a78afa03d4884c06714a3bc5bd
r2g_train_0665,configs/train/r2g_train_0665.json,train,gen_zealot_mirror_01,zealot_mirror,general_v2,False,5,near,8.9201,OCTAGON,compact,vertical,2,2,200,200,1.0,balanced,0.681818,"{""ZEALOT"": 2}","{""ZEALOT"": 2}",14660600a1c1790f02b5b81a95fd04c44a5683a32b69338547327e18420dac37
r2g_train_0666,configs/train/r2g_train_0666.json,train,gen_zealot_mirror_01,zealot_mirror,general_v2,False,6,near,8.609,OCTAGON,split,diag_down,2,2,200,200,1.0,balanced,0.681818,"{""ZEALOT"": 2}","{""ZEALOT"": 2}",bff4196c5299811155151b254c27bfd644c5acbe1660ff77106e56f9799a0742
r2g_train_0667,configs/train/r2g_train_0667.json,train,gen_zealot_mirror_01,zealot_mirror,general_v2,False,7,near,8.7231,NARROW,staggered,narrow_same_side,2,2,200,200,1.0,balanced,0.681818,"{""ZEALOT"": 2}","{""ZEALOT"": 2}",bda4063e20294aa90be15ee7ac37dfa32a6d66aef6957b30b37809d943af2cf6
r2g_train_0668,configs/train/r2g_train_0668.json,train,gen_zealot_mirror_01,zealot_mirror,general_v2,False,8,medium,12.8191,SIMPLE,type_split,horizontal,2,2,200,200,1.0,balanced,0.681818,"{""ZEALOT"": 2}","{""ZEALOT"": 2}",7dffd9e0307203a58dcc9ba2904350a9d6e37aaddceb5ba8c51507c99162d9d2
r2g_train_0669,configs/train/r2g_train_0669.json,train,gen_zealot_mirror_01,zealot_mirror,general_v2,False,9,medium,12.8691,OCTAGON,compact,diag_up,2,2,200,200,1.0,balanced,0.681818,"{""ZEALOT"": 2}","{""ZEALOT"": 2}",daf60a0e296c800fe4f04aa1794ad8e8e7dd2cd5d27fdbbf2f246022a68d9b09
r2g_train_0670,configs/train/r2g_train_0670.json,train,gen_zealot_mirror_01,zealot_mirror,general_v2,False,10,medium,12.6571,NARROW,split,narrow_cross_gate,2,2,200,200,1.0,balanced,0.681818,"{""ZEALOT"": 2}","{""ZEALOT"": 2}",d525266a6654b715a7c847ae0b1128c96e8ffb73bc0979cb41495d9797ef97ea
r2g_train_0671,configs/train/r2g_train_0671.json,train,gen_zealot_mirror_01,zealot_mirror,general_v2,False,11,far,17.1101,SIMPLE,staggered,horizontal,2,2,200,200,1.0,balanced,0.681818,"{""ZEALOT"": 2}","{""ZEALOT"": 2}",a4848842c104c73f81ca07c6e87a8b42fbc868a01566cadacaa0563cedfb457c
r2g_train_0672,configs/train/r2g_train_0672.json,train,gen_zealot_mirror_01,zealot_mirror,general_v2,False,12,far,16.9441,SIMPLE,type_split,horizontal,2,2,200,200,1.0,balanced,0.681818,"{""ZEALOT"": 2}","{""ZEALOT"": 2}",856623cdca8fe584a3c57626bfe6b01c0eec83084f2248ea732616d9c42d0462
r2g_train_0673,configs/train/r2g_train_0673.json,train,gen_zealot_mirror_02,zealot_mirror,general_v2,False,1,immediate,5.3242,NARROW,compact,narrow_same_side,4,4,400,400,1.0,balanced,0.681818,"{""ZEALOT"": 4}","{""ZEALOT"": 4}",4135396e3ee956c2540ed7c3b13c80b28722d914587c7fc7c085538cf2ec8fb5
r2g_train_0674,configs/train/r2g_train_0674.json,train,gen_zealot_mirror_02,zealot_mirror,general_v2,False,2,immediate,5.4964,OCTAGON,split,diag_up,4,4,400,400,1.0,balanced,0.681818,"{""ZEALOT"": 4}","{""ZEALOT"": 4}",5bb71e0b998c54d7109945ee780cc7349ba3cfa425dc7e1b639bbb69d22704a2
r2g_train_0675,configs/train/r2g_train_0675.json,train,gen_zealot_mirror_02,zealot_mirror,general_v2,False,3,immediate,5.4922,SIMPLE,staggered,horizontal,4,4,400,400,1.0,balanced,0.681818,"{""ZEALOT"": 4}","{""ZEALOT"": 4}",1085234dcbef4623d55f51dd646203e655a65160bcf3a5014e779d5fb020cd63
r2g_train_0676,configs/train/r2g_train_0676.json,train,gen_zealot_mirror_02,zealot_mirror,general_v2,False,4,near,8.6225,NARROW,type_split,narrow_same_side,4,4,400,400,1.0,balanced,0.681818,"{""ZEALOT"": 4}","{""ZEALOT"": 4}",3739594b19fc0dd89466ffeb7d7bb1e6f2a303f654b9a0fc73046dcbc09f99f8
r2g_train_0677,configs/train/r2g_train_0677.json,train,gen_zealot_mirror_02,zealot_mirror,general_v2,False,5,near,8.8871,OCTAGON,compact,vertical,4,4,400,400,1.0,balanced,0.681818,"{""ZEALOT"": 4}","{""ZEALOT"": 4}",f54d36c1c230413e0c2f4b79d2a2f207ca4f17d772bdba2cee7b10bca2f1a2c9
r2g_train_0678,configs/train/r2g_train_0678.json,train,gen_zealot_mirror_02,zealot_mirror,general_v2,False,6,near,8.9637,OCTAGON,split,diag_down,4,4,400,400,1.0,balanced,0.681818,"{""ZEALOT"": 4}","{""ZEALOT"": 4}",2e5d804248ec4049cb43243ef4afe05a5121ed3ac86ba02bc4ddb43e016bdc23
r2g_train_0679,configs/train/r2g_train_0679.json,train,gen_zealot_mirror_02,zealot_mirror,general_v2,False,7,near,8.8521,NARROW,staggered,narrow_same_side,4,4,400,400,1.0,balanced,0.681818,"{""ZEALOT"": 4}","{""ZEALOT"": 4}",b55364dce1766114edf868a406e4286bf260ba21a9e443b3ba2d481e8d5fda9e
r2g_train_0680,configs/train/r2g_train_0680.json,train,gen_zealot_mirror_02,zealot_mirror,general_v2,False,8,medium,12.8883,SIMPLE,type_split,horizontal,4,4,400,400,1.0,balanced,0.681818,"{""ZEALOT"": 4}","{""ZEALOT"": 4}",1ba6005d577b1c41e075f71644a39c1d056d95e52f3fc1ec4b58930df3b3be16
r2g_train_0681,configs/train/r2g_train_0681.json,train,gen_zealot_mirror_02,zealot_mirror,general_v2,False,9,medium,12.8563,OCTAGON,compact,diag_up,4,4,400,400,1.0,balanced,0.681818,"{""ZEALOT"": 4}","{""ZEALOT"": 4}",d88ef84c8fa32945351a7993ac7ad526c8b64cf56b2e8618bb5be90c3fbf6a6f
r2g_train_0682,configs/train/r2g_train_0682.json,train,gen_zealot_mirror_02,zealot_mirror,general_v2,False,10,medium,12.9811,NARROW,split,narrow_cross_gate,4,4,400,400,1.0,balanced,0.681818,"{""ZEALOT"": 4}","{""ZEALOT"": 4}",7eb6fbc1cef9f08781404ce50861830943560d595bd8fb06e4ec1931a838b955
r2g_train_0683,configs/train/r2g_train_0683.json,train,gen_zealot_mirror_02,zealot_mirror,general_v2,False,11,far,17.1905,SIMPLE,staggered,horizontal,4,4,400,400,1.0,balanced,0.681818,"{""ZEALOT"": 4}","{""ZEALOT"": 4}",655fbc49d61a4d91f89c53c9cf112e96f9c16b78deb63ba255a6d71dcb29126e
r2g_train_0684,configs/train/r2g_train_0684.json,train,gen_zealot_mirror_02,zealot_mirror,general_v2,False,12,far,17.0889,SIMPLE,type_split,horizontal,4,4,400,400,1.0,balanced,0.681818,"{""ZEALOT"": 4}","{""ZEALOT"": 4}",cf5f6b97f622e7def7fae7312d0d915cbaf208ffc43fada2b129203f4dcc8128
r2g_train_0685,configs/train/r2g_train_0685.json,train,gen_zealot_mirror_03,zealot_mirror,general_v2,False,1,immediate,5.3489,NARROW,compact,narrow_same_side,7,6,700,600,1.1667,moderate_advantage,0.378788,"{""ZEALOT"": 7}","{""ZEALOT"": 6}",62c6c436145a3b9f1dc4f632a9a2b3b3a634b12a14ea5f70296dd39040965ec5
r2g_train_0686,configs/train/r2g_train_0686.json,train,gen_zealot_mirror_03,zealot_mirror,general_v2,False,2,immediate,5.4476,OCTAGON,split,diag_up,7,6,700,600,1.1667,moderate_advantage,0.378788,"{""ZEALOT"": 7}","{""ZEALOT"": 6}",44579cf0c01c3a3ceb7cb796047284fb48a3a164c986b8291d39711a0327de2a
r2g_train_0687,configs/train/r2g_train_0687.json,train,gen_zealot_mirror_03,zealot_mirror,general_v2,False,3,immediate,5.233,SIMPLE,staggered,horizontal,7,6,700,600,1.1667,moderate_advantage,0.378788,"{""ZEALOT"": 7}","{""ZEALOT"": 6}",5906925c5bb0e201471375c357a389c0cf7b7fc3f782c0858e36ad8275ac78d9
r2g_train_0688,configs/train/r2g_train_0688.json,train,gen_zealot_mirror_03,zealot_mirror,general_v2,False,4,near,8.9991,NARROW,type_split,narrow_same_side,7,6,700,600,1.1667,moderate_advantage,0.378788,"{""ZEALOT"": 7}","{""ZEALOT"": 6}",bc060bdfdf802ed8cd4a4b41f8786c932d9becdf8a70cde6550761ca1751f14c
r2g_train_0689,configs/train/r2g_train_0689.json,train,gen_zealot_mirror_03,zealot_mirror,general_v2,False,5,near,8.8956,OCTAGON,compact,vertical,7,6,700,600,1.1667,moderate_advantage,0.378788,"{""ZEALOT"": 7}","{""ZEALOT"": 6}",a93728ce2eee63982da864ba7035b36d76bea250776b3b3e0f813c56ba7ea87b
r2g_train_0690,configs/train/r2g_train_0690.json,train,gen_zealot_mirror_03,zealot_mirror,general_v2,False,6,near,8.7067,OCTAGON,split,diag_down,7,6,700,600,1.1667,moderate_advantage,0.378788,"{""ZEALOT"": 7}","{""ZEALOT"": 6}",2582288880b208e561fc1d6a2a02976f43ff98235cb5b00637d082cd8dd46ac6
r2g_train_0691,configs/train/r2g_train_0691.json,train,gen_zealot_mirror_03,zealot_mirror,general_v2,False,7,near,8.9341,NARROW,staggered,narrow_same_side,7,6,700,600,1.1667,moderate_advantage,0.378788,"{""ZEALOT"": 7}","{""ZEALOT"": 6}",959f2339e7a9dd9e1751ec6ad3369831979815a1d5710ef9ca8967a244c6ed88
r2g_train_0692,configs/train/r2g_train_0692.json,train,gen_zealot_mirror_03,zealot_mirror,general_v2,False,8,medium,12.9827,SIMPLE,type_split,horizontal,7,6,700,600,1.1667,moderate_advantage,0.378788,"{""ZEALOT"": 7}","{""ZEALOT"": 6}",107120efb3356396123f8f07da634aecbbb1dc2c38af1f375b8516491a837711
r2g_train_0693,configs/train/r2g_train_0693.json,train,gen_zealot_mirror_03,zealot_mirror,general_v2,False,9,medium,12.92,OCTAGON,compact,diag_up,7,6,700,600,1.1667,moderate_advantage,0.378788,"{""ZEALOT"": 7}","{""ZEALOT"": 6}",c133daa688783aadf5e8aff40c1a960b267f29371bcc0d2fef347b7533720a4b
r2g_train_0694,configs/train/r2g_train_0694.json,train,gen_zealot_mirror_03,zealot_mirror,general_v2,False,10,medium,12.719,NARROW,split,narrow_cross_gate,7,6,700,600,1.1667,moderate_advantage,0.378788,"{""ZEALOT"": 7}","{""ZEALOT"": 6}",940a22daf3ec54df4613a280ce1f22a30715f608a9818856efd28f06aa03e63b
r2g_train_0695,configs/train/r2g_train_0695.json,train,gen_zealot_mirror_03,zealot_mirror,general_v2,False,11,far,17.0915,SIMPLE,staggered,horizontal,7,6,700,600,1.1667,moderate_advantage,0.378788,"{""ZEALOT"": 7}","{""ZEALOT"": 6}",4575dcaa0929987eefc1770c89ff71d84612eb6f69e5620d4668931888ab255e
r2g_train_0696,configs/train/r2g_train_0696.json,train,gen_zealot_mirror_03,zealot_mirror,general_v2,False,12,far,17.0886,SIMPLE,type_split,horizontal,7,6,700,600,1.1667,moderate_advantage,0.378788,"{""ZEALOT"": 7}","{""ZEALOT"": 6}",2f61fbf4819cc5a51bd6e519efcecf7632d5d52d7da7023de925a73f9144b394
r2g_train_0697,configs/train/r2g_train_0697.json,train,gen_zealot_mirror_04,zealot_mirror,general_v2,False,1,immediate,5.4379,NARROW,compact,narrow_same_side,9,7,900,700,1.2857,moderate_advantage,0.162338,"{""ZEALOT"": 9}","{""ZEALOT"": 7}",09dd6e629351bc01b7ac19eaf13709046dc7025f1808438b8aa7b45fe499a44a
r2g_train_0698,configs/train/r2g_train_0698.json,train,gen_zealot_mirror_04,zealot_mirror,general_v2,False,2,immediate,5.2246,OCTAGON,split,diag_up,9,7,900,700,1.2857,moderate_advantage,0.162338,"{""ZEALOT"": 9}","{""ZEALOT"": 7}",6614bd4ad7007c2046574e7aada85005e5ddcd02a6f143b4ae6574f57e9bfa46
r2g_train_0699,configs/train/r2g_train_0699.json,train,gen_zealot_mirror_04,zealot_mirror,general_v2,False,3,immediate,5.4099,SIMPLE,staggered,horizontal,9,7,900,700,1.2857,moderate_advantage,0.162338,"{""ZEALOT"": 9}","{""ZEALOT"": 7}",2dbdd92ec100dd296832ba0a647a1ae5c90a4b75c9619424e171bec66f86f94c
r2g_train_0700,configs/train/r2g_train_0700.json,train,gen_zealot_mirror_04,zealot_mirror,general_v2,False,4,near,8.7731,NARROW,type_split,narrow_same_side,9,7,900,700,1.2857,moderate_advantage,0.162338,"{""ZEALOT"": 9}","{""ZEALOT"": 7}",b53c63fe2c69021229b64c067c30c41aba5be126df3be33ca6a7840d19c8d5e5
r2g_train_0701,configs/train/r2g_train_0701.json,train,gen_zealot_mirror_04,zealot_mirror,general_v2,False,5,near,8.6556,OCTAGON,compact,vertical,9,7,900,700,1.2857,moderate_advantage,0.162338,"{""ZEALOT"": 9}","{""ZEALOT"": 7}",1dea635056ac9aac38c74da549096b57905d5ee36e042cf23e34dee515050fbf
r2g_train_0702,configs/train/r2g_train_0702.json,train,gen_zealot_mirror_04,zealot_mirror,general_v2,False,6,near,8.968,OCTAGON,split,diag_down,9,7,900,700,1.2857,moderate_advantage,0.162338,"{""ZEALOT"": 9}","{""ZEALOT"": 7}",4d57171111f6e9173cb3ca9dc28baf8cdb4c769d9343472ad8e588a9a50d4b03
r2g_train_0703,configs/train/r2g_train_0703.json,train,gen_zealot_mirror_04,zealot_mirror,general_v2,False,7,near,8.9241,NARROW,staggered,narrow_same_side,9,7,900,700,1.2857,moderate_advantage,0.162338,"{""ZEALOT"": 9}","{""ZEALOT"": 7}",395b3db7c872f62a527c7205378d9ea6946ca5ae0fe235947af89a70b7d578b3
r2g_train_0704,configs/train/r2g_train_0704.json,train,gen_zealot_mirror_04,zealot_mirror,general_v2,False,8,medium,12.9009,SIMPLE,type_split,horizontal,9,7,900,700,1.2857,moderate_advantage,0.162338,"{""ZEALOT"": 9}","{""ZEALOT"": 7}",2cc5165cb3d0fd5c3c35c5b5dee50e71de6b765a79b1a9e5e1009070fedb2ae4
r2g_train_0705,configs/train/r2g_train_0705.json,train,gen_zealot_mirror_04,zealot_mirror,general_v2,False,9,medium,12.6175,OCTAGON,compact,diag_up,9,7,900,700,1.2857,moderate_advantage,0.162338,"{""ZEALOT"": 9}","{""ZEALOT"": 7}",d5552519a96ea9db119b9c5bd9eff5a8ed7b35f6ff7c82e012cb0ecb5e7f5bfe
r2g_train_0706,configs/train/r2g_train_0706.json,train,gen_zealot_mirror_04,zealot_mirror,general_v2,False,10,medium,12.62,NARROW,split,narrow_cross_gate,9,7,900,700,1.2857,moderate_advantage,0.162338,"{""ZEALOT"": 9}","{""ZEALOT"": 7}",3b28fb24a5146485f80604daf7f652fb512b7782235954c089ce16b06c1b01ed
r2g_train_0707,configs/train/r2g_train_0707.json,train,gen_zealot_mirror_04,zealot_mirror,general_v2,False,11,far,17.1078,SIMPLE,staggered,horizontal,9,7,900,700,1.2857,moderate_advantage,0.162338,"{""ZEALOT"": 9}","{""ZEALOT"": 7}",d09b20757d60f8500d313cc9db940cb3e4ec96bec7f727af055431d70410feaf
r2g_train_0708,configs/train/r2g_train_0708.json,train,gen_zealot_mirror_04,zealot_mirror,general_v2,False,12,far,17.0849,SIMPLE,type_split,horizontal,9,7,900,700,1.2857,moderate_advantage,0.162338,"{""ZEALOT"": 9}","{""ZEALOT"": 7}",7427ef166b71c1668b34d9e47aab0768099b4c1325f7a74887415524d01e7c61
r2g_train_0709,configs/train/r2g_train_0709.json,train,gen_zealot_mirror_05,zealot_mirror,general_v2,False,1,immediate,5.5629,NARROW,compact,narrow_same_side,9,6,900,600,1.5,strong_advantage,0.0,"{""ZEALOT"": 9}","{""ZEALOT"": 6}",daf4f54762cc5431807879b3ffd94234c8da87e87c10803be616131ceab7e784
r2g_train_0710,configs/train/r2g_train_0710.json,train,gen_zealot_mirror_05,zealot_mirror,general_v2,False,2,immediate,5.491,OCTAGON,split,diag_up,9,6,900,600,1.5,strong_advantage,0.0,"{""ZEALOT"": 9}","{""ZEALOT"": 6}",630ed9cb4c605110ac3b06fe2e89910f1748f958e13bbb2ad09d9a13f39e9c3a
r2g_train_0711,configs/train/r2g_train_0711.json,train,gen_zealot_mirror_05,zealot_mirror,general_v2,False,3,immediate,5.261,SIMPLE,staggered,horizontal,9,6,900,600,1.5,strong_advantage,0.0,"{""ZEALOT"": 9}","{""ZEALOT"": 6}",cd49e06bd315bafe36eddc6ddba1606d836b7717a9a215c19d6e090550ba64b3
r2g_train_0712,configs/train/r2g_train_0712.json,train,gen_zealot_mirror_05,zealot_mirror,general_v2,False,4,near,8.6861,NARROW,type_split,narrow_same_side,9,6,900,600,1.5,strong_advantage,0.0,"{""ZEALOT"": 9}","{""ZEALOT"": 6}",4d122e04760726df60b6154d8aaef949ee7513678e9cc594c398f411c7b00f35
r2g_train_0713,configs/train/r2g_train_0713.json,train,gen_zealot_mirror_05,zealot_mirror,general_v2,False,5,near,8.7156,OCTAGON,compact,vertical,9,6,900,600,1.5,strong_advantage,0.0,"{""ZEALOT"": 9}","{""ZEALOT"": 6}",2026ac559e19d15e7114641198ca478a118ac9123607d9c0933947cf5181b8bf
r2g_train_0714,configs/train/r2g_train_0714.json,train,gen_zealot_mirror_05,zealot_mirror,general_v2,False,6,near,8.6674,OCTAGON,split,diag_down,9,6,900,600,1.5,strong_advantage,0.0,"{""ZEALOT"": 9}","{""ZEALOT"": 6}",2b739fc1e12df595191e648e0447b17fccd86700296a03fe36059ec2e8862a17
r2g_train_0715,configs/train/r2g_train_0715.json,train,gen_zealot_mirror_05,zealot_mirror,general_v2,False,7,near,8.7241,NARROW,staggered,narrow_same_side,9,6,900,600,1.5,strong_advantage,0.0,"{""ZEALOT"": 9}","{""ZEALOT"": 6}",854f42c355e24cc658741f93062326d92167bc7795edea0b69e5cb86ce7ffaa3
r2g_train_0716,configs/train/r2g_train_0716.json,train,gen_zealot_mirror_05,zealot_mirror,general_v2,False,8,medium,12.9975,SIMPLE,type_split,horizontal,9,6,900,600,1.5,strong_advantage,0.0,"{""ZEALOT"": 9}","{""ZEALOT"": 6}",19b9b6ce955d3439502e248771b93d628cf6a09421b9320550463dded2d2a08f
r2g_train_0717,configs/train/r2g_train_0717.json,train,gen_zealot_mirror_05,zealot_mirror,general_v2,False,9,medium,12.72,OCTAGON,compact,diag_up,9,6,900,600,1.5,strong_advantage,0.0,"{""ZEALOT"": 9}","{""ZEALOT"": 6}",ade45c2adb13d68ba01a5d3d7940461df03deb448baf9ebe5554a75e8cf1bbc3
r2g_train_0718,configs/train/r2g_train_0718.json,train,gen_zealot_mirror_05,zealot_mirror,general_v2,False,10,medium,12.6806,NARROW,split,narrow_cross_gate,9,6,900,600,1.5,strong_advantage,0.0,"{""ZEALOT"": 9}","{""ZEALOT"": 6}",c39d43169f9abd864ca16b5eb4f93ea6272a220ac09f95c85a7e82fbb0bbe368
r2g_train_0719,configs/train/r2g_train_0719.json,train,gen_zealot_mirror_05,zealot_mirror,general_v2,False,11,far,17.1587,SIMPLE,staggered,horizontal,9,6,900,600,1.5,strong_advantage,0.0,"{""ZEALOT"": 9}","{""ZEALOT"": 6}",5bf01c3e3c7fe2388efcc2c68cd36935e9ecf633c56bfe1e541698b273835be4
r2g_train_0720,configs/train/r2g_train_0720.json,train,gen_zealot_mirror_05,zealot_mirror,general_v2,False,12,far,17.0619,SIMPLE,type_split,horizontal,9,6,900,600,1.5,strong_advantage,0.0,"{""ZEALOT"": 9}","{""ZEALOT"": 6}",de0a156d7c971cd1212996ea888b5309382e448ebe89035af93caad1de5b1ecb
r2g_train_0721,configs/train/r2g_train_0721.json,train,gen_zergling_mirror_01,zergling_mirror,general_v2,False,1,immediate,5.5806,NARROW,compact,narrow_same_side,3,3,75,75,1.0,balanced,0.681818,"{""ZERGLING"": 3}","{""ZERGLING"": 3}",f9507363452842b3e72fdc1af2043bf494fb2fe0de7c4717feedc7192f2d631d
r2g_train_0722,configs/train/r2g_train_0722.json,train,gen_zergling_mirror_01,zergling_mirror,general_v2,False,2,immediate,5.2388,OCTAGON,split,diag_up,3,3,75,75,1.0,balanced,0.681818,"{""ZERGLING"": 3}","{""ZERGLING"": 3}",aadd858538466071a94c5218c501b3a9c97d2d4e249c5548d8c5e84942150a99
r2g_train_0723,configs/train/r2g_train_0723.json,train,gen_zergling_mirror_01,zergling_mirror,general_v2,False,3,immediate,5.5084,SIMPLE,staggered,horizontal,3,3,75,75,1.0,balanced,0.681818,"{""ZERGLING"": 3}","{""ZERGLING"": 3}",bb3ea5b5732cdd1829f2fb59f99cc4447ae7782f6c155d40873f75b1d4f46ea8
r2g_train_0724,configs/train/r2g_train_0724.json,train,gen_zergling_mirror_01,zergling_mirror,general_v2,False,4,near,8.8747,NARROW,type_split,narrow_same_side,3,3,75,75,1.0,balanced,0.681818,"{""ZERGLING"": 3}","{""ZERGLING"": 3}",dd3b37562a7cc7286b6d2fffd367fca7ccfba2f08a9804922f1f3e3e3badf33c
r2g_train_0725,configs/train/r2g_train_0725.json,train,gen_zergling_mirror_01,zergling_mirror,general_v2,False,5,near,8.8339,OCTAGON,compact,vertical,3,3,75,75,1.0,balanced,0.681818,"{""ZERGLING"": 3}","{""ZERGLING"": 3}",04c0328f7b91cbad2f4c5bf117b8141cf8dcb2b82f2c62def9cc8a6c9d210cab
r2g_train_0726,configs/train/r2g_train_0726.json,train,gen_zergling_mirror_01,zergling_mirror,general_v2,False,6,near,8.9475,OCTAGON,split,diag_down,3,3,75,75,1.0,balanced,0.681818,"{""ZERGLING"": 3}","{""ZERGLING"": 3}",38d092b5e7abaa6477f51c4bb3837c8565bf15170f88dba238227c85c2ea901c
r2g_train_0727,configs/train/r2g_train_0727.json,train,gen_zergling_mirror_01,zergling_mirror,general_v2,False,7,near,8.8309,NARROW,staggered,narrow_same_side,3,3,75,75,1.0,balanced,0.681818,"{""ZERGLING"": 3}","{""ZERGLING"": 3}",cbbd9c18fdc1a3b1a7597ec636d2e9f64adc28e27efd72f3c3cf6c43cde2ac36
r2g_train_0728,configs/train/r2g_train_0728.json,train,gen_zergling_mirror_01,zergling_mirror,general_v2,False,8,medium,12.6104,SIMPLE,type_split,horizontal,3,3,75,75,1.0,balanced,0.681818,"{""ZERGLING"": 3}","{""ZERGLING"": 3}",b722b273278237f98b3d0d71995aac48ea8ae2ccfa67b8765dfe4e9ae996ae1f
r2g_train_0729,configs/train/r2g_train_0729.json,train,gen_zergling_mirror_01,zergling_mirror,general_v2,False,9,medium,12.9928,OCTAGON,compact,diag_up,3,3,75,75,1.0,balanced,0.681818,"{""ZERGLING"": 3}","{""ZERGLING"": 3}",d4c6001a75a70c567bc5fb686b1e8a8843187d0be626157388bcc34986f29dcd
r2g_train_0730,configs/train/r2g_train_0730.json,train,gen_zergling_mirror_01,zergling_mirror,general_v2,False,10,medium,12.83,NARROW,split,narrow_cross_gate,3,3,75,75,1.0,balanced,0.681818,"{""ZERGLING"": 3}","{""ZERGLING"": 3}",37785492403534d7fdf816f8ed75865e3c1fc2979ac0c50c32573b9474572bb1
r2g_train_0731,configs/train/r2g_train_0731.json,train,gen_zergling_mirror_01,zergling_mirror,general_v2,False,11,far,17.1766,SIMPLE,staggered,horizontal,3,3,75,75,1.0,balanced,0.681818,"{""ZERGLING"": 3}","{""ZERGLING"": 3}",772e1444b3b475a68e53f329901f3dd8794438aa732ad0441be48fd729e95797
r2g_train_0732,configs/train/r2g_train_0732.json,train,gen_zergling_mirror_01,zergling_mirror,general_v2,False,12,far,16.8071,SIMPLE,type_split,horizontal,3,3,75,75,1.0,balanced,0.681818,"{""ZERGLING"": 3}","{""ZERGLING"": 3}",eac695f923b75f28e1fdce95ab19d6c3a9e4884baabb2fe13a8b1b8033128e20
r2g_train_0733,configs/train/r2g_train_0733.json,train,gen_zergling_mirror_02,zergling_mirror,general_v2,False,1,immediate,5.2979,NARROW,compact,narrow_same_side,5,5,125,125,1.0,balanced,0.681818,"{""ZERGLING"": 5}","{""ZERGLING"": 5}",bbb1221cc4a7653eec5ae0595df4de0060e5efbadfb3d2a7b0f17acbdb7414b4
r2g_train_0734,configs/train/r2g_train_0734.json,train,gen_zergling_mirror_02,zergling_mirror,general_v2,False,2,immediate,5.3988,OCTAGON,split,diag_up,5,5,125,125,1.0,balanced,0.681818,"{""ZERGLING"": 5}","{""ZERGLING"": 5}",d14088ab4b39f1a8441cfbdd6383703da78fa46961fdf65f4ec1745a42cb4224
r2g_train_0735,configs/train/r2g_train_0735.json,train,gen_zergling_mirror_02,zergling_mirror,general_v2,False,3,immediate,5.2941,SIMPLE,staggered,horizontal,5,5,125,125,1.0,balanced,0.681818,"{""ZERGLING"": 5}","{""ZERGLING"": 5}",768abf3ccfc21addde6b79beb1712c2324685ddf0059abf85937ce4aaa520d9b
r2g_train_0736,configs/train/r2g_train_0736.json,train,gen_zergling_mirror_02,zergling_mirror,general_v2,False,4,near,8.8801,NARROW,type_split,narrow_same_side,5,5,125,125,1.0,balanced,0.681818,"{""ZERGLING"": 5}","{""ZERGLING"": 5}",e3e963a69efee57e8182a813b7644249552adb27fdafc0b670b6cbc92fd7804c
r2g_train_0737,configs/train/r2g_train_0737.json,train,gen_zergling_mirror_02,zergling_mirror,general_v2,False,5,near,8.6536,OCTAGON,compact,vertical,5,5,125,125,1.0,balanced,0.681818,"{""ZERGLING"": 5}","{""ZERGLING"": 5}",d921643d1626cc151884d233496981f8980ba2f41fa7de0328334b92f40636ff
r2g_train_0738,configs/train/r2g_train_0738.json,train,gen_zergling_mirror_02,zergling_mirror,general_v2,False,6,near,8.9475,OCTAGON,split,diag_down,5,5,125,125,1.0,balanced,0.681818,"{""ZERGLING"": 5}","{""ZERGLING"": 5}",c633b8f774d5b74764cf1d74b0ad13dd43a6482fe1675c8fa14410dbac2781b3
r2g_train_0739,configs/train/r2g_train_0739.json,train,gen_zergling_mirror_02,zergling_mirror,general_v2,False,7,near,8.8921,NARROW,staggered,narrow_same_side,5,5,125,125,1.0,balanced,0.681818,"{""ZERGLING"": 5}","{""ZERGLING"": 5}",4a70bfefc3a279a9d50201306cdde2bb6faeb9195852776a776391f1ba6a6999
r2g_train_0740,configs/train/r2g_train_0740.json,train,gen_zergling_mirror_02,zergling_mirror,general_v2,False,8,medium,12.8921,SIMPLE,type_split,horizontal,5,5,125,125,1.0,balanced,0.681818,"{""ZERGLING"": 5}","{""ZERGLING"": 5}",3d7015093204b80d7b9b27b015d4190d72fdc178d4f13afd81e86570ef0cdb2a
r2g_train_0741,configs/train/r2g_train_0741.json,train,gen_zergling_mirror_02,zergling_mirror,general_v2,False,9,medium,12.6352,OCTAGON,compact,diag_up,5,5,125,125,1.0,balanced,0.681818,"{""ZERGLING"": 5}","{""ZERGLING"": 5}",0dc5435bba390ec34ee9faea9ccb8836829a6f79361f12d6a691ce24d5704f5c
r2g_train_0742,configs/train/r2g_train_0742.json,train,gen_zergling_mirror_02,zergling_mirror,general_v2,False,10,medium,12.7791,NARROW,split,narrow_cross_gate,5,5,125,125,1.0,balanced,0.681818,"{""ZERGLING"": 5}","{""ZERGLING"": 5}",b0138b7fb3ae79c7525cb4abfbec8724ff6093342ec93be99d886a169e4bd18f
r2g_train_0743,configs/train/r2g_train_0743.json,train,gen_zergling_mirror_02,zergling_mirror,general_v2,False,11,far,16.8038,SIMPLE,staggered,horizontal,5,5,125,125,1.0,balanced,0.681818,"{""ZERGLING"": 5}","{""ZERGLING"": 5}",b1f6ad4fee388d83a94a708db5817dbfed8f95ad146afb4dcccdcbcec0239298
r2g_train_0744,configs/train/r2g_train_0744.json,train,gen_zergling_mirror_02,zergling_mirror,general_v2,False,12,far,17.1953,SIMPLE,type_split,horizontal,5,5,125,125,1.0,balanced,0.681818,"{""ZERGLING"": 5}","{""ZERGLING"": 5}",a3509aefc2c503f522cfd246f0df36ce5bf8d54906a3abb356843947d24995ec
r2g_train_0745,configs/train/r2g_train_0745.json,train,gen_zergling_mirror_03,zergling_mirror,general_v2,False,1,immediate,5.3079,NARROW,compact,narrow_same_side,7,6,175,150,1.1667,moderate_advantage,0.378788,"{""ZERGLING"": 7}","{""ZERGLING"": 6}",48cce7a037006f4e2b8cb93ba9e1ad23c75357524227eb618a986bed2ef23309
r2g_train_0746,configs/train/r2g_train_0746.json,train,gen_zergling_mirror_03,zergling_mirror,general_v2,False,2,immediate,5.2389,OCTAGON,split,diag_up,7,6,175,150,1.1667,moderate_advantage,0.378788,"{""ZERGLING"": 7}","{""ZERGLING"": 6}",ce160ae2e68b280019d6e248d13d96eea3c3cd8ae501b160ef28f35bc49c0519
r2g_train_0747,configs/train/r2g_train_0747.json,train,gen_zergling_mirror_03,zergling_mirror,general_v2,False,3,immediate,5.528,SIMPLE,staggered,horizontal,7,6,175,150,1.1667,moderate_advantage,0.378788,"{""ZERGLING"": 7}","{""ZERGLING"": 6}",12509f4dbb5bf47a35728d6772eff8336fc637be7d3f209fd02f671a91f5a645
r2g_train_0748,configs/train/r2g_train_0748.json,train,gen_zergling_mirror_03,zergling_mirror,general_v2,False,4,near,8.7361,NARROW,type_split,narrow_same_side,7,6,175,150,1.1667,moderate_advantage,0.378788,"{""ZERGLING"": 7}","{""ZERGLING"": 6}",ebb7c0af621f33e83c0e8cf9dddc771186f5902886564112237153efae126566
r2g_train_0749,configs/train/r2g_train_0749.json,train,gen_zergling_mirror_03,zergling_mirror,general_v2,False,5,near,8.7276,OCTAGON,compact,vertical,7,6,175,150,1.1667,moderate_advantage,0.378788,"{""ZERGLING"": 7}","{""ZERGLING"": 6}",6f800c0fbe40c96306be948e13e73b7fb85435eef86104a422c0a32f94e74a86
r2g_train_0750,configs/train/r2g_train_0750.json,train,gen_zergling_mirror_03,zergling_mirror,general_v2,False,6,near,8.8525,OCTAGON,split,diag_down,7,6,175,150,1.1667,moderate_advantage,0.378788,"{""ZERGLING"": 7}","{""ZERGLING"": 6}",c39dd56167a8eec6d849ffe5c7ef73a92424934d2f91a075d33d89881e4cf606
r2g_train_0751,configs/train/r2g_train_0751.json,train,gen_zergling_mirror_03,zergling_mirror,general_v2,False,7,near,8.6741,NARROW,staggered,narrow_same_side,7,6,175,150,1.1667,moderate_advantage,0.378788,"{""ZERGLING"": 7}","{""ZERGLING"": 6}",68541a568f274696ab41199da4f50537aed6b2670d288df24ccf0cd49cbb62fc
r2g_train_0752,configs/train/r2g_train_0752.json,train,gen_zergling_mirror_03,zergling_mirror,general_v2,False,8,medium,12.6041,SIMPLE,type_split,horizontal,7,6,175,150,1.1667,moderate_advantage,0.378788,"{""ZERGLING"": 7}","{""ZERGLING"": 6}",d3fddd394be5fd2549b082e8b3e31a8b6a2bb0217efeb7a8cb574be1843acc5e
r2g_train_0753,configs/train/r2g_train_0753.json,train,gen_zergling_mirror_03,zergling_mirror,general_v2,False,9,medium,12.9098,OCTAGON,compact,diag_up,7,6,175,150,1.1667,moderate_advantage,0.378788,"{""ZERGLING"": 7}","{""ZERGLING"": 6}",f7483fec3da54412b430301c476dbc9156d7f19e127bf5ff165424e977e4d088
r2g_train_0754,configs/train/r2g_train_0754.json,train,gen_zergling_mirror_03,zergling_mirror,general_v2,False,10,medium,12.932,NARROW,split,narrow_cross_gate,7,6,175,150,1.1667,moderate_advantage,0.378788,"{""ZERGLING"": 7}","{""ZERGLING"": 6}",7d34e36856606acd0b58fd1994fa7069cb5408cfbd5aa37b70792209be6a1c50
r2g_train_0755,configs/train/r2g_train_0755.json,train,gen_zergling_mirror_03,zergling_mirror,general_v2,False,11,far,16.9996,SIMPLE,staggered,horizontal,7,6,175,150,1.1667,moderate_advantage,0.378788,"{""ZERGLING"": 7}","{""ZERGLING"": 6}",d2d58669c4776cc42774174481c8aaa0ca40c1ce1ed75fb75ca6a68173d399d2
r2g_train_0756,configs/train/r2g_train_0756.json,train,gen_zergling_mirror_03,zergling_mirror,general_v2,False,12,far,17.1648,SIMPLE,type_split,horizontal,7,6,175,150,1.1667,moderate_advantage,0.378788,"{""ZERGLING"": 7}","{""ZERGLING"": 6}",412c6e331306a7dbeb119afe89f7d91454f4946a93dd54ede81b4daa886f9f3e
r2g_train_0757,configs/train/r2g_train_0757.json,train,gen_zergling_mirror_04,zergling_mirror,general_v2,False,1,immediate,5.2739,NARROW,compact,narrow_same_side,9,7,225,175,1.2857,moderate_advantage,0.162338,"{""ZERGLING"": 9}","{""ZERGLING"": 7}",c57aad172279053fe8490760b4fb76b66941a81d42b33bd7d46856714bd88de7
r2g_train_0758,configs/train/r2g_train_0758.json,train,gen_zergling_mirror_04,zergling_mirror,general_v2,False,2,immediate,5.4686,OCTAGON,split,diag_up,9,7,225,175,1.2857,moderate_advantage,0.162338,"{""ZERGLING"": 9}","{""ZERGLING"": 7}",cba39bcc70355a696b363ae7b152ad19df988e717ebcd9a2b844e03aa247f4d2
r2g_train_0759,configs/train/r2g_train_0759.json,train,gen_zergling_mirror_04,zergling_mirror,general_v2,False,3,immediate,5.6001,SIMPLE,staggered,horizontal,9,7,225,175,1.2857,moderate_advantage,0.162338,"{""ZERGLING"": 9}","{""ZERGLING"": 7}",a7a048c32daa2837eb05287357081ca19a8faba3f4ac5b6b5b7c06fe103bd778
r2g_train_0760,configs/train/r2g_train_0760.json,train,gen_zergling_mirror_04,zergling_mirror,general_v2,False,4,near,8.6901,NARROW,type_split,narrow_same_side,9,7,225,175,1.2857,moderate_advantage,0.162338,"{""ZERGLING"": 9}","{""ZERGLING"": 7}",1cfda27945b1c33d841c0703eb1cff08f62dafa89b0e13cc70337d0e2814a67b
r2g_train_0761,configs/train/r2g_train_0761.json,train,gen_zergling_mirror_04,zergling_mirror,general_v2,False,5,near,8.8496,OCTAGON,compact,vertical,9,7,225,175,1.2857,moderate_advantage,0.162338,"{""ZERGLING"": 9}","{""ZERGLING"": 7}",aaba03d4ae7a0e3d11ed49e5778dc0922582e062af7b092e605b35c5883d128c
r2g_train_0762,configs/train/r2g_train_0762.json,train,gen_zergling_mirror_04,zergling_mirror,general_v2,False,6,near,8.8615,OCTAGON,split,diag_down,9,7,225,175,1.2857,moderate_advantage,0.162338,"{""ZERGLING"": 9}","{""ZERGLING"": 7}",c925e00a7e0ebb9042d0d9956632748df55b3ab46ac849fd57fafcd311534f96
r2g_train_0763,configs/train/r2g_train_0763.json,train,gen_zergling_mirror_04,zergling_mirror,general_v2,False,7,near,8.7431,NARROW,staggered,narrow_same_side,9,7,225,175,1.2857,moderate_advantage,0.162338,"{""ZERGLING"": 9}","{""ZERGLING"": 7}",1cc00fa9b2ee64ed102f9ea3e677e231460d9e212af15736ee12f6e62f8c749d
r2g_train_0764,configs/train/r2g_train_0764.json,train,gen_zergling_mirror_04,zergling_mirror,general_v2,False,8,medium,12.9413,SIMPLE,type_split,horizontal,9,7,225,175,1.2857,moderate_advantage,0.162338,"{""ZERGLING"": 9}","{""ZERGLING"": 7}",4c2c02fe8fbfa5c18a49cf4bc7755d82e141b0525baa57dd49cc3f415f801d63
r2g_train_0765,configs/train/r2g_train_0765.json,train,gen_zergling_mirror_04,zergling_mirror,general_v2,False,9,medium,12.6072,OCTAGON,compact,diag_up,9,7,225,175,1.2857,moderate_advantage,0.162338,"{""ZERGLING"": 9}","{""ZERGLING"": 7}",d80511f5726c2d94feb61f923b19bb58c571166a2407f3529aff1bddd018dcf8
r2g_train_0766,configs/train/r2g_train_0766.json,train,gen_zergling_mirror_04,zergling_mirror,general_v2,False,10,medium,12.896,NARROW,split,narrow_cross_gate,9,7,225,175,1.2857,moderate_advantage,0.162338,"{""ZERGLING"": 9}","{""ZERGLING"": 7}",9a1c105e73ce7298a783fc3210025a854f04b420fbbe4194f0907ad20ef630f3
r2g_train_0767,configs/train/r2g_train_0767.json,train,gen_zergling_mirror_04,zergling_mirror,general_v2,False,11,far,17.0005,SIMPLE,staggered,horizontal,9,7,225,175,1.2857,moderate_advantage,0.162338,"{""ZERGLING"": 9}","{""ZERGLING"": 7}",8533a71cec0dcb46aa7dfc5d422ec27d170eaca9f34ac055932ee7258dcca96c
r2g_train_0768,configs/train/r2g_train_0768.json,train,gen_zergling_mirror_04,zergling_mirror,general_v2,False,12,far,17.0299,SIMPLE,type_split,horizontal,9,7,225,175,1.2857,moderate_advantage,0.162338,"{""ZERGLING"": 9}","{""ZERGLING"": 7}",74bfac2fc7dd824a7cb18ab67dea1aad8c28cb318d4eb8b035cffb99c97a752e
r2g_train_0769,configs/train/r2g_train_0769.json,train,gen_zergling_mirror_05,zergling_mirror,general_v2,False,1,immediate,5.3199,NARROW,compact,narrow_same_side,9,6,225,150,1.5,strong_advantage,0.0,"{""ZERGLING"": 9}","{""ZERGLING"": 6}",e3f63dec693f3401591ba32f9e892187474270217d9f19477f1eb5e0bc42a31a
r2g_train_0770,configs/train/r2g_train_0770.json,train,gen_zergling_mirror_05,zergling_mirror,general_v2,False,2,immediate,5.3955,OCTAGON,split,diag_up,9,6,225,150,1.5,strong_advantage,0.0,"{""ZERGLING"": 9}","{""ZERGLING"": 6}",91816663cb24ba84a82e4aa034cf052a21b2c4429c29c22d9af743e5f95c34ef
r2g_train_0771,configs/train/r2g_train_0771.json,train,gen_zergling_mirror_05,zergling_mirror,general_v2,False,3,immediate,5.349,SIMPLE,staggered,horizontal,9,6,225,150,1.5,strong_advantage,0.0,"{""ZERGLING"": 9}","{""ZERGLING"": 6}",14c116dad2f620db2dd828941c86d1463249ecce0ee466bcb8865edfcef76678
r2g_train_0772,configs/train/r2g_train_0772.json,train,gen_zergling_mirror_05,zergling_mirror,general_v2,False,4,near,8.7531,NARROW,type_split,narrow_same_side,9,6,225,150,1.5,strong_advantage,0.0,"{""ZERGLING"": 9}","{""ZERGLING"": 6}",b2da0de8f44c7535fd1c8b2285ad5bfa707ae9d22b25148b74fa4ed4cada8a2f
r2g_train_0773,configs/train/r2g_train_0773.json,train,gen_zergling_mirror_05,zergling_mirror,general_v2,False,5,near,8.6836,OCTAGON,compact,vertical,9,6,225,150,1.5,strong_advantage,0.0,"{""ZERGLING"": 9}","{""ZERGLING"": 6}",3a78b9757cb64eb28bd5ac83da7641bf2dc3371286c0bb7c306a4698896dccb4
r2g_train_0774,configs/train/r2g_train_0774.json,train,gen_zergling_mirror_05,zergling_mirror,general_v2,False,6,near,8.8041,OCTAGON,split,diag_down,9,6,225,150,1.5,strong_advantage,0.0,"{""ZERGLING"": 9}","{""ZERGLING"": 6}",ae9383689e9d49c93051efc789f0f4c89526e745733384816159b92b3564d6a6
r2g_train_0775,configs/train/r2g_train_0775.json,train,gen_zergling_mirror_05,zergling_mirror,general_v2,False,7,near,8.7041,NARROW,staggered,narrow_same_side,9,6,225,150,1.5,strong_advantage,0.0,"{""ZERGLING"": 9}","{""ZERGLING"": 6}",7ee293615b167da9924de89bbdbb92e8ea5249496a26b6a7bbac749b923b30b1
r2g_train_0776,configs/train/r2g_train_0776.json,train,gen_zergling_mirror_05,zergling_mirror,general_v2,False,8,medium,12.9054,SIMPLE,type_split,horizontal,9,6,225,150,1.5,strong_advantage,0.0,"{""ZERGLING"": 9}","{""ZERGLING"": 6}",643d062225875bec16339413f04ae4f2f13c0408756645fdab9fc4e0e26503cc
r2g_train_0777,configs/train/r2g_train_0777.json,train,gen_zergling_mirror_05,zergling_mirror,general_v2,False,9,medium,12.7577,OCTAGON,compact,diag_up,9,6,225,150,1.5,strong_advantage,0.0,"{""ZERGLING"": 9}","{""ZERGLING"": 6}",6929dc96363bc1e261a6c64f0da2236fc1f2cfd3e6aeca62eae72a2133224e33
r2g_train_0778,configs/train/r2g_train_0778.json,train,gen_zergling_mirror_05,zergling_mirror,general_v2,False,10,medium,12.9034,NARROW,split,narrow_cross_gate,9,6,225,150,1.5,strong_advantage,0.0,"{""ZERGLING"": 9}","{""ZERGLING"": 6}",ae9c423201194afcd546e13dc3112e0b2c7d0e61db231daa653cb1fc25ac5ec7
r2g_train_0779,configs/train/r2g_train_0779.json,train,gen_zergling_mirror_05,zergling_mirror,general_v2,False,11,far,17.1491,SIMPLE,staggered,horizontal,9,6,225,150,1.5,strong_advantage,0.0,"{""ZERGLING"": 9}","{""ZERGLING"": 6}",3d5e7c2db007526db899063200dc2fd7103f68e31f9f30bef407226e28585354
r2g_train_0780,configs/train/r2g_train_0780.json,train,gen_zergling_mirror_05,zergling_mirror,general_v2,False,12,far,16.897,SIMPLE,type_split,horizontal,9,6,225,150,1.5,strong_advantage,0.0,"{""ZERGLING"": 9}","{""ZERGLING"": 6}",d15a2b74fd731763e947442e3af24faaf5111b069129e3c859ae59d5240a7d74
r2g_train_0781,configs/train/r2g_train_0781.json,train,gen_marine_vs_zergling_01,marine_vs_zergling,general_v2,False,1,immediate,5.5062,NARROW,compact,narrow_same_side,2,4,100,100,1.0,balanced,0.681818,"{""MARINE"": 2}","{""ZERGLING"": 4}",08a620b4d0e4cb67f5d900b2a0c9986e7fd3c6c8feaa5ae72842d7a7201575a1
r2g_train_0782,configs/train/r2g_train_0782.json,train,gen_marine_vs_zergling_01,marine_vs_zergling,general_v2,False,2,immediate,5.3487,OCTAGON,split,diag_up,2,4,100,100,1.0,balanced,0.681818,"{""MARINE"": 2}","{""ZERGLING"": 4}",3dbbb8853f90f132026fb57456cc60a04743b6672a713bd8b41621fba01f5a1d
r2g_train_0783,configs/train/r2g_train_0783.json,train,gen_marine_vs_zergling_01,marine_vs_zergling,general_v2,False,3,immediate,5.4748,SIMPLE,staggered,horizontal,2,4,100,100,1.0,balanced,0.681818,"{""MARINE"": 2}","{""ZERGLING"": 4}",2f62b2e92e1bc136ba94b46640feadf108090a29dc86ec76e5ada216af2746f9
r2g_train_0784,configs/train/r2g_train_0784.json,train,gen_marine_vs_zergling_01,marine_vs_zergling,general_v2,False,4,near,8.8002,NARROW,type_split,narrow_same_side,2,4,100,100,1.0,balanced,0.681818,"{""MARINE"": 2}","{""ZERGLING"": 4}",4da856e544c8c46b029e4f7093284069833ffc220037bc43fbc3a86142508aa5
r2g_train_0785,configs/train/r2g_train_0785.json,train,gen_marine_vs_zergling_01,marine_vs_zergling,general_v2,False,5,near,8.9421,OCTAGON,compact,vertical,2,4,100,100,1.0,balanced,0.681818,"{""MARINE"": 2}","{""ZERGLING"": 4}",d92eaafb0fa310dd1ea4848dc57810956654d1b7c4dd3173e55698bed6e09e22
r2g_train_0786,configs/train/r2g_train_0786.json,train,gen_marine_vs_zergling_01,marine_vs_zergling,general_v2,False,6,near,8.7724,OCTAGON,split,diag_down,2,4,100,100,1.0,balanced,0.681818,"{""MARINE"": 2}","{""ZERGLING"": 4}",f71a28edee1c642470479e7ad84915d5e839c16c00e9133479ac939e81b7ab66
r2g_train_0787,configs/train/r2g_train_0787.json,train,gen_marine_vs_zergling_01,marine_vs_zergling,general_v2,False,7,near,8.6846,NARROW,staggered,narrow_same_side,2,4,100,100,1.0,balanced,0.681818,"{""MARINE"": 2}","{""ZERGLING"": 4}",032c79e56d61d4360434a5fb12e0a6162750e3a54358f81e27c24d1c76fabb41
r2g_train_0788,configs/train/r2g_train_0788.json,train,gen_marine_vs_zergling_01,marine_vs_zergling,general_v2,False,8,medium,12.6225,SIMPLE,type_split,horizontal,2,4,100,100,1.0,balanced,0.681818,"{""MARINE"": 2}","{""ZERGLING"": 4}",d2767bae706f877f4be2a9e92454ca115bb3afef5887bf583333f1e1e0b67c6b
r2g_train_0789,configs/train/r2g_train_0789.json,train,gen_marine_vs_zergling_01,marine_vs_zergling,general_v2,False,9,medium,12.9294,OCTAGON,compact,diag_up,2,4,100,100,1.0,balanced,0.681818,"{""MARINE"": 2}","{""ZERGLING"": 4}",0882a171447da5c3a9fd054883586cba02a847d725abcc6cb4023022ad60ecc9
r2g_train_0790,configs/train/r2g_train_0790.json,train,gen_marine_vs_zergling_01,marine_vs_zergling,general_v2,False,10,medium,12.8084,NARROW,split,narrow_cross_gate,2,4,100,100,1.0,balanced,0.681818,"{""MARINE"": 2}","{""ZERGLING"": 4}",8c60122bcb8f3c61b33bc1e9faa82d5f23460758e589b156700952e3fc957a93
r2g_train_0791,configs/train/r2g_train_0791.json,train,gen_marine_vs_zergling_01,marine_vs_zergling,general_v2,False,11,far,17.0005,SIMPLE,staggered,horizontal,2,4,100,100,1.0,balanced,0.681818,"{""MARINE"": 2}","{""ZERGLING"": 4}",1aa29b2490e79ab746ccaf9aa8a93b4c3ce08874e22bb358566e1c0ae66c1c25
r2g_train_0792,configs/train/r2g_train_0792.json,train,gen_marine_vs_zergling_01,marine_vs_zergling,general_v2,False,12,far,17.067,SIMPLE,type_split,horizontal,2,4,100,100,1.0,balanced,0.681818,"{""MARINE"": 2}","{""ZERGLING"": 4}",ec302d3335e967c0b4b0535db743ab2d5b168111a2bbd91f6b2dd7ed30645db8
r2g_train_0793,configs/train/r2g_train_0793.json,train,gen_marine_vs_zergling_02,marine_vs_zergling,general_v2,False,1,immediate,5.5395,NARROW,compact,narrow_same_side,3,6,150,150,1.0,balanced,0.681818,"{""MARINE"": 3}","{""ZERGLING"": 6}",6941966b21c72ea6a3c6669b988651136b08779dd9a78b4f6d408fdde1df4b9d
r2g_train_0794,configs/train/r2g_train_0794.json,train,gen_marine_vs_zergling_02,marine_vs_zergling,general_v2,False,2,immediate,5.2635,OCTAGON,split,diag_up,3,6,150,150,1.0,balanced,0.681818,"{""MARINE"": 3}","{""ZERGLING"": 6}",5bb7f1cdab8d7e5d9365743deb7c2b520c352dcbee8dae19c0599487a2884a0d
r2g_train_0795,configs/train/r2g_train_0795.json,train,gen_marine_vs_zergling_02,marine_vs_zergling,general_v2,False,3,immediate,5.252,SIMPLE,staggered,horizontal,3,6,150,150,1.0,balanced,0.681818,"{""MARINE"": 3}","{""ZERGLING"": 6}",9ff5e6bbadbb6539d1b15c012e7689972e4da81a8b6ad7c771f4a8af6bf0e7b7
r2g_train_0796,configs/train/r2g_train_0796.json,train,gen_marine_vs_zergling_02,marine_vs_zergling,general_v2,False,4,near,8.8624,NARROW,type_split,narrow_same_side,3,6,150,150,1.0,balanced,0.681818,"{""MARINE"": 3}","{""ZERGLING"": 6}",05e73ca2fe67a2fd0b97d2f241bd875f27e8f2c71d56a9cf4b26f2d05ebfe7b9
r2g_train_0797,configs/train/r2g_train_0797.json,train,gen_marine_vs_zergling_02,marine_vs_zergling,general_v2,False,5,near,8.841,OCTAGON,compact,vertical,3,6,150,150,1.0,balanced,0.681818,"{""MARINE"": 3}","{""ZERGLING"": 6}",0a050884639f01639a62f920231a5cfca059cf1acd8f4612c5a7b35d748f07bf
r2g_train_0798,configs/train/r2g_train_0798.json,train,gen_marine_vs_zergling_02,marine_vs_zergling,general_v2,False,6,near,8.6233,OCTAGON,split,diag_down,3,6,150,150,1.0,balanced,0.681818,"{""MARINE"": 3}","{""ZERGLING"": 6}",e39e767cf65ac7f22164896c92b0b836242d17c90aec6698215e77c564baf64a
r2g_train_0799,configs/train/r2g_train_0799.json,train,gen_marine_vs_zergling_02,marine_vs_zergling,general_v2,False,7,near,8.9879,NARROW,staggered,narrow_same_side,3,6,150,150,1.0,balanced,0.681818,"{""MARINE"": 3}","{""ZERGLING"": 6}",ed21ba402a7343a4c9cf9daef7fa635a907792bf0b8241f2d8790168ce69997a
r2g_train_0800,configs/train/r2g_train_0800.json,train,gen_marine_vs_zergling_02,marine_vs_zergling,general_v2,False,8,medium,12.7799,SIMPLE,type_split,horizontal,3,6,150,150,1.0,balanced,0.681818,"{""MARINE"": 3}","{""ZERGLING"": 6}",f2ba4af38e0cb52763b3ef3667df48c53d0c69614e4186587b8c486880746f88
r2g_train_0801,configs/train/r2g_train_0801.json,train,gen_marine_vs_zergling_02,marine_vs_zergling,general_v2,False,9,medium,12.6732,OCTAGON,compact,diag_up,3,6,150,150,1.0,balanced,0.681818,"{""MARINE"": 3}","{""ZERGLING"": 6}",c31a869b029ee24a7ae0937292ee89afe7c69533edb35fc90af70c6c284e54b8
r2g_train_0802,configs/train/r2g_train_0802.json,train,gen_marine_vs_zergling_02,marine_vs_zergling,general_v2,False,10,medium,12.8507,NARROW,split,narrow_cross_gate,3,6,150,150,1.0,balanced,0.681818,"{""MARINE"": 3}","{""ZERGLING"": 6}",baf1a409da4b3241e0ff686d06f0792d36cc914e0f36e0e6433c8772b942d4f6
r2g_train_0803,configs/train/r2g_train_0803.json,train,gen_marine_vs_zergling_02,marine_vs_zergling,general_v2,False,11,far,16.8503,SIMPLE,staggered,horizontal,3,6,150,150,1.0,balanced,0.681818,"{""MARINE"": 3}","{""ZERGLING"": 6}",9949bbb43e9ed5c12be0da1a79875e3c3764bf1168eaaac87330eeb283d94791
r2g_train_0804,configs/train/r2g_train_0804.json,train,gen_marine_vs_zergling_02,marine_vs_zergling,general_v2,False,12,far,17.1732,SIMPLE,type_split,horizontal,3,6,150,150,1.0,balanced,0.681818,"{""MARINE"": 3}","{""ZERGLING"": 6}",1cf14c3267a232d02d3d710f174ad7887f8c2387fc375cda3f86f2b12182c1e5
r2g_train_0805,configs/train/r2g_train_0805.json,train,gen_marine_vs_zergling_03,marine_vs_zergling,general_v2,False,1,immediate,5.4916,NARROW,compact,narrow_same_side,4,7,200,175,1.1429,moderate_advantage,0.422078,"{""MARINE"": 4}","{""ZERGLING"": 7}",c12934cb0d436968eb4714602c5ede90ada6bff03f89368f391c57dbfea1a94d
r2g_train_0806,configs/train/r2g_train_0806.json,train,gen_marine_vs_zergling_03,marine_vs_zergling,general_v2,False,2,immediate,5.5959,OCTAGON,split,diag_up,4,7,200,175,1.1429,moderate_advantage,0.422078,"{""MARINE"": 4}","{""ZERGLING"": 7}",9f874f6244cb0789b90c78924b25aff761fb245a0e1d27007e21b6b3f86f99b8
r2g_train_0807,configs/train/r2g_train_0807.json,train,gen_marine_vs_zergling_03,marine_vs_zergling,general_v2,False,3,immediate,5.2145,SIMPLE,staggered,horizontal,4,7,200,175,1.1429,moderate_advantage,0.422078,"{""MARINE"": 4}","{""ZERGLING"": 7}",fbaabf789f8da449e30a1125a11f9db1440c630a299dad5bb0917905766fac6f
r2g_train_0808,configs/train/r2g_train_0808.json,train,gen_marine_vs_zergling_03,marine_vs_zergling,general_v2,False,4,near,8.6181,NARROW,type_split,narrow_same_side,4,7,200,175,1.1429,moderate_advantage,0.422078,"{""MARINE"": 4}","{""ZERGLING"": 7}",bbe3a772dc66a10fdc33ff1fb7f1658077ca0fd7510040dad8c8c47a67174c1a
r2g_train_0809,configs/train/r2g_train_0809.json,train,gen_marine_vs_zergling_03,marine_vs_zergling,general_v2,False,5,near,8.851,OCTAGON,compact,vertical,4,7,200,175,1.1429,moderate_advantage,0.422078,"{""MARINE"": 4}","{""ZERGLING"": 7}",8471728c882a4890db2e44a1d27c609137b32c1fad2c091a6f9120fabddde888
r2g_train_0810,configs/train/r2g_train_0810.json,train,gen_marine_vs_zergling_03,marine_vs_zergling,general_v2,False,6,near,8.8535,OCTAGON,split,diag_down,4,7,200,175,1.1429,moderate_advantage,0.422078,"{""MARINE"": 4}","{""ZERGLING"": 7}",2c4dfbb2d6872c52625ddbce71e5161b24ef07f7da187193c585b083a6915340
r2g_train_0811,configs/train/r2g_train_0811.json,train,gen_marine_vs_zergling_03,marine_vs_zergling,general_v2,False,7,near,8.7401,NARROW,staggered,narrow_same_side,4,7,200,175,1.1429,moderate_advantage,0.422078,"{""MARINE"": 4}","{""ZERGLING"": 7}",df47238093908381b561c97f6b8e7eb8abb728ed83b7e5c9d31460cec306d9bd
r2g_train_0812,configs/train/r2g_train_0812.json,train,gen_marine_vs_zergling_03,marine_vs_zergling,general_v2,False,8,medium,12.8816,SIMPLE,type_split,horizontal,4,7,200,175,1.1429,moderate_advantage,0.422078,"{""MARINE"": 4}","{""ZERGLING"": 7}",c944da549ada1de78c7ef76cd6015f767cebe0e0abc884e22af43efafb8522f7
r2g_train_0813,configs/train/r2g_train_0813.json,train,gen_marine_vs_zergling_03,marine_vs_zergling,general_v2,False,9,medium,12.9398,OCTAGON,compact,diag_up,4,7,200,175,1.1429,moderate_advantage,0.422078,"{""MARINE"": 4}","{""ZERGLING"": 7}",d9d779ffd14ae3f154360379f83722494901c2d198f5bd0fcd5ce938f46a6cfc
r2g_train_0814,configs/train/r2g_train_0814.json,train,gen_marine_vs_zergling_03,marine_vs_zergling,general_v2,False,10,medium,12.6076,NARROW,split,narrow_cross_gate,4,7,200,175,1.1429,moderate_advantage,0.422078,"{""MARINE"": 4}","{""ZERGLING"": 7}",affcfd10497ef4982ec8e99e286932f0a44c089f72548e53d0171c418a7610af
r2g_train_0815,configs/train/r2g_train_0815.json,train,gen_marine_vs_zergling_03,marine_vs_zergling,general_v2,False,11,far,16.8204,SIMPLE,staggered,horizontal,4,7,200,175,1.1429,moderate_advantage,0.422078,"{""MARINE"": 4}","{""ZERGLING"": 7}",6fdd4d3224c8fa4fa9c91f1c52635cb20c95ecb085cc84f942fc6da7dec0a039
r2g_train_0816,configs/train/r2g_train_0816.json,train,gen_marine_vs_zergling_03,marine_vs_zergling,general_v2,False,12,far,17.1996,SIMPLE,type_split,horizontal,4,7,200,175,1.1429,moderate_advantage,0.422078,"{""MARINE"": 4}","{""ZERGLING"": 7}",d2a0998d513a3f617b45ee7876cd5ec5405027cb00004881dff1e8b9bf8537fe
r2g_train_0817,configs/train/r2g_train_0817.json,train,gen_marine_vs_zergling_04,marine_vs_zergling,general_v2,False,1,immediate,5.5659,NARROW,compact,narrow_same_side,6,9,300,225,1.3333,moderate_advantage,0.075758,"{""MARINE"": 6}","{""ZERGLING"": 9}",7246f96ba5e91e5f741b097e1ce5342a7f14056557b8e8444c4b78daf2cedf11
r2g_train_0818,configs/train/r2g_train_0818.json,train,gen_marine_vs_zergling_04,marine_vs_zergling,general_v2,False,2,immediate,5.434,OCTAGON,split,diag_up,6,9,300,225,1.3333,moderate_advantage,0.075758,"{""MARINE"": 6}","{""ZERGLING"": 9}",ed02e9435ef96ab54a8ead91b33ed6da838cfd207b3182b95a6b511ac1745f7f
r2g_train_0819,configs/train/r2g_train_0819.json,train,gen_marine_vs_zergling_04,marine_vs_zergling,general_v2,False,3,immediate,5.4498,SIMPLE,staggered,horizontal,6,9,300,225,1.3333,moderate_advantage,0.075758,"{""MARINE"": 6}","{""ZERGLING"": 9}",905036361c15ac05b265e7daeab177f96c16dec6123dc3faa04b6005a0e2c803
r2g_train_0820,configs/train/r2g_train_0820.json,train,gen_marine_vs_zergling_04,marine_vs_zergling,general_v2,False,4,near,8.6571,NARROW,type_split,narrow_same_side,6,9,300,225,1.3333,moderate_advantage,0.075758,"{""MARINE"": 6}","{""ZERGLING"": 9}",90ad995d2bb2c3b3da19cfea591a9156066da29b7ac31cdc8d025c26038b3249
r2g_train_0821,configs/train/r2g_train_0821.json,train,gen_marine_vs_zergling_04,marine_vs_zergling,general_v2,False,5,near,8.7826,OCTAGON,compact,vertical,6,9,300,225,1.3333,moderate_advantage,0.075758,"{""MARINE"": 6}","{""ZERGLING"": 9}",00d371af93e6d3ddca567c1067f1d266f07673ea80da1cb0f94afe3660ea4cf9
r2g_train_0822,configs/train/r2g_train_0822.json,train,gen_marine_vs_zergling_04,marine_vs_zergling,general_v2,False,6,near,8.7902,OCTAGON,split,diag_down,6,9,300,225,1.3333,moderate_advantage,0.075758,"{""MARINE"": 6}","{""ZERGLING"": 9}",c4db1c9bccb7590737b8ea94705d463828f628be35e070319050f8067a5b6b8e
r2g_train_0823,configs/train/r2g_train_0823.json,train,gen_marine_vs_zergling_04,marine_vs_zergling,general_v2,False,7,near,8.7481,NARROW,staggered,narrow_same_side,6,9,300,225,1.3333,moderate_advantage,0.075758,"{""MARINE"": 6}","{""ZERGLING"": 9}",bb432c751e2dd909a8382d8b75bf9c28434a0b63d3486769e716805f8f12984c
r2g_train_0824,configs/train/r2g_train_0824.json,train,gen_marine_vs_zergling_04,marine_vs_zergling,general_v2,False,8,medium,12.626,SIMPLE,type_split,horizontal,6,9,300,225,1.3333,moderate_advantage,0.075758,"{""MARINE"": 6}","{""ZERGLING"": 9}",e2461e23b777e6792b4e8a001359a37a82085a784ecf61b16f630984a8a40880
r2g_train_0825,configs/train/r2g_train_0825.json,train,gen_marine_vs_zergling_04,marine_vs_zergling,general_v2,False,9,medium,12.7609,OCTAGON,compact,diag_up,6,9,300,225,1.3333,moderate_advantage,0.075758,"{""MARINE"": 6}","{""ZERGLING"": 9}",f995f69c6a9bb7633c54a9aea88fdc1830b5e055a6366808a16b97366c97f812
r2g_train_0826,configs/train/r2g_train_0826.json,train,gen_marine_vs_zergling_04,marine_vs_zergling,general_v2,False,10,medium,12.7497,NARROW,split,narrow_cross_gate,6,9,300,225,1.3333,moderate_advantage,0.075758,"{""MARINE"": 6}","{""ZERGLING"": 9}",9fc4050b6c689255b1f67ce70ccca48cfbb8d6809262e92d074c3bd78d634178
r2g_train_0827,configs/train/r2g_train_0827.json,train,gen_marine_vs_zergling_04,marine_vs_zergling,general_v2,False,11,far,16.8442,SIMPLE,staggered,horizontal,6,9,300,225,1.3333,moderate_advantage,0.075758,"{""MARINE"": 6}","{""ZERGLING"": 9}",90aeca8124b5dc84c8dd2a0799696fbe46206e34b24a47b56531237265fe4cda
r2g_train_0828,configs/train/r2g_train_0828.json,train,gen_marine_vs_zergling_04,marine_vs_zergling,general_v2,False,12,far,16.8843,SIMPLE,type_split,horizontal,6,9,300,225,1.3333,moderate_advantage,0.075758,"{""MARINE"": 6}","{""ZERGLING"": 9}",86839203c4c7d5554a4a005e3a23842800ca0cd188aeed29997a576216ed6cc7
r2g_train_0829,configs/train/r2g_train_0829.json,train,gen_marine_vs_zergling_05,marine_vs_zergling,general_v2,False,1,immediate,5.3241,NARROW,compact,narrow_same_side,8,10,400,250,1.6,strong_advantage,0.0,"{""MARINE"": 8}","{""ZERGLING"": 10}",cd315d7fbe496f2fb6d0d190b798ae2e02c290652a927633a3e2ad216fd90b84
r2g_train_0830,configs/train/r2g_train_0830.json,train,gen_marine_vs_zergling_05,marine_vs_zergling,general_v2,False,2,immediate,5.3936,OCTAGON,split,diag_up,8,10,400,250,1.6,strong_advantage,0.0,"{""MARINE"": 8}","{""ZERGLING"": 10}",a2fbf56efd0d6c7736c0bc985067bbd22a6ddcb0195b345a4a74475878340112
r2g_train_0831,configs/train/r2g_train_0831.json,train,gen_marine_vs_zergling_05,marine_vs_zergling,general_v2,False,3,immediate,5.3871,SIMPLE,staggered,horizontal,8,10,400,250,1.6,strong_advantage,0.0,"{""MARINE"": 8}","{""ZERGLING"": 10}",554f9844fe0d209481a3e445659eb6004cc3e9dbf3096efcc7e6edb3303f9261
r2g_train_0832,configs/train/r2g_train_0832.json,train,gen_marine_vs_zergling_05,marine_vs_zergling,general_v2,False,4,near,8.82,NARROW,type_split,narrow_same_side,8,10,400,250,1.6,strong_advantage,0.0,"{""MARINE"": 8}","{""ZERGLING"": 10}",b7d1c1d1cbf2a44ff530cb14a34a1a30d633059792074722ada3630db7a0d31b
r2g_train_0833,configs/train/r2g_train_0833.json,train,gen_marine_vs_zergling_05,marine_vs_zergling,general_v2,False,5,near,8.7053,OCTAGON,compact,vertical,8,10,400,250,1.6,strong_advantage,0.0,"{""MARINE"": 8}","{""ZERGLING"": 10}",30a78d1bb2a2a6139094ccc14b2243f4e145c385a3693d916870df00a1d4cd09
r2g_train_0834,configs/train/r2g_train_0834.json,train,gen_marine_vs_zergling_05,marine_vs_zergling,general_v2,False,6,near,8.6517,OCTAGON,split,diag_down,8,10,400,250,1.6,strong_advantage,0.0,"{""MARINE"": 8}","{""ZERGLING"": 10}",e1880c9e3417593029147af0a5d403da332720bdc5c4626be4c1f30cd7a8ddbc
r2g_train_0835,configs/train/r2g_train_0835.json,train,gen_marine_vs_zergling_05,marine_vs_zergling,general_v2,False,7,near,8.9299,NARROW,staggered,narrow_same_side,8,10,400,250,1.6,strong_advantage,0.0,"{""MARINE"": 8}","{""ZERGLING"": 10}",64bd90e67f2455df808b79fc2ada142c4f6eee2ab7e128df5a1f5742b4e51245
r2g_train_0836,configs/train/r2g_train_0836.json,train,gen_marine_vs_zergling_05,marine_vs_zergling,general_v2,False,8,medium,12.6996,SIMPLE,type_split,horizontal,8,10,400,250,1.6,strong_advantage,0.0,"{""MARINE"": 8}","{""ZERGLING"": 10}",7733faa47a3fc93e93fd2c934474870eba5fa83a743f4b6a0902201004a595e6
r2g_train_0837,configs/train/r2g_train_0837.json,train,gen_marine_vs_zergling_05,marine_vs_zergling,general_v2,False,9,medium,12.7802,OCTAGON,compact,diag_up,8,10,400,250,1.6,strong_advantage,0.0,"{""MARINE"": 8}","{""ZERGLING"": 10}",695ef18b5ec2d83f345b8b79af8dfbd71de5799e52faf9ceaa252ff6796091e3
r2g_train_0838,configs/train/r2g_train_0838.json,train,gen_marine_vs_zergling_05,marine_vs_zergling,general_v2,False,10,medium,12.704,NARROW,split,narrow_cross_gate,8,10,400,250,1.6,strong_advantage,0.0,"{""MARINE"": 8}","{""ZERGLING"": 10}",0d4e93671325dca31f212f59fa85a58bbb3fb0fa77b828a72632171a949f290a
r2g_train_0839,configs/train/r2g_train_0839.json,train,gen_marine_vs_zergling_05,marine_vs_zergling,general_v2,False,11,far,16.8653,SIMPLE,staggered,horizontal,8,10,400,250,1.6,strong_advantage,0.0,"{""MARINE"": 8}","{""ZERGLING"": 10}",645ade684553d26cd75b9827ea08ea32ae837a33c216cfbdce6375a2c86d0c31
r2g_train_0840,configs/train/r2g_train_0840.json,train,gen_marine_vs_zergling_05,marine_vs_zergling,general_v2,False,12,far,17.0745,SIMPLE,type_split,horizontal,8,10,400,250,1.6,strong_advantage,0.0,"{""MARINE"": 8}","{""ZERGLING"": 10}",99f41f84054d0011d16f25601be1718c00b8c351d9eac5ff33bee16ceee5f4b1
r2g_train_0841,configs/train/r2g_train_0841.json,train,gen_stalker_vs_marine_01,stalker_vs_marine,general_v2,False,1,immediate,5.5025,NARROW,compact,narrow_same_side,2,5,250,250,1.0,balanced,0.681818,"{""STALKER"": 2}","{""MARINE"": 5}",4f99a46eb7bd511eef3babd6a30b9b17e1e5ff481e5122527873d103250d1e22
r2g_train_0842,configs/train/r2g_train_0842.json,train,gen_stalker_vs_marine_01,stalker_vs_marine,general_v2,False,2,immediate,5.4933,OCTAGON,split,diag_up,2,5,250,250,1.0,balanced,0.681818,"{""STALKER"": 2}","{""MARINE"": 5}",ac3e70f2f256349dce8e7f507bf1aff4147d07c38081daaaa6c046e582a5b091
r2g_train_0843,configs/train/r2g_train_0843.json,train,gen_stalker_vs_marine_01,stalker_vs_marine,general_v2,False,3,immediate,5.4188,SIMPLE,staggered,horizontal,2,5,250,250,1.0,balanced,0.681818,"{""STALKER"": 2}","{""MARINE"": 5}",846802cccbad4a2a65fd9d30c60959baa221f0bcf74d803dda6f4fd286c1f78b
r2g_train_0844,configs/train/r2g_train_0844.json,train,gen_stalker_vs_marine_01,stalker_vs_marine,general_v2,False,4,near,8.8496,NARROW,type_split,narrow_same_side,2,5,250,250,1.0,balanced,0.681818,"{""STALKER"": 2}","{""MARINE"": 5}",aaa11a1ad83e6bd67c52b364d5ac7cce4a837efcdce6f3db1de58193d385bb53
r2g_train_0845,configs/train/r2g_train_0845.json,train,gen_stalker_vs_marine_01,stalker_vs_marine,general_v2,False,5,near,8.6773,OCTAGON,compact,vertical,2,5,250,250,1.0,balanced,0.681818,"{""STALKER"": 2}","{""MARINE"": 5}",88a00c815dd1d3aa28ebe018c8bd87c3358ea129d4615285280bd821a0894fad
r2g_train_0846,configs/train/r2g_train_0846.json,train,gen_stalker_vs_marine_01,stalker_vs_marine,general_v2,False,6,near,8.7223,OCTAGON,split,diag_down,2,5,250,250,1.0,balanced,0.681818,"{""STALKER"": 2}","{""MARINE"": 5}",beae3d87f4947e5f703a85d895f9a49c6b88e91d5f5dd768cd1838bdfd0fe96a
r2g_train_0847,configs/train/r2g_train_0847.json,train,gen_stalker_vs_marine_01,stalker_vs_marine,general_v2,False,7,near,8.6582,NARROW,staggered,narrow_same_side,2,5,250,250,1.0,balanced,0.681818,"{""STALKER"": 2}","{""MARINE"": 5}",1bc51f5ee8f9c4ce44612dbbd18c5df29274a63d55149ccb8a175a66035cd908
r2g_train_0848,configs/train/r2g_train_0848.json,train,gen_stalker_vs_marine_01,stalker_vs_marine,general_v2,False,8,medium,12.9704,SIMPLE,type_split,horizontal,2,5,250,250,1.0,balanced,0.681818,"{""STALKER"": 2}","{""MARINE"": 5}",30b1858c04f7a578458784ed5bb6affdaa37cf7f3e995824449cb17b353dae8f
r2g_train_0849,configs/train/r2g_train_0849.json,train,gen_stalker_vs_marine_01,stalker_vs_marine,general_v2,False,9,medium,12.8255,OCTAGON,compact,diag_up,2,5,250,250,1.0,balanced,0.681818,"{""STALKER"": 2}","{""MARINE"": 5}",cf006beb3d1e1ea9fda22a614f32f73d79aca77e15cf04a7e63a21e8ee1e6fe8
r2g_train_0850,configs/train/r2g_train_0850.json,train,gen_stalker_vs_marine_01,stalker_vs_marine,general_v2,False,10,medium,12.8662,NARROW,split,narrow_cross_gate,2,5,250,250,1.0,balanced,0.681818,"{""STALKER"": 2}","{""MARINE"": 5}",0e595404da2c2b6b003da14f8c223e023402df2dc4f8b1cc3bac05608c0b9284
r2g_train_0851,configs/train/r2g_train_0851.json,train,gen_stalker_vs_marine_01,stalker_vs_marine,general_v2,False,11,far,16.9985,SIMPLE,staggered,horizontal,2,5,250,250,1.0,balanced,0.681818,"{""STALKER"": 2}","{""MARINE"": 5}",27827f655956ba8566d1b5ff5dd0cbc90a3a11ce30688358ac7a47d3b792fe70
r2g_train_0852,configs/train/r2g_train_0852.json,train,gen_stalker_vs_marine_01,stalker_vs_marine,general_v2,False,12,far,16.9311,SIMPLE,type_split,horizontal,2,5,250,250,1.0,balanced,0.681818,"{""STALKER"": 2}","{""MARINE"": 5}",db56b1ccbab394f254f1563778845e9613d63e7cf48bc1978f7a52d9194a18cf
r2g_train_0853,configs/train/r2g_train_0853.json,train,gen_stalker_vs_marine_02,stalker_vs_marine,general_v2,False,1,immediate,5.2319,NARROW,compact,narrow_same_side,3,7,375,350,1.0714,balanced,0.551948,"{""STALKER"": 3}","{""MARINE"": 7}",f9e083bc4609b0143d038d725215a205a256465e8345414fb20a506fc53afe0b
r2g_train_0854,configs/train/r2g_train_0854.json,train,gen_stalker_vs_marine_02,stalker_vs_marine,general_v2,False,2,immediate,5.2374,OCTAGON,split,diag_up,3,7,375,350,1.0714,balanced,0.551948,"{""STALKER"": 3}","{""MARINE"": 7}",acddf64b69d7b07ea2aeefe164caaf26edb40f0b45dc6f13e3b34c413692a4ab
r2g_train_0855,configs/train/r2g_train_0855.json,train,gen_stalker_vs_marine_02,stalker_vs_marine,general_v2,False,3,immediate,5.3432,SIMPLE,staggered,horizontal,3,7,375,350,1.0714,balanced,0.551948,"{""STALKER"": 3}","{""MARINE"": 7}",767ca5aa429ec23838764e784e9587273277643744ed16d771f4c8bde2120d6f
r2g_train_0856,configs/train/r2g_train_0856.json,train,gen_stalker_vs_marine_02,stalker_vs_marine,general_v2,False,4,near,8.8815,NARROW,type_split,narrow_same_side,3,7,375,350,1.0714,balanced,0.551948,"{""STALKER"": 3}","{""MARINE"": 7}",604d89eed91690aa265acd7d9abadba1288b8fce5e05b7fa6c99e1efc8f0d05c
r2g_train_0857,configs/train/r2g_train_0857.json,train,gen_stalker_vs_marine_02,stalker_vs_marine,general_v2,False,5,near,8.9107,OCTAGON,compact,vertical,3,7,375,350,1.0714,balanced,0.551948,"{""STALKER"": 3}","{""MARINE"": 7}",77b1ea0246b8f0839988e0ae62062e6877702a79c0bbadc4031f116f8c3d229d
r2g_train_0858,configs/train/r2g_train_0858.json,train,gen_stalker_vs_marine_02,stalker_vs_marine,general_v2,False,6,near,8.9363,OCTAGON,split,diag_down,3,7,375,350,1.0714,balanced,0.551948,"{""STALKER"": 3}","{""MARINE"": 7}",37e64619118b39a9a3c5e0fa6722bd42c58302b9932a5f74c2cbccadaafa60aa
r2g_train_0859,configs/train/r2g_train_0859.json,train,gen_stalker_vs_marine_02,stalker_vs_marine,general_v2,False,7,near,8.7157,NARROW,staggered,narrow_same_side,3,7,375,350,1.0714,balanced,0.551948,"{""STALKER"": 3}","{""MARINE"": 7}",b3fb26313e010ebff6375905055fdcb097f153a1f5ba99be3685f544c52f7562
r2g_train_0860,configs/train/r2g_train_0860.json,train,gen_stalker_vs_marine_02,stalker_vs_marine,general_v2,False,8,medium,12.8745,SIMPLE,type_split,horizontal,3,7,375,350,1.0714,balanced,0.551948,"{""STALKER"": 3}","{""MARINE"": 7}",c5bc3ad3d3b015ce0e1280a2ee3a0837b69e69aae4201d1ecc5feee5fca3a9d0
r2g_train_0861,configs/train/r2g_train_0861.json,train,gen_stalker_vs_marine_02,stalker_vs_marine,general_v2,False,9,medium,12.6085,OCTAGON,compact,diag_up,3,7,375,350,1.0714,balanced,0.551948,"{""STALKER"": 3}","{""MARINE"": 7}",e99ae58dd965bc9a94c8a41863bacbbf2fdb391886e4004b05c61f491cc969ea
r2g_train_0862,configs/train/r2g_train_0862.json,train,gen_stalker_vs_marine_02,stalker_vs_marine,general_v2,False,10,medium,12.694,NARROW,split,narrow_cross_gate,3,7,375,350,1.0714,balanced,0.551948,"{""STALKER"": 3}","{""MARINE"": 7}",af741dbb6541e46f707727c1c89535ff7729d02e8a76ce08a5f02ff671e8c038
r2g_train_0863,configs/train/r2g_train_0863.json,train,gen_stalker_vs_marine_02,stalker_vs_marine,general_v2,False,11,far,17.1865,SIMPLE,staggered,horizontal,3,7,375,350,1.0714,balanced,0.551948,"{""STALKER"": 3}","{""MARINE"": 7}",975d614c1318ce14efc6694a505f3c61530ea019a49b295769f0bb91008e967e
r2g_train_0864,configs/train/r2g_train_0864.json,train,gen_stalker_vs_marine_02,stalker_vs_marine,general_v2,False,12,far,16.8782,SIMPLE,type_split,horizontal,3,7,375,350,1.0714,balanced,0.551948,"{""STALKER"": 3}","{""MARINE"": 7}",ff91500f6399301c5de76bbbeba3b1b8997b51228ee503b18ac11a4fea72cc5f
r2g_train_0865,configs/train/r2g_train_0865.json,train,gen_stalker_vs_marine_03,stalker_vs_marine,general_v2,False,1,immediate,5.2565,NARROW,compact,narrow_same_side,4,9,500,450,1.1111,moderate_advantage,0.479798,"{""STALKER"": 4}","{""MARINE"": 9}",05bd7dd83b3315b436e949a75ad7e7f93a4dfdb8569f20cc9919dc259c60cb94
r2g_train_0866,configs/train/r2g_train_0866.json,train,gen_stalker_vs_marine_03,stalker_vs_marine,general_v2,False,2,immediate,5.3144,OCTAGON,split,diag_up,4,9,500,450,1.1111,moderate_advantage,0.479798,"{""STALKER"": 4}","{""MARINE"": 9}",e42d3f5a27ce24f8a09d2f6239e5d19d72f3a66456f528da7ed44af901b139bc
r2g_train_0867,configs/train/r2g_train_0867.json,train,gen_stalker_vs_marine_03,stalker_vs_marine,general_v2,False,3,immediate,5.4994,SIMPLE,staggered,horizontal,4,9,500,450,1.1111,moderate_advantage,0.479798,"{""STALKER"": 4}","{""MARINE"": 9}",122e9a7b9fcfbb766f15e70aa4991b30c71fb3d9e1a3c406bf8937e0dde4d2b6
r2g_train_0868,configs/train/r2g_train_0868.json,train,gen_stalker_vs_marine_03,stalker_vs_marine,general_v2,False,4,near,8.6151,NARROW,type_split,narrow_same_side,4,9,500,450,1.1111,moderate_advantage,0.479798,"{""STALKER"": 4}","{""MARINE"": 9}",9f4eeda68557f5f7f0424b8d445e6d95a31f1ccdc82c21ef495eea519c6d3f3d
r2g_train_0869,configs/train/r2g_train_0869.json,train,gen_stalker_vs_marine_03,stalker_vs_marine,general_v2,False,5,near,8.6633,OCTAGON,compact,vertical,4,9,500,450,1.1111,moderate_advantage,0.479798,"{""STALKER"": 4}","{""MARINE"": 9}",861b9db58c2b4ee11869792693b5a6c9659953a202ec403095cd60bd369f7691
r2g_train_0870,configs/train/r2g_train_0870.json,train,gen_stalker_vs_marine_03,stalker_vs_marine,general_v2,False,6,near,8.9292,OCTAGON,split,diag_down,4,9,500,450,1.1111,moderate_advantage,0.479798,"{""STALKER"": 4}","{""MARINE"": 9}",c649791466a266ebcb73974bf0c62c2b2b31d5a5bc5ffc99633906de6e78e55d
r2g_train_0871,configs/train/r2g_train_0871.json,train,gen_stalker_vs_marine_03,stalker_vs_marine,general_v2,False,7,near,8.6363,NARROW,staggered,narrow_same_side,4,9,500,450,1.1111,moderate_advantage,0.479798,"{""STALKER"": 4}","{""MARINE"": 9}",b33a7e7526b64a01e458ef54b32bd9c0ec9ded6f42e8478bdd9a499726e8c7ac
r2g_train_0872,configs/train/r2g_train_0872.json,train,gen_stalker_vs_marine_03,stalker_vs_marine,general_v2,False,8,medium,12.9338,SIMPLE,type_split,horizontal,4,9,500,450,1.1111,moderate_advantage,0.479798,"{""STALKER"": 4}","{""MARINE"": 9}",5087ab92f2edbb94b3982ce0db63f3ffa00e2b7b541a8b31c9da8a7c51b8f595
r2g_train_0873,configs/train/r2g_train_0873.json,train,gen_stalker_vs_marine_03,stalker_vs_marine,general_v2,False,9,medium,12.7727,OCTAGON,compact,diag_up,4,9,500,450,1.1111,moderate_advantage,0.479798,"{""STALKER"": 4}","{""MARINE"": 9}",7cf2f53c641df8726da1dac1b01b91aacba6b249eed200ec42abc11894bd0b68
r2g_train_0874,configs/train/r2g_train_0874.json,train,gen_stalker_vs_marine_03,stalker_vs_marine,general_v2,False,10,medium,12.7649,NARROW,split,narrow_cross_gate,4,9,500,450,1.1111,moderate_advantage,0.479798,"{""STALKER"": 4}","{""MARINE"": 9}",0cc61b267656a3672222111ef04bb4504a888da005dd5aed44058c90608a6681
r2g_train_0875,configs/train/r2g_train_0875.json,train,gen_stalker_vs_marine_03,stalker_vs_marine,general_v2,False,11,far,16.963,SIMPLE,staggered,horizontal,4,9,500,450,1.1111,moderate_advantage,0.479798,"{""STALKER"": 4}","{""MARINE"": 9}",4cc0e2b8c4e2532b9936ab81068c5d019c1b034c1d39c5ef22b6f531921e81bf
r2g_train_0876,configs/train/r2g_train_0876.json,train,gen_stalker_vs_marine_03,stalker_vs_marine,general_v2,False,12,far,16.823,SIMPLE,type_split,horizontal,4,9,500,450,1.1111,moderate_advantage,0.479798,"{""STALKER"": 4}","{""MARINE"": 9}",efb028f1428e97fa38cf1a91cafdfc76ea4110400fc3d7c4aeb61c947c3a01d0
r2g_train_0877,configs/train/r2g_train_0877.json,train,gen_stalker_vs_marine_04,stalker_vs_marine,general_v2,False,1,immediate,5.2695,NARROW,compact,narrow_same_side,4,8,500,400,1.25,moderate_advantage,0.227273,"{""STALKER"": 4}","{""MARINE"": 8}",5a267068ead59e46f1c1c478bd5afe9551d5960170c68ac5aec6d0b954a46339
r2g_train_0878,configs/train/r2g_train_0878.json,train,gen_stalker_vs_marine_04,stalker_vs_marine,general_v2,False,2,immediate,5.2171,OCTAGON,split,diag_up,4,8,500,400,1.25,moderate_advantage,0.227273,"{""STALKER"": 4}","{""MARINE"": 8}",e992cf8cf4497f96339134c84276ef8a5767f67a70a2192143a994654812e022
r2g_train_0879,configs/train/r2g_train_0879.json,train,gen_stalker_vs_marine_04,stalker_vs_marine,general_v2,False,3,immediate,5.4798,SIMPLE,staggered,horizontal,4,8,500,400,1.25,moderate_advantage,0.227273,"{""STALKER"": 4}","{""MARINE"": 8}",0f21354ec70bd17e1f17c95b6164adf64dc838124bed002d2786d7fc9a027837
r2g_train_0880,configs/train/r2g_train_0880.json,train,gen_stalker_vs_marine_04,stalker_vs_marine,general_v2,False,4,near,8.8632,NARROW,type_split,narrow_same_side,4,8,500,400,1.25,moderate_advantage,0.227273,"{""STALKER"": 4}","{""MARINE"": 8}",c520bdc58dcb4c46c9653314dff07c7a512c60653a4369dbb2c581b6316ce278
r2g_train_0881,configs/train/r2g_train_0881.json,train,gen_stalker_vs_marine_04,stalker_vs_marine,general_v2,False,5,near,8.8623,OCTAGON,compact,vertical,4,8,500,400,1.25,moderate_advantage,0.227273,"{""STALKER"": 4}","{""MARINE"": 8}",c2503cae52f95c2412b8ee1b4ed03171aa1414008ddefe25658220eab78ef0f4
r2g_train_0882,configs/train/r2g_train_0882.json,train,gen_stalker_vs_marine_04,stalker_vs_marine,general_v2,False,6,near,8.9792,OCTAGON,split,diag_down,4,8,500,400,1.25,moderate_advantage,0.227273,"{""STALKER"": 4}","{""MARINE"": 8}",9618e55e92bdc485b58b64d349bb3b67510ff2c95f14cea2baa9dd082314fc88
r2g_train_0883,configs/train/r2g_train_0883.json,train,gen_stalker_vs_marine_04,stalker_vs_marine,general_v2,False,7,near,8.984,NARROW,staggered,narrow_same_side,4,8,500,400,1.25,moderate_advantage,0.227273,"{""STALKER"": 4}","{""MARINE"": 8}",e028725b1ee6b87333a9ec2883860dedb80c3c3376706429f5cc0e28697aacd5
r2g_train_0884,configs/train/r2g_train_0884.json,train,gen_stalker_vs_marine_04,stalker_vs_marine,general_v2,False,8,medium,12.7666,SIMPLE,type_split,horizontal,4,8,500,400,1.25,moderate_advantage,0.227273,"{""STALKER"": 4}","{""MARINE"": 8}",4351f8dd5e15a0df59b4a2f7e5d65da2ceffd26176a0d7c228bfa77ff8232e55
r2g_train_0885,configs/train/r2g_train_0885.json,train,gen_stalker_vs_marine_04,stalker_vs_marine,general_v2,False,9,medium,12.8488,OCTAGON,compact,diag_up,4,8,500,400,1.25,moderate_advantage,0.227273,"{""STALKER"": 4}","{""MARINE"": 8}",a328224e63e0a9d5495db60ed6564960ac2237f5226c522b369a64a381a1abd9
r2g_train_0886,configs/train/r2g_train_0886.json,train,gen_stalker_vs_marine_04,stalker_vs_marine,general_v2,False,10,medium,12.9174,NARROW,split,narrow_cross_gate,4,8,500,400,1.25,moderate_advantage,0.227273,"{""STALKER"": 4}","{""MARINE"": 8}",0bead8b3b58bdc99e879b40109fd75c70d7db27107b0fb5f98b20058b58ab253
r2g_train_0887,configs/train/r2g_train_0887.json,train,gen_stalker_vs_marine_04,stalker_vs_marine,general_v2,False,11,far,17.0236,SIMPLE,staggered,horizontal,4,8,500,400,1.25,moderate_advantage,0.227273,"{""STALKER"": 4}","{""MARINE"": 8}",47ac223fad9299c2b054a33841f7d884101ca27ceb51151eb7fcef67a3ce7d37
r2g_train_0888,configs/train/r2g_train_0888.json,train,gen_stalker_vs_marine_04,stalker_vs_marine,general_v2,False,12,far,16.8175,SIMPLE,type_split,horizontal,4,8,500,400,1.25,moderate_advantage,0.227273,"{""STALKER"": 4}","{""MARINE"": 8}",2f77f8d043b628e43c1b6c890d05359521036b5a6f5213c9441e615e27ca753e
r2g_train_0889,configs/train/r2g_train_0889.json,train,gen_stalker_vs_marine_05,stalker_vs_marine,general_v2,False,1,immediate,5.3259,NARROW,compact,narrow_same_side,5,8,625,400,1.5625,strong_advantage,0.0,"{""STALKER"": 5}","{""MARINE"": 8}",c9674d4dcb8d159861d33797cd5249f00a8672c053bfff44386e63633f6ad015
r2g_train_0890,configs/train/r2g_train_0890.json,train,gen_stalker_vs_marine_05,stalker_vs_marine,general_v2,False,2,immediate,5.3874,OCTAGON,split,diag_up,5,8,625,400,1.5625,strong_advantage,0.0,"{""STALKER"": 5}","{""MARINE"": 8}",a7eb58e1e0df9515710e38937398635fb0e42219d706b65c31c8ac207b032569
r2g_train_0891,configs/train/r2g_train_0891.json,train,gen_stalker_vs_marine_05,stalker_vs_marine,general_v2,False,3,immediate,5.4927,SIMPLE,staggered,horizontal,5,8,625,400,1.5625,strong_advantage,0.0,"{""STALKER"": 5}","{""MARINE"": 8}",879b07fd120798061617fced1ace4613d19fbb34f0958117aa243b4c5523a502
r2g_train_0892,configs/train/r2g_train_0892.json,train,gen_stalker_vs_marine_05,stalker_vs_marine,general_v2,False,4,near,8.8603,NARROW,type_split,narrow_same_side,5,8,625,400,1.5625,strong_advantage,0.0,"{""STALKER"": 5}","{""MARINE"": 8}",24d5edd4481939a4b852b356ec25987e70d40e6c845654a41f6a5fe8667c2300
r2g_train_0893,configs/train/r2g_train_0893.json,train,gen_stalker_vs_marine_05,stalker_vs_marine,general_v2,False,5,near,8.7386,OCTAGON,compact,vertical,5,8,625,400,1.5625,strong_advantage,0.0,"{""STALKER"": 5}","{""MARINE"": 8}",1a504b8b39f36d1a480b53ae49af4a3e674bdeaab7e97d08a75d4f1d4c1d99a1
r2g_train_0894,configs/train/r2g_train_0894.json,train,gen_stalker_vs_marine_05,stalker_vs_marine,general_v2,False,6,near,8.9098,OCTAGON,split,diag_down,5,8,625,400,1.5625,strong_advantage,0.0,"{""STALKER"": 5}","{""MARINE"": 8}",bfc96f1f2db0cedba940ad4b3b94b48ba6774dabaa479aef63ab215aef39192b
r2g_train_0895,configs/train/r2g_train_0895.json,train,gen_stalker_vs_marine_05,stalker_vs_marine,general_v2,False,7,near,8.7413,NARROW,staggered,narrow_same_side,5,8,625,400,1.5625,strong_advantage,0.0,"{""STALKER"": 5}","{""MARINE"": 8}",845bc769d5c0413586b8043717c506d1b3506aec01da12ab839988b241ff3ce2
r2g_train_0896,configs/train/r2g_train_0896.json,train,gen_stalker_vs_marine_05,stalker_vs_marine,general_v2,False,8,medium,12.9987,SIMPLE,type_split,horizontal,5,8,625,400,1.5625,strong_advantage,0.0,"{""STALKER"": 5}","{""MARINE"": 8}",6a18363b4a9d7f99a7cadca9525959b5f4dca9f8276d077c1647dd44b1eed65c
r2g_train_0897,configs/train/r2g_train_0897.json,train,gen_stalker_vs_marine_05,stalker_vs_marine,general_v2,False,9,medium,12.7825,OCTAGON,compact,diag_up,5,8,625,400,1.5625,strong_advantage,0.0,"{""STALKER"": 5}","{""MARINE"": 8}",b2451b4c97990fe4a89e1ca5519c437a03880012debd469e9df4a458ebf93bd9
r2g_train_0898,configs/train/r2g_train_0898.json,train,gen_stalker_vs_marine_05,stalker_vs_marine,general_v2,False,10,medium,12.8954,NARROW,split,narrow_cross_gate,5,8,625,400,1.5625,strong_advantage,0.0,"{""STALKER"": 5}","{""MARINE"": 8}",bcb2692e7158deb27d2020a1f487c3f4878bce90b8a43366ff281dcfef92d2d0
r2g_train_0899,configs/train/r2g_train_0899.json,train,gen_stalker_vs_marine_05,stalker_vs_marine,general_v2,False,11,far,17.1607,SIMPLE,staggered,horizontal,5,8,625,400,1.5625,strong_advantage,0.0,"{""STALKER"": 5}","{""MARINE"": 8}",f4ec8e2c4fd5d2dd73322003ea07b7482f362c0c01f3df73e6ef8d59bd88d3a4
r2g_train_0900,configs/train/r2g_train_0900.json,train,gen_stalker_vs_marine_05,stalker_vs_marine,general_v2,False,12,far,16.939,SIMPLE,type_split,horizontal,5,8,625,400,1.5625,strong_advantage,0.0,"{""STALKER"": 5}","{""MARINE"": 8}",23afebaa0e701fa67d13d7cd65d08bd85f9304f27ba1230ca4a9e3de50c8aa56
r2g_train_0901,configs/train/r2g_train_0901.json,train,gen_marauder_vs_zealot_01,marauder_vs_zealot,general_v2,False,1,immediate,5.439,NARROW,compact,narrow_same_side,2,2,200,200,1.0,balanced,0.681818,"{""MARAUDER"": 2}","{""ZEALOT"": 2}",7a79c7f64d54105ad05b44afc9db4df9affad3e4355ba13086ecd82f55304140
r2g_train_0902,configs/train/r2g_train_0902.json,train,gen_marauder_vs_zealot_01,marauder_vs_zealot,general_v2,False,2,immediate,5.4508,OCTAGON,split,diag_up,2,2,200,200,1.0,balanced,0.681818,"{""MARAUDER"": 2}","{""ZEALOT"": 2}",a20d6fccb7ecd42e290902cdcdc58a533795bc47b737c303b166d433c9fd0e83
r2g_train_0903,configs/train/r2g_train_0903.json,train,gen_marauder_vs_zealot_01,marauder_vs_zealot,general_v2,False,3,immediate,5.4427,SIMPLE,staggered,horizontal,2,2,200,200,1.0,balanced,0.681818,"{""MARAUDER"": 2}","{""ZEALOT"": 2}",ed41dfe47ebab9f66c2bc34b82d1d7c6cb6e21f254ac66ad53c469514e482861
r2g_train_0904,configs/train/r2g_train_0904.json,train,gen_marauder_vs_zealot_01,marauder_vs_zealot,general_v2,False,4,near,8.969,NARROW,type_split,narrow_same_side,2,2,200,200,1.0,balanced,0.681818,"{""MARAUDER"": 2}","{""ZEALOT"": 2}",2d59d6a0db3c88715d0674d89df5c0884a59a96ea348c65e9c8ac822150a8c88
r2g_train_0905,configs/train/r2g_train_0905.json,train,gen_marauder_vs_zealot_01,marauder_vs_zealot,general_v2,False,5,near,8.684,OCTAGON,compact,vertical,2,2,200,200,1.0,balanced,0.681818,"{""MARAUDER"": 2}","{""ZEALOT"": 2}",37e1febc39d439253f17dbe223025f8919d32f07c6f8e03b58fac60217946b0e
r2g_train_0906,configs/train/r2g_train_0906.json,train,gen_marauder_vs_zealot_01,marauder_vs_zealot,general_v2,False,6,near,8.6101,OCTAGON,split,diag_down,2,2,200,200,1.0,balanced,0.681818,"{""MARAUDER"": 2}","{""ZEALOT"": 2}",4ca0c82836f82014d404b9d43b67400ae1a33f8f97b177623273ecbdaa1a86c2
r2g_train_0907,configs/train/r2g_train_0907.json,train,gen_marauder_vs_zealot_01,marauder_vs_zealot,general_v2,False,7,near,8.916,NARROW,staggered,narrow_same_side,2,2,200,200,1.0,balanced,0.681818,"{""MARAUDER"": 2}","{""ZEALOT"": 2}",e6fc9af5438dee98f2af7993b7af7b25f6084d72ed9cb60985610bac9c5b5fb7
r2g_train_0908,configs/train/r2g_train_0908.json,train,gen_marauder_vs_zealot_01,marauder_vs_zealot,general_v2,False,8,medium,12.6486,SIMPLE,type_split,horizontal,2,2,200,200,1.0,balanced,0.681818,"{""MARAUDER"": 2}","{""ZEALOT"": 2}",32019e0c27fecfa000177cbdf6d1a272e4df98e12ee6d88892b5ad85752f5ebc
r2g_train_0909,configs/train/r2g_train_0909.json,train,gen_marauder_vs_zealot_01,marauder_vs_zealot,general_v2,False,9,medium,12.6022,OCTAGON,compact,diag_up,2,2,200,200,1.0,balanced,0.681818,"{""MARAUDER"": 2}","{""ZEALOT"": 2}",0e08d61abccad4e04c559707ec4ef579271f15443c6722e110eef02674f1294b
r2g_train_0910,configs/train/r2g_train_0910.json,train,gen_marauder_vs_zealot_01,marauder_vs_zealot,general_v2,False,10,medium,12.6046,NARROW,split,narrow_cross_gate,2,2,200,200,1.0,balanced,0.681818,"{""MARAUDER"": 2}","{""ZEALOT"": 2}",962d014e9240b1fa066411bac602a3ae1375f834e5cc59f13d1ede87299170bb
r2g_train_0911,configs/train/r2g_train_0911.json,train,gen_marauder_vs_zealot_01,marauder_vs_zealot,general_v2,False,11,far,16.8236,SIMPLE,staggered,horizontal,2,2,200,200,1.0,balanced,0.681818,"{""MARAUDER"": 2}","{""ZEALOT"": 2}",815a389611d353c126f71a5fd3cf438e39f98a3c60ff7b78cfc80284772b3700
r2g_train_0912,configs/train/r2g_train_0912.json,train,gen_marauder_vs_zealot_01,marauder_vs_zealot,general_v2,False,12,far,16.9276,SIMPLE,type_split,horizontal,2,2,200,200,1.0,balanced,0.681818,"{""MARAUDER"": 2}","{""ZEALOT"": 2}",29f6a96a930b397f794d4c6358f96a5a9c86270e99edeb4ae7b9432a231aaddf
r2g_train_0913,configs/train/r2g_train_0913.json,train,gen_marauder_vs_zealot_02,marauder_vs_zealot,general_v2,False,1,immediate,5.2455,NARROW,compact,narrow_same_side,4,4,400,400,1.0,balanced,0.681818,"{""MARAUDER"": 4}","{""ZEALOT"": 4}",d7e254d339a498dbe9db9c7e10cccbeb6982b396c18da69cfdacaab2c51e9c7d
r2g_train_0914,configs/train/r2g_train_0914.json,train,gen_marauder_vs_zealot_02,marauder_vs_zealot,general_v2,False,2,immediate,5.3829,OCTAGON,split,diag_up,4,4,400,400,1.0,balanced,0.681818,"{""MARAUDER"": 4}","{""ZEALOT"": 4}",33688d003657416fb4de82160e1fb8eea0702cc086cf5d8d1d966d2a5639f1f5
r2g_train_0915,configs/train/r2g_train_0915.json,train,gen_marauder_vs_zealot_02,marauder_vs_zealot,general_v2,False,3,immediate,5.3527,SIMPLE,staggered,horizontal,4,4,400,400,1.0,balanced,0.681818,"{""MARAUDER"": 4}","{""ZEALOT"": 4}",3bcdc55ef109bb4e5d968c3a20b0f124634de6b2fffc93f30b8643811ae4e1d1
r2g_train_0916,configs/train/r2g_train_0916.json,train,gen_marauder_vs_zealot_02,marauder_vs_zealot,general_v2,False,4,near,8.7593,NARROW,type_split,narrow_same_side,4,4,400,400,1.0,balanced,0.681818,"{""MARAUDER"": 4}","{""ZEALOT"": 4}",459479166a52726ea1b10a680f3d0b8dd624fcebe2017c9ad17431280143806a
r2g_train_0917,configs/train/r2g_train_0917.json,train,gen_marauder_vs_zealot_02,marauder_vs_zealot,general_v2,False,5,near,8.9175,OCTAGON,compact,vertical,4,4,400,400,1.0,balanced,0.681818,"{""MARAUDER"": 4}","{""ZEALOT"": 4}",565341659492802e65dfe5b4f46798046ad8389c620778479255fdc8eb2fd77d
r2g_train_0918,configs/train/r2g_train_0918.json,train,gen_marauder_vs_zealot_02,marauder_vs_zealot,general_v2,False,6,near,8.7038,OCTAGON,split,diag_down,4,4,400,400,1.0,balanced,0.681818,"{""MARAUDER"": 4}","{""ZEALOT"": 4}",f2757ad857bdd9ac9718ad4e08613f0b472a78eed724f493bda7b53ea28b764a
r2g_train_0919,configs/train/r2g_train_0919.json,train,gen_marauder_vs_zealot_02,marauder_vs_zealot,general_v2,False,7,near,8.634,NARROW,staggered,narrow_same_side,4,4,400,400,1.0,balanced,0.681818,"{""MARAUDER"": 4}","{""ZEALOT"": 4}",d4c9b2301669be197ba8fde26bc457ad24ad9bc2ec48608bdac3267f7dcf4105
r2g_train_0920,configs/train/r2g_train_0920.json,train,gen_marauder_vs_zealot_02,marauder_vs_zealot,general_v2,False,8,medium,12.8248,SIMPLE,type_split,horizontal,4,4,400,400,1.0,balanced,0.681818,"{""MARAUDER"": 4}","{""ZEALOT"": 4}",92fbd17cf5533918b10a06d099b8f87b80c2c3e89c3e7f6a0b4226fed96efd3b
r2g_train_0921,configs/train/r2g_train_0921.json,train,gen_marauder_vs_zealot_02,marauder_vs_zealot,general_v2,False,9,medium,12.9105,OCTAGON,compact,diag_up,4,4,400,400,1.0,balanced,0.681818,"{""MARAUDER"": 4}","{""ZEALOT"": 4}",c29c26554f27606dabc5176a4685cf9a43324323bb15ac31284f8786f37d56de
r2g_train_0922,configs/train/r2g_train_0922.json,train,gen_marauder_vs_zealot_02,marauder_vs_zealot,general_v2,False,10,medium,12.8406,NARROW,split,narrow_cross_gate,4,4,400,400,1.0,balanced,0.681818,"{""MARAUDER"": 4}","{""ZEALOT"": 4}",96927dbd55f32a5405a1d9c60902eb251ccabe3db0df3669c4166f889c4d1d5c
r2g_train_0923,configs/train/r2g_train_0923.json,train,gen_marauder_vs_zealot_02,marauder_vs_zealot,general_v2,False,11,far,17.0237,SIMPLE,staggered,horizontal,4,4,400,400,1.0,balanced,0.681818,"{""MARAUDER"": 4}","{""ZEALOT"": 4}",c68ef2cc85a851b2a284a9a59d83dc664e015a56f9e12d0b530abb3285b8366f
r2g_train_0924,configs/train/r2g_train_0924.json,train,gen_marauder_vs_zealot_02,marauder_vs_zealot,general_v2,False,12,far,17.1745,SIMPLE,type_split,horizontal,4,4,400,400,1.0,balanced,0.681818,"{""MARAUDER"": 4}","{""ZEALOT"": 4}",f670d6e29cc350ce81f0c78c96dea4af3a4dc0c4dedd2a1a3c6608da6c549403
r2g_train_0925,configs/train/r2g_train_0925.json,train,gen_marauder_vs_zealot_03,marauder_vs_zealot,general_v2,False,1,immediate,5.3541,NARROW,compact,narrow_same_side,7,6,700,600,1.1667,moderate_advantage,0.378788,"{""MARAUDER"": 7}","{""ZEALOT"": 6}",e84d6506532088b2c03239fb9a4ffd698cd69da36c2de148d5ff0efdae31315a
r2g_train_0926,configs/train/r2g_train_0926.json,train,gen_marauder_vs_zealot_03,marauder_vs_zealot,general_v2,False,2,immediate,5.2559,OCTAGON,split,diag_up,7,6,700,600,1.1667,moderate_advantage,0.378788,"{""MARAUDER"": 7}","{""ZEALOT"": 6}",9c6f38b445099e206a44afff81a1e90396b96dcef6ed4f827cec1513266c2de6
r2g_train_0927,configs/train/r2g_train_0927.json,train,gen_marauder_vs_zealot_03,marauder_vs_zealot,general_v2,False,3,immediate,5.2119,SIMPLE,staggered,horizontal,7,6,700,600,1.1667,moderate_advantage,0.378788,"{""MARAUDER"": 7}","{""ZEALOT"": 6}",bd65995a942c8530dad4b3ca2bb28813da0f95fb1dae6ed99b5c7ec852120aea
r2g_train_0928,configs/train/r2g_train_0928.json,train,gen_marauder_vs_zealot_03,marauder_vs_zealot,general_v2,False,4,near,8.9562,NARROW,type_split,narrow_same_side,7,6,700,600,1.1667,moderate_advantage,0.378788,"{""MARAUDER"": 7}","{""ZEALOT"": 6}",ef766cc973a7f00f61e798ef35398801bdeeb3a05a50a34a5d6c7725b350e987
r2g_train_0929,configs/train/r2g_train_0929.json,train,gen_marauder_vs_zealot_03,marauder_vs_zealot,general_v2,False,5,near,8.943,OCTAGON,compact,vertical,7,6,700,600,1.1667,moderate_advantage,0.378788,"{""MARAUDER"": 7}","{""ZEALOT"": 6}",1ea8363a7a871ab08268a1e12b4017ea9f9861c00e5b9af35072c433b69c8888
r2g_train_0930,configs/train/r2g_train_0930.json,train,gen_marauder_vs_zealot_03,marauder_vs_zealot,general_v2,False,6,near,8.8036,OCTAGON,split,diag_down,7,6,700,600,1.1667,moderate_advantage,0.378788,"{""MARAUDER"": 7}","{""ZEALOT"": 6}",2380e08de87a109df0b5b99a32410b075d1daac7e4ab9bb0e2923f0d9c083c59
r2g_train_0931,configs/train/r2g_train_0931.json,train,gen_marauder_vs_zealot_03,marauder_vs_zealot,general_v2,False,7,near,8.9102,NARROW,staggered,narrow_same_side,7,6,700,600,1.1667,moderate_advantage,0.378788,"{""MARAUDER"": 7}","{""ZEALOT"": 6}",2545fbff77a4955d9d6dd3f96ca78c7ef292d55643f7fc833f204d06e690bcae
r2g_train_0932,configs/train/r2g_train_0932.json,train,gen_marauder_vs_zealot_03,marauder_vs_zealot,general_v2,False,8,medium,12.9352,SIMPLE,type_split,horizontal,7,6,700,600,1.1667,moderate_advantage,0.378788,"{""MARAUDER"": 7}","{""ZEALOT"": 6}",4f193f235024d578a34399b6bc8cfe53bac651ae14a3388a5c75e1fbaf8d2931
r2g_train_0933,configs/train/r2g_train_0933.json,train,gen_marauder_vs_zealot_03,marauder_vs_zealot,general_v2,False,9,medium,12.8329,OCTAGON,compact,diag_up,7,6,700,600,1.1667,moderate_advantage,0.378788,"{""MARAUDER"": 7}","{""ZEALOT"": 6}",57be3e4bd36b36bfaf0f49835792b17d736843840c7d013a99f093d3142aba24
r2g_train_0934,configs/train/r2g_train_0934.json,train,gen_marauder_vs_zealot_03,marauder_vs_zealot,general_v2,False,10,medium,12.9057,NARROW,split,narrow_cross_gate,7,6,700,600,1.1667,moderate_advantage,0.378788,"{""MARAUDER"": 7}","{""ZEALOT"": 6}",85631c3bb8fa0f1d7309fb5c6ba88ef1b320eddc4e355aedbe9f26ac1e14c118
r2g_train_0935,configs/train/r2g_train_0935.json,train,gen_marauder_vs_zealot_03,marauder_vs_zealot,general_v2,False,11,far,17.1859,SIMPLE,staggered,horizontal,7,6,700,600,1.1667,moderate_advantage,0.378788,"{""MARAUDER"": 7}","{""ZEALOT"": 6}",0a0e84f7b3828c756fb4fb8ba40980c4773aa0ebfe8faf103f47cb66eb71d505
r2g_train_0936,configs/train/r2g_train_0936.json,train,gen_marauder_vs_zealot_03,marauder_vs_zealot,general_v2,False,12,far,16.8189,SIMPLE,type_split,horizontal,7,6,700,600,1.1667,moderate_advantage,0.378788,"{""MARAUDER"": 7}","{""ZEALOT"": 6}",58429587bb32732fe68f1bbdff8f2951f8b20331dc8d7869fefdc2e669dd9e5a
r2g_train_0937,configs/train/r2g_train_0937.json,train,gen_marauder_vs_zealot_04,marauder_vs_zealot,general_v2,False,1,immediate,5.4486,NARROW,compact,narrow_same_side,9,7,900,700,1.2857,moderate_advantage,0.162338,"{""MARAUDER"": 9}","{""ZEALOT"": 7}",29242e15767efa5ece3c57e8eb4eee4858f33f023180575bc82625feb9d473c4
r2g_train_0938,configs/train/r2g_train_0938.json,train,gen_marauder_vs_zealot_04,marauder_vs_zealot,general_v2,False,2,immediate,5.418,OCTAGON,split,diag_up,9,7,900,700,1.2857,moderate_advantage,0.162338,"{""MARAUDER"": 9}","{""ZEALOT"": 7}",0127406c1b7f66ffc45fdc93c08c1ad9727beaba89de9e836fa6b577e37fdec4
r2g_train_0939,configs/train/r2g_train_0939.json,train,gen_marauder_vs_zealot_04,marauder_vs_zealot,general_v2,False,3,immediate,5.544,SIMPLE,staggered,horizontal,9,7,900,700,1.2857,moderate_advantage,0.162338,"{""MARAUDER"": 9}","{""ZEALOT"": 7}",f375ec2bbdbbb9014007761ac2f79bf66371a1088c81e12bf133a5d8e803eafa
r2g_train_0940,configs/train/r2g_train_0940.json,train,gen_marauder_vs_zealot_04,marauder_vs_zealot,general_v2,False,4,near,8.7095,NARROW,type_split,narrow_same_side,9,7,900,700,1.2857,moderate_advantage,0.162338,"{""MARAUDER"": 9}","{""ZEALOT"": 7}",59a3d43f040c37cba079ca27453617f4bce46ddf2fc5908dfe5af7733fe898d9
r2g_train_0941,configs/train/r2g_train_0941.json,train,gen_marauder_vs_zealot_04,marauder_vs_zealot,general_v2,False,5,near,8.8888,OCTAGON,compact,vertical,9,7,900,700,1.2857,moderate_advantage,0.162338,"{""MARAUDER"": 9}","{""ZEALOT"": 7}",65417d36c50b3059b0e2b98cc3eb9d4151d741dd60e205d8d7689c2f7ef38a69
r2g_train_0942,configs/train/r2g_train_0942.json,train,gen_marauder_vs_zealot_04,marauder_vs_zealot,general_v2,False,6,near,8.9653,OCTAGON,split,diag_down,9,7,900,700,1.2857,moderate_advantage,0.162338,"{""MARAUDER"": 9}","{""ZEALOT"": 7}",8a9d909cdf8abe1d6b444d2817bae60db692f86d10ae0e15a02a9550d8eb8400
r2g_train_0943,configs/train/r2g_train_0943.json,train,gen_marauder_vs_zealot_04,marauder_vs_zealot,general_v2,False,7,near,8.8715,NARROW,staggered,narrow_same_side,9,7,900,700,1.2857,moderate_advantage,0.162338,"{""MARAUDER"": 9}","{""ZEALOT"": 7}",2e2424192f5e26dab14acd54dfd27d7f347f030460b2e747c74410fd087105ca
r2g_train_0944,configs/train/r2g_train_0944.json,train,gen_marauder_vs_zealot_04,marauder_vs_zealot,general_v2,False,8,medium,12.7329,SIMPLE,type_split,horizontal,9,7,900,700,1.2857,moderate_advantage,0.162338,"{""MARAUDER"": 9}","{""ZEALOT"": 7}",8b7b2391d326cf7ad195a3b7f31eaf97e16000ef57cd59af82b7c8520d0cdf63
r2g_train_0945,configs/train/r2g_train_0945.json,train,gen_marauder_vs_zealot_04,marauder_vs_zealot,general_v2,False,9,medium,12.7156,OCTAGON,compact,diag_up,9,7,900,700,1.2857,moderate_advantage,0.162338,"{""MARAUDER"": 9}","{""ZEALOT"": 7}",498c48c6a82f1d7f31937ca0d5745b49fe0ef913ae849ef4df62420fb6739c79
r2g_train_0946,configs/train/r2g_train_0946.json,train,gen_marauder_vs_zealot_04,marauder_vs_zealot,general_v2,False,10,medium,12.8323,NARROW,split,narrow_cross_gate,9,7,900,700,1.2857,moderate_advantage,0.162338,"{""MARAUDER"": 9}","{""ZEALOT"": 7}",6fbce07742c0bf466d2de421962727c675c9f39b02b7f5b8a781ee87a3785c1c
r2g_train_0947,configs/train/r2g_train_0947.json,train,gen_marauder_vs_zealot_04,marauder_vs_zealot,general_v2,False,11,far,16.9552,SIMPLE,staggered,horizontal,9,7,900,700,1.2857,moderate_advantage,0.162338,"{""MARAUDER"": 9}","{""ZEALOT"": 7}",386abc0cfdeca959ff9afc358d9236ad5252180dbef901a884d6c3e38cd67142
r2g_train_0948,configs/train/r2g_train_0948.json,train,gen_marauder_vs_zealot_04,marauder_vs_zealot,general_v2,False,12,far,16.9552,SIMPLE,type_split,horizontal,9,7,900,700,1.2857,moderate_advantage,0.162338,"{""MARAUDER"": 9}","{""ZEALOT"": 7}",996e4edeedb341a17ed790af233bdab7b46cf5d46c9f8c03c53e67fe1f154e97
r2g_train_0949,configs/train/r2g_train_0949.json,train,gen_marauder_vs_zealot_05,marauder_vs_zealot,general_v2,False,1,immediate,5.5711,NARROW,compact,narrow_same_side,9,6,900,600,1.5,strong_advantage,0.0,"{""MARAUDER"": 9}","{""ZEALOT"": 6}",eaea8c2a54274a98c637764f20e4a56cf6366de81864cb50f474ee28968c35b8
r2g_train_0950,configs/train/r2g_train_0950.json,train,gen_marauder_vs_zealot_05,marauder_vs_zealot,general_v2,False,2,immediate,5.3748,OCTAGON,split,diag_up,9,6,900,600,1.5,strong_advantage,0.0,"{""MARAUDER"": 9}","{""ZEALOT"": 6}",f54752774afc5cb79867c48e066b31baca3c5b16e009d1c174ef4d3e5e4808d9
r2g_train_0951,configs/train/r2g_train_0951.json,train,gen_marauder_vs_zealot_05,marauder_vs_zealot,general_v2,False,3,immediate,5.2165,SIMPLE,staggered,horizontal,9,6,900,600,1.5,strong_advantage,0.0,"{""MARAUDER"": 9}","{""ZEALOT"": 6}",95d43c0f6cd3e0788f948c68b96fb4b2dab00d6b990989ae24be75698d83b93f
r2g_train_0952,configs/train/r2g_train_0952.json,train,gen_marauder_vs_zealot_05,marauder_vs_zealot,general_v2,False,4,near,8.7372,NARROW,type_split,narrow_same_side,9,6,900,600,1.5,strong_advantage,0.0,"{""MARAUDER"": 9}","{""ZEALOT"": 6}",60aa57842d62e735f43948f10013862afe5bd018c21a7e15270e8ff5f0645d22
r2g_train_0953,configs/train/r2g_train_0953.json,train,gen_marauder_vs_zealot_05,marauder_vs_zealot,general_v2,False,5,near,8.925,OCTAGON,compact,vertical,9,6,900,600,1.5,strong_advantage,0.0,"{""MARAUDER"": 9}","{""ZEALOT"": 6}",3f43074611673b7d162f83ccdbe5f373d2d0c9ab46cb403f556794de93cd1af9
r2g_train_0954,configs/train/r2g_train_0954.json,train,gen_marauder_vs_zealot_05,marauder_vs_zealot,general_v2,False,6,near,8.7462,OCTAGON,split,diag_down,9,6,900,600,1.5,strong_advantage,0.0,"{""MARAUDER"": 9}","{""ZEALOT"": 6}",55666e170d19be96e9bfe4fdfc028924080ba38ecd5db7d31f4afcbe10c116d9
r2g_train_0955,configs/train/r2g_train_0955.json,train,gen_marauder_vs_zealot_05,marauder_vs_zealot,general_v2,False,7,near,8.6092,NARROW,staggered,narrow_same_side,9,6,900,600,1.5,strong_advantage,0.0,"{""MARAUDER"": 9}","{""ZEALOT"": 6}",04e3f335f805dd71dae7acc712ab7d5cb9f3157a057c6a325bf5e2660e441484
r2g_train_0956,configs/train/r2g_train_0956.json,train,gen_marauder_vs_zealot_05,marauder_vs_zealot,general_v2,False,8,medium,12.6771,SIMPLE,type_split,horizontal,9,6,900,600,1.5,strong_advantage,0.0,"{""MARAUDER"": 9}","{""ZEALOT"": 6}",9e3a068cfe2cde10c508d658fb2424ed9a0cec6afb121c860d3398645457c2d7
r2g_train_0957,configs/train/r2g_train_0957.json,train,gen_marauder_vs_zealot_05,marauder_vs_zealot,general_v2,False,9,medium,12.6308,OCTAGON,compact,diag_up,9,6,900,600,1.5,strong_advantage,0.0,"{""MARAUDER"": 9}","{""ZEALOT"": 6}",88d9b6313a9dff2933670991453f416caaf86804fe01eb8495c6ec09bcf9b121
r2g_train_0958,configs/train/r2g_train_0958.json,train,gen_marauder_vs_zealot_05,marauder_vs_zealot,general_v2,False,10,medium,12.6004,NARROW,split,narrow_cross_gate,9,6,900,600,1.5,strong_advantage,0.0,"{""MARAUDER"": 9}","{""ZEALOT"": 6}",f8451da3aee1b29e5fb313048ad0a4924c4ded3acbea985a2ee8b615eddfb19f
r2g_train_0959,configs/train/r2g_train_0959.json,train,gen_marauder_vs_zealot_05,marauder_vs_zealot,general_v2,False,11,far,17.1128,SIMPLE,staggered,horizontal,9,6,900,600,1.5,strong_advantage,0.0,"{""MARAUDER"": 9}","{""ZEALOT"": 6}",74fd464aa2cec7e553bb9c6a2df1d9374420b10fd95345d31df1caabb54fcba4
r2g_train_0960,configs/train/r2g_train_0960.json,train,gen_marauder_vs_zealot_05,marauder_vs_zealot,general_v2,False,12,far,17.1567,SIMPLE,type_split,horizontal,9,6,900,600,1.5,strong_advantage,0.0,"{""MARAUDER"": 9}","{""ZEALOT"": 6}",e39d56535453566d577c4eaadedb3541a9f84f936e2ac76baa550f3831c6497b
r2g_train_0961,configs/train/r2g_train_0961.json,train,gen_swarm_vs_bio_01,swarm_vs_bio,general_v2,False,1,immediate,5.3448,NARROW,compact,narrow_same_side,5,3,200,200,1.0,balanced,0.681818,"{""BANELING"": 3, ""ZERGLING"": 2}","{""MARAUDER"": 1, ""MARINE"": 2}",7326c98dc31ee92d985b04c743a3babe11976bbd2b5079dfe1175ee6df48b5f5
r2g_train_0962,configs/train/r2g_train_0962.json,train,gen_swarm_vs_bio_01,swarm_vs_bio,general_v2,False,2,immediate,5.5321,OCTAGON,split,diag_up,5,3,200,200,1.0,balanced,0.681818,"{""BANELING"": 3, ""ZERGLING"": 2}","{""MARAUDER"": 1, ""MARINE"": 2}",74286279019ccf34f5ddc60c64519a551526834652cc22606a9f7ef20215aa5d
r2g_train_0963,configs/train/r2g_train_0963.json,train,gen_swarm_vs_bio_01,swarm_vs_bio,general_v2,False,3,immediate,5.4675,SIMPLE,staggered,horizontal,5,3,200,200,1.0,balanced,0.681818,"{""BANELING"": 3, ""ZERGLING"": 2}","{""MARAUDER"": 1, ""MARINE"": 2}",6f1a60bea2876e497ef62590161fd436c44e22b00af9291e9d572e67638af010
r2g_train_0964,configs/train/r2g_train_0964.json,train,gen_swarm_vs_bio_01,swarm_vs_bio,general_v2,False,4,near,8.7214,NARROW,type_split,narrow_same_side,5,3,200,200,1.0,balanced,0.681818,"{""BANELING"": 3, ""ZERGLING"": 2}","{""MARAUDER"": 1, ""MARINE"": 2}",e8b7bcc51a37f85aae5bcd6e00566e284154a97b0a96514a6196d0d959e472d8
r2g_train_0965,configs/train/r2g_train_0965.json,train,gen_swarm_vs_bio_01,swarm_vs_bio,general_v2,False,5,near,8.6911,OCTAGON,compact,vertical,5,3,200,200,1.0,balanced,0.681818,"{""BANELING"": 3, ""ZERGLING"": 2}","{""MARAUDER"": 1, ""MARINE"": 2}",319c2781869e1306608618f149c4200b884b98830315949ef8c881e2cc6491d9
r2g_train_0966,configs/train/r2g_train_0966.json,train,gen_swarm_vs_bio_01,swarm_vs_bio,general_v2,False,6,near,8.9142,OCTAGON,split,diag_down,5,3,200,200,1.0,balanced,0.681818,"{""BANELING"": 3, ""ZERGLING"": 2}","{""MARAUDER"": 1, ""MARINE"": 2}",155d343940c6e6cf817100968d51e83a131cf040569e89b3048786bd0b32789f
r2g_train_0967,configs/train/r2g_train_0967.json,train,gen_swarm_vs_bio_01,swarm_vs_bio,general_v2,False,7,near,8.6671,NARROW,staggered,narrow_same_side,5,3,200,200,1.0,balanced,0.681818,"{""BANELING"": 3, ""ZERGLING"": 2}","{""MARAUDER"": 1, ""MARINE"": 2}",b5b1354867e57064dc5fef95b2892e25b03183090f589fae4d18e039dbff60a5
r2g_train_0968,configs/train/r2g_train_0968.json,train,gen_swarm_vs_bio_01,swarm_vs_bio,general_v2,False,8,medium,12.6766,SIMPLE,type_split,horizontal,5,3,200,200,1.0,balanced,0.681818,"{""BANELING"": 3, ""ZERGLING"": 2}","{""MARAUDER"": 1, ""MARINE"": 2}",1bdf823604c9ed9ca208f00758f79d8e007ebdd18f6785fa9ed1f3c30098dabc
r2g_train_0969,configs/train/r2g_train_0969.json,train,gen_swarm_vs_bio_01,swarm_vs_bio,general_v2,False,9,medium,12.7556,OCTAGON,compact,diag_up,5,3,200,200,1.0,balanced,0.681818,"{""BANELING"": 3, ""ZERGLING"": 2}","{""MARAUDER"": 1, ""MARINE"": 2}",f81341bcf7d38c1f9720a02130cdf8a16e6f1d94ce62f3267e7181912f6a9d62
r2g_train_0970,configs/train/r2g_train_0970.json,train,gen_swarm_vs_bio_01,swarm_vs_bio,general_v2,False,10,medium,12.9247,NARROW,split,narrow_cross_gate,5,3,200,200,1.0,balanced,0.681818,"{""BANELING"": 3, ""ZERGLING"": 2}","{""MARAUDER"": 1, ""MARINE"": 2}",970731dfab97abb3c19862919ed7e2fee93f557d97221c5116e1a127c6e159ac
r2g_train_0971,configs/train/r2g_train_0971.json,train,gen_swarm_vs_bio_01,swarm_vs_bio,general_v2,False,11,far,16.9585,SIMPLE,staggered,horizontal,5,3,200,200,1.0,balanced,0.681818,"{""BANELING"": 3, ""ZERGLING"": 2}","{""MARAUDER"": 1, ""MARINE"": 2}",e49a8a8832a20b05e03e2f794493476aa92d5b3209be68a6e9a33250da83d3ce
r2g_train_0972,configs/train/r2g_train_0972.json,train,gen_swarm_vs_bio_01,swarm_vs_bio,general_v2,False,12,far,16.854,SIMPLE,type_split,horizontal,5,3,200,200,1.0,balanced,0.681818,"{""BANELING"": 3, ""ZERGLING"": 2}","{""MARAUDER"": 1, ""MARINE"": 2}",7abcc40f1cf82d8879242fa13c1671fd58692dd58cb127b5a8c801bef1782127
r2g_train_0973,configs/train/r2g_train_0973.json,train,gen_swarm_vs_bio_02,swarm_vs_bio,general_v2,False,1,immediate,5.3518,NARROW,compact,narrow_same_side,7,3,200,200,1.0,balanced,0.681818,"{""BANELING"": 1, ""ZERGLING"": 6}","{""MARAUDER"": 1, ""MARINE"": 2}",902c89f01a76ff5eceeb9b3bf1c7f1c71c94ddaf7fd1db554d773775ef8259ef
r2g_train_0974,configs/train/r2g_train_0974.json,train,gen_swarm_vs_bio_02,swarm_vs_bio,general_v2,False,2,immediate,5.569,OCTAGON,split,diag_up,7,3,200,200,1.0,balanced,0.681818,"{""BANELING"": 1, ""ZERGLING"": 6}","{""MARAUDER"": 1, ""MARINE"": 2}",cf66c3a526c05acfebf8abd12241d21b38a89b6c55953181897260990945dc4f
r2g_train_0975,configs/train/r2g_train_0975.json,train,gen_swarm_vs_bio_02,swarm_vs_bio,general_v2,False,3,immediate,5.4613,SIMPLE,staggered,horizontal,7,3,200,200,1.0,balanced,0.681818,"{""BANELING"": 1, ""ZERGLING"": 6}","{""MARAUDER"": 1, ""MARINE"": 2}",f42c614ac5774fb010edb4bac0c79a98f0e84c49eaac5b3c440ccf44408804d8
r2g_train_0976,configs/train/r2g_train_0976.json,train,gen_swarm_vs_bio_02,swarm_vs_bio,general_v2,False,4,near,8.6444,NARROW,type_split,narrow_same_side,7,3,200,200,1.0,balanced,0.681818,"{""BANELING"": 1, ""ZERGLING"": 6}","{""MARAUDER"": 1, ""MARINE"": 2}",d1e41044185a3c93e94e577927c40f7f41d335422c0257e0dd64d45c68f2224a
r2g_train_0977,configs/train/r2g_train_0977.json,train,gen_swarm_vs_bio_02,swarm_vs_bio,general_v2,False,5,near,8.7414,OCTAGON,compact,vertical,7,3,200,200,1.0,balanced,0.681818,"{""BANELING"": 1, ""ZERGLING"": 6}","{""MARAUDER"": 1, ""MARINE"": 2}",21442478b54f2f1b760bd20920592992cffac793a7cf8d953b2abf0b03ac5529
r2g_train_0978,configs/train/r2g_train_0978.json,train,gen_swarm_vs_bio_02,swarm_vs_bio,general_v2,False,6,near,8.8212,OCTAGON,split,diag_down,7,3,200,200,1.0,balanced,0.681818,"{""BANELING"": 1, ""ZERGLING"": 6}","{""MARAUDER"": 1, ""MARINE"": 2}",346a043331101096ee868fdfe23298e59e007972b740211edab5a33f74007aa5
r2g_train_0979,configs/train/r2g_train_0979.json,train,gen_swarm_vs_bio_02,swarm_vs_bio,general_v2,False,7,near,8.7268,NARROW,staggered,narrow_same_side,7,3,200,200,1.0,balanced,0.681818,"{""BANELING"": 1, ""ZERGLING"": 6}","{""MARAUDER"": 1, ""MARINE"": 2}",4829467f7ebed0c989fa18e1adfdbb1e98fe0fcefd94bf1a5d23c790074b45d7
r2g_train_0980,configs/train/r2g_train_0980.json,train,gen_swarm_vs_bio_02,swarm_vs_bio,general_v2,False,8,medium,12.8789,SIMPLE,type_split,horizontal,7,3,200,200,1.0,balanced,0.681818,"{""BANELING"": 1, ""ZERGLING"": 6}","{""MARAUDER"": 1, ""MARINE"": 2}",1ce9dcd3e84e036e6ba2fdf30069999fd6364823b0ce4199ee901e1e46028865
r2g_train_0981,configs/train/r2g_train_0981.json,train,gen_swarm_vs_bio_02,swarm_vs_bio,general_v2,False,9,medium,12.8474,OCTAGON,compact,diag_up,7,3,200,200,1.0,balanced,0.681818,"{""BANELING"": 1, ""ZERGLING"": 6}","{""MARAUDER"": 1, ""MARINE"": 2}",a47434f416c14b2eb9496879a0098b4d35fcd03734d7a7c0eb16cbd4f9950fbc
r2g_train_0982,configs/train/r2g_train_0982.json,train,gen_swarm_vs_bio_02,swarm_vs_bio,general_v2,False,10,medium,12.7454,NARROW,split,narrow_cross_gate,7,3,200,200,1.0,balanced,0.681818,"{""BANELING"": 1, ""ZERGLING"": 6}","{""MARAUDER"": 1, ""MARINE"": 2}",e6d1b29d993a94e642bd70e1a70a6913245bb2f4fb16313adfffa47bb2cb38fe
r2g_train_0983,configs/train/r2g_train_0983.json,train,gen_swarm_vs_bio_02,swarm_vs_bio,general_v2,False,11,far,17.0621,SIMPLE,staggered,horizontal,7,3,200,200,1.0,balanced,0.681818,"{""BANELING"": 1, ""ZERGLING"": 6}","{""MARAUDER"": 1, ""MARINE"": 2}",c502097cbc740a4f1c833f62b324516390a30c4efe345143d82cecbf65df7b08
r2g_train_0984,configs/train/r2g_train_0984.json,train,gen_swarm_vs_bio_02,swarm_vs_bio,general_v2,False,12,far,17.0837,SIMPLE,type_split,horizontal,7,3,200,200,1.0,balanced,0.681818,"{""BANELING"": 1, ""ZERGLING"": 6}","{""MARAUDER"": 1, ""MARINE"": 2}",d07208bd68a4252b291b701fbcd952374fe8af1b3a9cc58eeba3e8eab6df7dc1
r2g_train_0985,configs/train/r2g_train_0985.json,train,gen_swarm_vs_bio_03,swarm_vs_bio,general_v2,False,1,immediate,5.4941,NARROW,compact,narrow_same_side,9,3,275,250,1.1,moderate_advantage,0.5,"{""BANELING"": 2, ""ZERGLING"": 7}","{""MARAUDER"": 2, ""MARINE"": 1}",01f240a5540ac6eba50219fd11c095daf50b61f2f175f89349c65b1a69ebe12f
r2g_train_0986,configs/train/r2g_train_0986.json,train,gen_swarm_vs_bio_03,swarm_vs_bio,general_v2,False,2,immediate,5.442,OCTAGON,split,diag_up,9,3,275,250,1.1,moderate_advantage,0.5,"{""BANELING"": 2, ""ZERGLING"": 7}","{""MARAUDER"": 2, ""MARINE"": 1}",d0c5e2e27a92f64a2aff0538d322b80f7f821a1e46112c62e8888889c3dbb786
r2g_train_0987,configs/train/r2g_train_0987.json,train,gen_swarm_vs_bio_03,swarm_vs_bio,general_v2,False,3,immediate,5.3395,SIMPLE,staggered,horizontal,9,3,275,250,1.1,moderate_advantage,0.5,"{""BANELING"": 2, ""ZERGLING"": 7}","{""MARAUDER"": 2, ""MARINE"": 1}",f554473d67221b82e93b665b1e3b46a8ca9bb2556ede1b072a1e73dbcf61bf22
r2g_train_0988,configs/train/r2g_train_0988.json,train,gen_swarm_vs_bio_03,swarm_vs_bio,general_v2,False,4,near,8.8836,NARROW,type_split,narrow_same_side,9,3,275,250,1.1,moderate_advantage,0.5,"{""BANELING"": 2, ""ZERGLING"": 7}","{""MARAUDER"": 2, ""MARINE"": 1}",ff730297295bbadfdb87d7b9817bec360dc06616a56f9539358252b76e66d28e
r2g_train_0989,configs/train/r2g_train_0989.json,train,gen_swarm_vs_bio_03,swarm_vs_bio,general_v2,False,5,near,8.9434,OCTAGON,compact,vertical,9,3,275,250,1.1,moderate_advantage,0.5,"{""BANELING"": 2, ""ZERGLING"": 7}","{""MARAUDER"": 2, ""MARINE"": 1}",bb26758f2c2ff852676f1162f289a63a2458043e9e9febc0e61cdc2d94e6dd5d
r2g_train_0990,configs/train/r2g_train_0990.json,train,gen_swarm_vs_bio_03,swarm_vs_bio,general_v2,False,6,near,8.601,OCTAGON,split,diag_down,9,3,275,250,1.1,moderate_advantage,0.5,"{""BANELING"": 2, ""ZERGLING"": 7}","{""MARAUDER"": 2, ""MARINE"": 1}",b27e11dc8ca2cc3abee2054f62942724076fc03803a44ce1fd8e2b3d034199fc
r2g_train_0991,configs/train/r2g_train_0991.json,train,gen_swarm_vs_bio_03,swarm_vs_bio,general_v2,False,7,near,8.6616,NARROW,staggered,narrow_same_side,9,3,275,250,1.1,moderate_advantage,0.5,"{""BANELING"": 2, ""ZERGLING"": 7}","{""MARAUDER"": 2, ""MARINE"": 1}",5b5e99f24613a5c93e56480ee17ca3430c83a8467272a588889391c485255bd6
r2g_train_0992,configs/train/r2g_train_0992.json,train,gen_swarm_vs_bio_03,swarm_vs_bio,general_v2,False,8,medium,12.6496,SIMPLE,type_split,horizontal,9,3,275,250,1.1,moderate_advantage,0.5,"{""BANELING"": 2, ""ZERGLING"": 7}","{""MARAUDER"": 2, ""MARINE"": 1}",6a4e037d71e3ae4806bb920f5516cc316dcf94268bee276c516c1588ec966f06
r2g_train_0993,configs/train/r2g_train_0993.json,train,gen_swarm_vs_bio_03,swarm_vs_bio,general_v2,False,9,medium,12.9201,OCTAGON,compact,diag_up,9,3,275,250,1.1,moderate_advantage,0.5,"{""BANELING"": 2, ""ZERGLING"": 7}","{""MARAUDER"": 2, ""MARINE"": 1}",932ccf2128c53f023f085abbaab1a94036b150c136de46a0d6a8fbf352057dd1
r2g_train_0994,configs/train/r2g_train_0994.json,train,gen_swarm_vs_bio_03,swarm_vs_bio,general_v2,False,10,medium,12.9894,NARROW,split,narrow_cross_gate,9,3,275,250,1.1,moderate_advantage,0.5,"{""BANELING"": 2, ""ZERGLING"": 7}","{""MARAUDER"": 2, ""MARINE"": 1}",adefab20276a3505338460e90cc4c624262b0710b06f73933b746d54254cbfe1
r2g_train_0995,configs/train/r2g_train_0995.json,train,gen_swarm_vs_bio_03,swarm_vs_bio,general_v2,False,11,far,17.133,SIMPLE,staggered,horizontal,9,3,275,250,1.1,moderate_advantage,0.5,"{""BANELING"": 2, ""ZERGLING"": 7}","{""MARAUDER"": 2, ""MARINE"": 1}",4450633a6255b462c2676cd24a2f6da844d3576c522620ea1a25e3fdd624fd68
r2g_train_0996,configs/train/r2g_train_0996.json,train,gen_swarm_vs_bio_03,swarm_vs_bio,general_v2,False,12,far,16.9761,SIMPLE,type_split,horizontal,9,3,275,250,1.1,moderate_advantage,0.5,"{""BANELING"": 2, ""ZERGLING"": 7}","{""MARAUDER"": 2, ""MARINE"": 1}",11b55245742fa7676b244f6004021591f9e31ca98f06f6b9a9625aaf2b08f32e
r2g_train_0997,configs/train/r2g_train_0997.json,train,gen_swarm_vs_bio_04,swarm_vs_bio,general_v2,False,1,immediate,5.3348,NARROW,compact,narrow_same_side,9,4,325,250,1.3,moderate_advantage,0.136364,"{""BANELING"": 4, ""ZERGLING"": 5}","{""MARAUDER"": 1, ""MARINE"": 3}",9e64168ee5bf2fc8d567c7c130a923cf945ffdbb83463e07b2c8cb05690c0736
r2g_train_0998,configs/train/r2g_train_0998.json,train,gen_swarm_vs_bio_04,swarm_vs_bio,general_v2,False,2,immediate,5.4185,OCTAGON,split,diag_up,9,4,325,250,1.3,moderate_advantage,0.136364,"{""BANELING"": 4, ""ZERGLING"": 5}","{""MARAUDER"": 1, ""MARINE"": 3}",b663b7712fe0bf2d3b17ddaff05ba62d19fa7e170e395cbb931f1510108e7aa2
r2g_train_0999,configs/train/r2g_train_0999.json,train,gen_swarm_vs_bio_04,swarm_vs_bio,general_v2,False,3,immediate,5.2971,SIMPLE,staggered,horizontal,9,4,325,250,1.3,moderate_advantage,0.136364,"{""BANELING"": 4, ""ZERGLING"": 5}","{""MARAUDER"": 1, ""MARINE"": 3}",2a0fcf92206bd3287491403c43dc16b1b9b7548a087c8b57b233f9d4a793d522
r2g_train_1000,configs/train/r2g_train_1000.json,train,gen_swarm_vs_bio_04,swarm_vs_bio,general_v2,False,4,near,8.9499,NARROW,type_split,narrow_same_side,9,4,325,250,1.3,moderate_advantage,0.136364,"{""BANELING"": 4, ""ZERGLING"": 5}","{""MARAUDER"": 1, ""MARINE"": 3}",a83e8880bb21b40387268cb633e6f1045fee2d0ae89fde1609b65d14fcbc1dc7
r2g_train_1001,configs/train/r2g_train_1001.json,train,gen_swarm_vs_bio_04,swarm_vs_bio,general_v2,False,5,near,8.7407,OCTAGON,compact,vertical,9,4,325,250,1.3,moderate_advantage,0.136364,"{""BANELING"": 4, ""ZERGLING"": 5}","{""MARAUDER"": 1, ""MARINE"": 3}",0357700f02d5f4b60dc7bb292ffa784fb7b9155911ff0ba6de6bd50f53b9992d
r2g_train_1002,configs/train/r2g_train_1002.json,train,gen_swarm_vs_bio_04,swarm_vs_bio,general_v2,False,6,near,8.7865,OCTAGON,split,diag_down,9,4,325,250,1.3,moderate_advantage,0.136364,"{""BANELING"": 4, ""ZERGLING"": 5}","{""MARAUDER"": 1, ""MARINE"": 3}",fa3d14e9ceffd74f4af2bb7db6839fa4f14cf37256f5f08c32aa0cf5eaf744bd
r2g_train_1003,configs/train/r2g_train_1003.json,train,gen_swarm_vs_bio_04,swarm_vs_bio,general_v2,False,7,near,8.9456,NARROW,staggered,narrow_same_side,9,4,325,250,1.3,moderate_advantage,0.136364,"{""BANELING"": 4, ""ZERGLING"": 5}","{""MARAUDER"": 1, ""MARINE"": 3}",c6ba6fdba8f34be0778d970853a4cb4e51f8992456fec3f401564a0aa45b4a80
r2g_train_1004,configs/train/r2g_train_1004.json,train,gen_swarm_vs_bio_04,swarm_vs_bio,general_v2,False,8,medium,12.609,SIMPLE,type_split,horizontal,9,4,325,250,1.3,moderate_advantage,0.136364,"{""BANELING"": 4, ""ZERGLING"": 5}","{""MARAUDER"": 1, ""MARINE"": 3}",04b96be2260634da3322adce669c54847b91e03c2b0be3d90343f1c48c99fbfd
r2g_train_1005,configs/train/r2g_train_1005.json,train,gen_swarm_vs_bio_04,swarm_vs_bio,general_v2,False,9,medium,12.6873,OCTAGON,compact,diag_up,9,4,325,250,1.3,moderate_advantage,0.136364,"{""BANELING"": 4, ""ZERGLING"": 5}","{""MARAUDER"": 1, ""MARINE"": 3}",7e52ddcb388dfd1ad858e79ed1622d649041f6d2c018ccd4d1abd5b9b42dacff
r2g_train_1006,configs/train/r2g_train_1006.json,train,gen_swarm_vs_bio_04,swarm_vs_bio,general_v2,False,10,medium,12.7245,NARROW,split,narrow_cross_gate,9,4,325,250,1.3,moderate_advantage,0.136364,"{""BANELING"": 4, ""ZERGLING"": 5}","{""MARAUDER"": 1, ""MARINE"": 3}",ab01ebc6352ff7806c0ab86fa8bfc17fd9be57ba8c239febafa82078dcc479fe
r2g_train_1007,configs/train/r2g_train_1007.json,train,gen_swarm_vs_bio_04,swarm_vs_bio,general_v2,False,11,far,16.829,SIMPLE,staggered,horizontal,9,4,325,250,1.3,moderate_advantage,0.136364,"{""BANELING"": 4, ""ZERGLING"": 5}","{""MARAUDER"": 1, ""MARINE"": 3}",799ac0be7847545e3d20b34daddbe7bf0ef8a4f1c1b48dc286f878241153f56d
r2g_train_1008,configs/train/r2g_train_1008.json,train,gen_swarm_vs_bio_04,swarm_vs_bio,general_v2,False,12,far,16.9061,SIMPLE,type_split,horizontal,9,4,325,250,1.3,moderate_advantage,0.136364,"{""BANELING"": 4, ""ZERGLING"": 5}","{""MARAUDER"": 1, ""MARINE"": 3}",c4ae662ffca1cba5b58277f76b2ac70a28bd10fa78fa37ee9e340775754d103a
r2g_train_1009,configs/train/r2g_train_1009.json,train,gen_swarm_vs_bio_05,swarm_vs_bio,general_v2,False,1,immediate,5.2078,NARROW,compact,narrow_same_side,9,3,300,200,1.5,strong_advantage,0.0,"{""BANELING"": 3, ""ZERGLING"": 6}","{""MARAUDER"": 1, ""MARINE"": 2}",d823a052b7d9f79b4a7ddf3ea40bf589813e74a7bd4696f618d6e9423acaf8fc
r2g_train_1010,configs/train/r2g_train_1010.json,train,gen_swarm_vs_bio_05,swarm_vs_bio,general_v2,False,2,immediate,5.2678,OCTAGON,split,diag_up,9,3,300,200,1.5,strong_advantage,0.0,"{""BANELING"": 3, ""ZERGLING"": 6}","{""MARAUDER"": 1, ""MARINE"": 2}",fb245ffb5ae7c5a38b3d61c0c504da8d9fd15997669803d96c9576a626effb8c
r2g_train_1011,configs/train/r2g_train_1011.json,train,gen_swarm_vs_bio_05,swarm_vs_bio,general_v2,False,3,immediate,5.2081,SIMPLE,staggered,horizontal,9,3,300,200,1.5,strong_advantage,0.0,"{""BANELING"": 3, ""ZERGLING"": 6}","{""MARAUDER"": 1, ""MARINE"": 2}",bd869a7ce969aa51782fef4bf9d03b31636b12e970c391145fed863f5d92323b
r2g_train_1012,configs/train/r2g_train_1012.json,train,gen_swarm_vs_bio_05,swarm_vs_bio,general_v2,False,4,near,8.6778,NARROW,type_split,narrow_same_side,9,3,300,200,1.5,strong_advantage,0.0,"{""BANELING"": 3, ""ZERGLING"": 6}","{""MARAUDER"": 1, ""MARINE"": 2}",8548f3ba1f012045e0d72c10c21d719b5d2465a29fc004e6a940a9ca19e676bb
r2g_train_1013,configs/train/r2g_train_1013.json,train,gen_swarm_vs_bio_05,swarm_vs_bio,general_v2,False,5,near,8.8281,OCTAGON,compact,vertical,9,3,300,200,1.5,strong_advantage,0.0,"{""BANELING"": 3, ""ZERGLING"": 6}","{""MARAUDER"": 1, ""MARINE"": 2}",18a43b644a71261c264f57be800164f79cb399f31bdf0475b9cc8d3f37b52336
r2g_train_1014,configs/train/r2g_train_1014.json,train,gen_swarm_vs_bio_05,swarm_vs_bio,general_v2,False,6,near,8.7013,OCTAGON,split,diag_down,9,3,300,200,1.5,strong_advantage,0.0,"{""BANELING"": 3, ""ZERGLING"": 6}","{""MARAUDER"": 1, ""MARINE"": 2}",600ee877fb625f546fcec9559253ca038da5693f30e72d114ed279161b56b11c
r2g_train_1015,configs/train/r2g_train_1015.json,train,gen_swarm_vs_bio_05,swarm_vs_bio,general_v2,False,7,near,8.673,NARROW,staggered,narrow_same_side,9,3,300,200,1.5,strong_advantage,0.0,"{""BANELING"": 3, ""ZERGLING"": 6}","{""MARAUDER"": 1, ""MARINE"": 2}",08b053ac5d5cf07959bb893aa984982034069c241983aea18348916e035408e2
r2g_train_1016,configs/train/r2g_train_1016.json,train,gen_swarm_vs_bio_05,swarm_vs_bio,general_v2,False,8,medium,12.6561,SIMPLE,type_split,horizontal,9,3,300,200,1.5,strong_advantage,0.0,"{""BANELING"": 3, ""ZERGLING"": 6}","{""MARAUDER"": 1, ""MARINE"": 2}",41b9bff239c12d285150dc284743922c8bd6e5a90aa058644225857f0505a019
r2g_train_1017,configs/train/r2g_train_1017.json,train,gen_swarm_vs_bio_05,swarm_vs_bio,general_v2,False,9,medium,12.6086,OCTAGON,compact,diag_up,9,3,300,200,1.5,strong_advantage,0.0,"{""BANELING"": 3, ""ZERGLING"": 6}","{""MARAUDER"": 1, ""MARINE"": 2}",96d50338e42ab2636cf993984c6b98a71617d8aeb3a80a66e4036ed8770a0e55
r2g_train_1018,configs/train/r2g_train_1018.json,train,gen_swarm_vs_bio_05,swarm_vs_bio,general_v2,False,10,medium,12.7226,NARROW,split,narrow_cross_gate,9,3,300,200,1.5,strong_advantage,0.0,"{""BANELING"": 3, ""ZERGLING"": 6}","{""MARAUDER"": 1, ""MARINE"": 2}",389e0f5eb0b7c1aabe9b681f5149615d5fcb926555da73c0276dd15b513f92d6
r2g_train_1019,configs/train/r2g_train_1019.json,train,gen_swarm_vs_bio_05,swarm_vs_bio,general_v2,False,11,far,17.1599,SIMPLE,staggered,horizontal,9,3,300,200,1.5,strong_advantage,0.0,"{""BANELING"": 3, ""ZERGLING"": 6}","{""MARAUDER"": 1, ""MARINE"": 2}",215437b72c42970d0371994ee9542f18a4456bd6d55f813e009f371ba94747eb
r2g_train_1020,configs/train/r2g_train_1020.json,train,gen_swarm_vs_bio_05,swarm_vs_bio,general_v2,False,12,far,16.984,SIMPLE,type_split,horizontal,9,3,300,200,1.5,strong_advantage,0.0,"{""BANELING"": 3, ""ZERGLING"": 6}","{""MARAUDER"": 1, ""MARINE"": 2}",f7f1dd307fa9dc63e4bec23629ed2ab252ce5337745a720bd61bd7cfbec4368c
r2g_train_1021,configs/train/r2g_train_1021.json,train,gen_bio_vs_stalker_zealot_01,bio_vs_stalker_zealot,general_v2,False,1,immediate,5.408,NARROW,compact,narrow_same_side,4,3,300,325,0.9231,slight_disadvantage,0.821678,"{""MARAUDER"": 2, ""MARINE"": 2}","{""STALKER"": 1, ""ZEALOT"": 2}",6a71804c770b9b76eb471916deb37767e649dbf228760acafa11db64ae2f7736
r2g_train_1022,configs/train/r2g_train_1022.json,train,gen_bio_vs_stalker_zealot_01,bio_vs_stalker_zealot,general_v2,False,2,immediate,5.5733,OCTAGON,split,diag_up,4,3,300,325,0.9231,slight_disadvantage,0.821678,"{""MARAUDER"": 2, ""MARINE"": 2}","{""STALKER"": 1, ""ZEALOT"": 2}",ac65e29add942e7392868485339df0da2659508dbc0cbcabfa87c4496fc74881
r2g_train_1023,configs/train/r2g_train_1023.json,train,gen_bio_vs_stalker_zealot_01,bio_vs_stalker_zealot,general_v2,False,3,immediate,5.2866,SIMPLE,staggered,horizontal,4,3,300,325,0.9231,slight_disadvantage,0.821678,"{""MARAUDER"": 2, ""MARINE"": 2}","{""STALKER"": 1, ""ZEALOT"": 2}",4197ac93108ca6780f029067d6f8b611f2947c4c41be14f974d6940dec0ab3a3
r2g_train_1024,configs/train/r2g_train_1024.json,train,gen_bio_vs_stalker_zealot_01,bio_vs_stalker_zealot,general_v2,False,4,near,8.8974,NARROW,type_split,narrow_same_side,4,3,300,325,0.9231,slight_disadvantage,0.821678,"{""MARAUDER"": 2, ""MARINE"": 2}","{""STALKER"": 1, ""ZEALOT"": 2}",573340fccb9d7094af0794fd695e803fd44c38458d5236fa00f0b84b75d6ea30
r2g_train_1025,configs/train/r2g_train_1025.json,train,gen_bio_vs_stalker_zealot_01,bio_vs_stalker_zealot,general_v2,False,5,near,8.847,OCTAGON,compact,vertical,4,3,300,325,0.9231,slight_disadvantage,0.821678,"{""MARAUDER"": 2, ""MARINE"": 2}","{""STALKER"": 1, ""ZEALOT"": 2}",72075132b269873349b41cd31d0b5eefd3dbc0b0f4c5d45e6fc07c262df6e231
r2g_train_1026,configs/train/r2g_train_1026.json,train,gen_bio_vs_stalker_zealot_01,bio_vs_stalker_zealot,general_v2,False,6,near,8.8322,OCTAGON,split,diag_down,4,3,300,325,0.9231,slight_disadvantage,0.821678,"{""MARAUDER"": 2, ""MARINE"": 2}","{""STALKER"": 1, ""ZEALOT"": 2}",6128f857778c41ad3e00296437ebe42e3c29cad0a09fe31583369208396d4b84
r2g_train_1027,configs/train/r2g_train_1027.json,train,gen_bio_vs_stalker_zealot_01,bio_vs_stalker_zealot,general_v2,False,7,near,8.6488,NARROW,staggered,narrow_same_side,4,3,300,325,0.9231,slight_disadvantage,0.821678,"{""MARAUDER"": 2, ""MARINE"": 2}","{""STALKER"": 1, ""ZEALOT"": 2}",e97b47f66cd4f4d6025cde0c0bdbc20c60130c73a9d700c7d7374866c40a786e
r2g_train_1028,configs/train/r2g_train_1028.json,train,gen_bio_vs_stalker_zealot_01,bio_vs_stalker_zealot,general_v2,False,8,medium,12.6418,SIMPLE,type_split,horizontal,4,3,300,325,0.9231,slight_disadvantage,0.821678,"{""MARAUDER"": 2, ""MARINE"": 2}","{""STALKER"": 1, ""ZEALOT"": 2}",c3fcc0d92c0d9d0b6087d862b4fd1264f13a11ecaea7185ecc31d3ab05bb2641
r2g_train_1029,configs/train/r2g_train_1029.json,train,gen_bio_vs_stalker_zealot_01,bio_vs_stalker_zealot,general_v2,False,9,medium,12.8749,OCTAGON,compact,diag_up,4,3,300,325,0.9231,slight_disadvantage,0.821678,"{""MARAUDER"": 2, ""MARINE"": 2}","{""STALKER"": 1, ""ZEALOT"": 2}",3c45f00902bf73b4905695752d35fc8fa71535cdd95840ab2b1663217d829d06
r2g_train_1030,configs/train/r2g_train_1030.json,train,gen_bio_vs_stalker_zealot_01,bio_vs_stalker_zealot,general_v2,False,10,medium,12.7139,NARROW,split,narrow_cross_gate,4,3,300,325,0.9231,slight_disadvantage,0.821678,"{""MARAUDER"": 2, ""MARINE"": 2}","{""STALKER"": 1, ""ZEALOT"": 2}",487a8eadd45f1947b7fd2287b84717582efed6c0b743f809df5f27fe0ce60cb4
r2g_train_1031,configs/train/r2g_train_1031.json,train,gen_bio_vs_stalker_zealot_01,bio_vs_stalker_zealot,general_v2,False,11,far,17.0237,SIMPLE,staggered,horizontal,4,3,300,325,0.9231,slight_disadvantage,0.821678,"{""MARAUDER"": 2, ""MARINE"": 2}","{""STALKER"": 1, ""ZEALOT"": 2}",d6bedd22da0615d545e37f3772c6d1edbec517e2d32100ca662eee637666f7e5
r2g_train_1032,configs/train/r2g_train_1032.json,train,gen_bio_vs_stalker_zealot_01,bio_vs_stalker_zealot,general_v2,False,12,far,16.802,SIMPLE,type_split,horizontal,4,3,300,325,0.9231,slight_disadvantage,0.821678,"{""MARAUDER"": 2, ""MARINE"": 2}","{""STALKER"": 1, ""ZEALOT"": 2}",ef76d798185c98a5da32a5bc57fc893b236b5d6bfab7f9acec4ebc382758922a
r2g_train_1033,configs/train/r2g_train_1033.json,train,gen_bio_vs_stalker_zealot_02,bio_vs_stalker_zealot,general_v2,False,1,immediate,5.5981,NARROW,compact,narrow_same_side,6,4,500,475,1.0526,balanced,0.586124,"{""MARAUDER"": 4, ""MARINE"": 2}","{""STALKER"": 3, ""ZEALOT"": 1}",7d1f136fbe11a5a93f1201d521429193cd036e67785bbb6f59b811f34c1859ef
r2g_train_1034,configs/train/r2g_train_1034.json,train,gen_bio_vs_stalker_zealot_02,bio_vs_stalker_zealot,general_v2,False,2,immediate,5.4797,OCTAGON,split,diag_up,6,4,500,475,1.0526,balanced,0.586124,"{""MARAUDER"": 4, ""MARINE"": 2}","{""STALKER"": 3, ""ZEALOT"": 1}",82e9bacb5f759259ff77c81737e0da00515e2a3dda7bb27903b8f7c83cb6ab5f
r2g_train_1035,configs/train/r2g_train_1035.json,train,gen_bio_vs_stalker_zealot_02,bio_vs_stalker_zealot,general_v2,False,3,immediate,5.4491,SIMPLE,staggered,horizontal,6,4,500,475,1.0526,balanced,0.586124,"{""MARAUDER"": 4, ""MARINE"": 2}","{""STALKER"": 3, ""ZEALOT"": 1}",81bdfc48a8c44ac4029fba021e33ae863241efbf9aa4a26de6948fac2cb30d0c
r2g_train_1036,configs/train/r2g_train_1036.json,train,gen_bio_vs_stalker_zealot_02,bio_vs_stalker_zealot,general_v2,False,4,near,8.8213,NARROW,type_split,narrow_same_side,6,4,500,475,1.0526,balanced,0.586124,"{""MARAUDER"": 4, ""MARINE"": 2}","{""STALKER"": 3, ""ZEALOT"": 1}",b722bffd413f5cb21872f6527f40f7ee9ef3d3361cda979261f720a7c800a06a
r2g_train_1037,configs/train/r2g_train_1037.json,train,gen_bio_vs_stalker_zealot_02,bio_vs_stalker_zealot,general_v2,False,5,near,8.6626,OCTAGON,compact,vertical,6,4,500,475,1.0526,balanced,0.586124,"{""MARAUDER"": 4, ""MARINE"": 2}","{""STALKER"": 3, ""ZEALOT"": 1}",3988b821b3878d3cced2d0741b7d20007ff75183605506cab38158fd767d1eb9
r2g_train_1038,configs/train/r2g_train_1038.json,train,gen_bio_vs_stalker_zealot_02,bio_vs_stalker_zealot,general_v2,False,6,near,8.7733,OCTAGON,split,diag_down,6,4,500,475,1.0526,balanced,0.586124,"{""MARAUDER"": 4, ""MARINE"": 2}","{""STALKER"": 3, ""ZEALOT"": 1}",e5bf492110dc699ef92983a9b268bfe715da715c128bb4265e66ea8d57b0ea7a
r2g_train_1039,configs/train/r2g_train_1039.json,train,gen_bio_vs_stalker_zealot_02,bio_vs_stalker_zealot,general_v2,False,7,near,8.6278,NARROW,staggered,narrow_same_side,6,4,500,475,1.0526,balanced,0.586124,"{""MARAUDER"": 4, ""MARINE"": 2}","{""STALKER"": 3, ""ZEALOT"": 1}",9e8db011c9a08f5629002ac56cfb6c1d2c072bda277e8ed13d80126adca6391a
r2g_train_1040,configs/train/r2g_train_1040.json,train,gen_bio_vs_stalker_zealot_02,bio_vs_stalker_zealot,general_v2,False,8,medium,12.9007,SIMPLE,type_split,horizontal,6,4,500,475,1.0526,balanced,0.586124,"{""MARAUDER"": 4, ""MARINE"": 2}","{""STALKER"": 3, ""ZEALOT"": 1}",e3a948206e2c0bc967d7e123c28dcb8391b399a8504685e776575808e7a5b0a6
r2g_train_1041,configs/train/r2g_train_1041.json,train,gen_bio_vs_stalker_zealot_02,bio_vs_stalker_zealot,general_v2,False,9,medium,12.7107,OCTAGON,compact,diag_up,6,4,500,475,1.0526,balanced,0.586124,"{""MARAUDER"": 4, ""MARINE"": 2}","{""STALKER"": 3, ""ZEALOT"": 1}",768fbc0772d9d3d979d99d847a252b5a3da7a0ba8f2d3d97b3023818d1eb4283
r2g_train_1042,configs/train/r2g_train_1042.json,train,gen_bio_vs_stalker_zealot_02,bio_vs_stalker_zealot,general_v2,False,10,medium,12.9984,NARROW,split,narrow_cross_gate,6,4,500,475,1.0526,balanced,0.586124,"{""MARAUDER"": 4, ""MARINE"": 2}","{""STALKER"": 3, ""ZEALOT"": 1}",5aea7f23398059df258409626ada2ab9493f26914fe3475d299333733ec0355b
r2g_train_1043,configs/train/r2g_train_1043.json,train,gen_bio_vs_stalker_zealot_02,bio_vs_stalker_zealot,general_v2,False,11,far,16.818,SIMPLE,staggered,horizontal,6,4,500,475,1.0526,balanced,0.586124,"{""MARAUDER"": 4, ""MARINE"": 2}","{""STALKER"": 3, ""ZEALOT"": 1}",57a2cdeb0ec251f54371705e086dbb8ee1ca8d22ed09bd54cac329ef457847ce
r2g_train_1044,configs/train/r2g_train_1044.json,train,gen_bio_vs_stalker_zealot_02,bio_vs_stalker_zealot,general_v2,False,12,far,17.0634,SIMPLE,type_split,horizontal,6,4,500,475,1.0526,balanced,0.586124,"{""MARAUDER"": 4, ""MARINE"": 2}","{""STALKER"": 3, ""ZEALOT"": 1}",5efe1087bdd5157bfecc8b4e95f5e91fa3b3145cee2859036d0ad0bba7cc6962
r2g_train_1045,configs/train/r2g_train_1045.json,train,gen_bio_vs_stalker_zealot_03,bio_vs_stalker_zealot,general_v2,False,1,immediate,5.5792,NARROW,compact,narrow_same_side,7,4,550,475,1.1579,moderate_advantage,0.394737,"{""MARAUDER"": 4, ""MARINE"": 3}","{""STALKER"": 3, ""ZEALOT"": 1}",302067d13f612bf0b879f5df16db5fb48d3c220924f422d4348f9473187f42b7
r2g_train_1046,configs/train/r2g_train_1046.json,train,gen_bio_vs_stalker_zealot_03,bio_vs_stalker_zealot,general_v2,False,2,immediate,5.3444,OCTAGON,split,diag_up,7,4,550,475,1.1579,moderate_advantage,0.394737,"{""MARAUDER"": 4, ""MARINE"": 3}","{""STALKER"": 3, ""ZEALOT"": 1}",cab9fd8d12c184775f5a6920663f5b827be3de65f6eecf277ede5b44bd66a054
r2g_train_1047,configs/train/r2g_train_1047.json,train,gen_bio_vs_stalker_zealot_03,bio_vs_stalker_zealot,general_v2,False,3,immediate,5.4621,SIMPLE,staggered,horizontal,7,4,550,475,1.1579,moderate_advantage,0.394737,"{""MARAUDER"": 4, ""MARINE"": 3}","{""STALKER"": 3, ""ZEALOT"": 1}",b2a4ee3c50443170b5f88a7d4e9431b6dcbe2bbb09fe73828362cb19748d947f
r2g_train_1048,configs/train/r2g_train_1048.json,train,gen_bio_vs_stalker_zealot_03,bio_vs_stalker_zealot,general_v2,False,4,near,8.8497,NARROW,type_split,narrow_same_side,7,4,550,475,1.1579,moderate_advantage,0.394737,"{""MARAUDER"": 4, ""MARINE"": 3}","{""STALKER"": 3, ""ZEALOT"": 1}",fe35e5e464f0375e75eba12fd8e222caac497139edbb6e44701fca64ea6f2c54
r2g_train_1049,configs/train/r2g_train_1049.json,train,gen_bio_vs_stalker_zealot_03,bio_vs_stalker_zealot,general_v2,False,5,near,8.6846,OCTAGON,compact,vertical,7,4,550,475,1.1579,moderate_advantage,0.394737,"{""MARAUDER"": 4, ""MARINE"": 3}","{""STALKER"": 3, ""ZEALOT"": 1}",cc553de8db05bb64ad8a48b196f3f89cf80652b45d73209095486b9f1a9ba958
r2g_train_1050,configs/train/r2g_train_1050.json,train,gen_bio_vs_stalker_zealot_03,bio_vs_stalker_zealot,general_v2,False,6,near,8.9594,OCTAGON,split,diag_down,7,4,550,475,1.1579,moderate_advantage,0.394737,"{""MARAUDER"": 4, ""MARINE"": 3}","{""STALKER"": 3, ""ZEALOT"": 1}",4a79b76cf61a28992e3b7eb48b4080006482d22d6f596d63c8ee14f8095ee784
r2g_train_1051,configs/train/r2g_train_1051.json,train,gen_bio_vs_stalker_zealot_03,bio_vs_stalker_zealot,general_v2,False,7,near,8.8718,NARROW,staggered,narrow_same_side,7,4,550,475,1.1579,moderate_advantage,0.394737,"{""MARAUDER"": 4, ""MARINE"": 3}","{""STALKER"": 3, ""ZEALOT"": 1}",4f4ba871115bb76c982dcc8c81d78c4c4fa25a00a5b345f3422132364227331d
r2g_train_1052,configs/train/r2g_train_1052.json,train,gen_bio_vs_stalker_zealot_03,bio_vs_stalker_zealot,general_v2,False,8,medium,12.7882,SIMPLE,type_split,horizontal,7,4,550,475,1.1579,moderate_advantage,0.394737,"{""MARAUDER"": 4, ""MARINE"": 3}","{""STALKER"": 3, ""ZEALOT"": 1}",e356592a3f33e4bd04a1e342c9e9011f1ce14bad57eac5af0de67ac4eba78e8b
r2g_train_1053,configs/train/r2g_train_1053.json,train,gen_bio_vs_stalker_zealot_03,bio_vs_stalker_zealot,general_v2,False,9,medium,12.8544,OCTAGON,compact,diag_up,7,4,550,475,1.1579,moderate_advantage,0.394737,"{""MARAUDER"": 4, ""MARINE"": 3}","{""STALKER"": 3, ""ZEALOT"": 1}",3f851f673e28cb813e58b2bf3aa6baec678c83cf591484b814db67d32d9dc090
r2g_train_1054,configs/train/r2g_train_1054.json,train,gen_bio_vs_stalker_zealot_03,bio_vs_stalker_zealot,general_v2,False,10,medium,12.8036,NARROW,split,narrow_cross_gate,7,4,550,475,1.1579,moderate_advantage,0.394737,"{""MARAUDER"": 4, ""MARINE"": 3}","{""STALKER"": 3, ""ZEALOT"": 1}",2e1d96766153272c987b3861024acbda019f6e4e9c2d8b793346aafbda739baa
r2g_train_1055,configs/train/r2g_train_1055.json,train,gen_bio_vs_stalker_zealot_03,bio_vs_stalker_zealot,general_v2,False,11,far,17.1836,SIMPLE,staggered,horizontal,7,4,550,475,1.1579,moderate_advantage,0.394737,"{""MARAUDER"": 4, ""MARINE"": 3}","{""STALKER"": 3, ""ZEALOT"": 1}",e792899d3bb534a2274c886bf02caa86456b8a8d11169529a3b8c7e3fa70c0ba
r2g_train_1056,configs/train/r2g_train_1056.json,train,gen_bio_vs_stalker_zealot_03,bio_vs_stalker_zealot,general_v2,False,12,far,16.8078,SIMPLE,type_split,horizontal,7,4,550,475,1.1579,moderate_advantage,0.394737,"{""MARAUDER"": 4, ""MARINE"": 3}","{""STALKER"": 3, ""ZEALOT"": 1}",89fbbc02e69ca7531dc4c342278f472a78a328ba923f7f72864a1db74a4dee73
r2g_train_1057,configs/train/r2g_train_1057.json,train,gen_bio_vs_stalker_zealot_04,bio_vs_stalker_zealot,general_v2,False,1,immediate,5.555,NARROW,compact,narrow_same_side,9,4,600,450,1.3333,moderate_advantage,0.075758,"{""MARAUDER"": 3, ""MARINE"": 6}","{""STALKER"": 2, ""ZEALOT"": 2}",367dc6d34085542df897d71ab0dd57a278183b3945cfcb5f69f8004fe5ba2864
r2g_train_1058,configs/train/r2g_train_1058.json,train,gen_bio_vs_stalker_zealot_04,bio_vs_stalker_zealot,general_v2,False,2,immediate,5.5926,OCTAGON,split,diag_up,9,4,600,450,1.3333,moderate_advantage,0.075758,"{""MARAUDER"": 3, ""MARINE"": 6}","{""STALKER"": 2, ""ZEALOT"": 2}",0f70b537632bb3d82882679706525825597f0f5f9c0ba3543b18b5e53b58a9a0
r2g_train_1059,configs/train/r2g_train_1059.json,train,gen_bio_vs_stalker_zealot_04,bio_vs_stalker_zealot,general_v2,False,3,immediate,5.478,SIMPLE,staggered,horizontal,9,4,600,450,1.3333,moderate_advantage,0.075758,"{""MARAUDER"": 3, ""MARINE"": 6}","{""STALKER"": 2, ""ZEALOT"": 2}",7f3081b9c9b037fe94e6937dfd413e558eb3e1fc0cd6c9253efac845e90a38b2
r2g_train_1060,configs/train/r2g_train_1060.json,train,gen_bio_vs_stalker_zealot_04,bio_vs_stalker_zealot,general_v2,False,4,near,8.8245,NARROW,type_split,narrow_same_side,9,4,600,450,1.3333,moderate_advantage,0.075758,"{""MARAUDER"": 3, ""MARINE"": 6}","{""STALKER"": 2, ""ZEALOT"": 2}",fcafd647ee907c4b1d0b83cd95578799f24421cec9b4ac985af89f186b26f742
r2g_train_1061,configs/train/r2g_train_1061.json,train,gen_bio_vs_stalker_zealot_04,bio_vs_stalker_zealot,general_v2,False,5,near,8.6041,OCTAGON,compact,vertical,9,4,600,450,1.3333,moderate_advantage,0.075758,"{""MARAUDER"": 3, ""MARINE"": 6}","{""STALKER"": 2, ""ZEALOT"": 2}",8fefeb67c847b8fb96731b05f1fc51fee46f71fa57e76ba570a7d95800e732b1
r2g_train_1062,configs/train/r2g_train_1062.json,train,gen_bio_vs_stalker_zealot_04,bio_vs_stalker_zealot,general_v2,False,6,near,8.6335,OCTAGON,split,diag_down,9,4,600,450,1.3333,moderate_advantage,0.075758,"{""MARAUDER"": 3, ""MARINE"": 6}","{""STALKER"": 2, ""ZEALOT"": 2}",862e719e03b7edd0f5a361dbc7f41cb4d6f46fca40549b941491d3ccb0b690a9
r2g_train_1063,configs/train/r2g_train_1063.json,train,gen_bio_vs_stalker_zealot_04,bio_vs_stalker_zealot,general_v2,False,7,near,8.7318,NARROW,staggered,narrow_same_side,9,4,600,450,1.3333,moderate_advantage,0.075758,"{""MARAUDER"": 3, ""MARINE"": 6}","{""STALKER"": 2, ""ZEALOT"": 2}",75a9b098371a39f10b7cdb31aafa4b2b30bbcc2793aec55c2631af4e24bb0d82
r2g_train_1064,configs/train/r2g_train_1064.json,train,gen_bio_vs_stalker_zealot_04,bio_vs_stalker_zealot,general_v2,False,8,medium,12.6129,SIMPLE,type_split,horizontal,9,4,600,450,1.3333,moderate_advantage,0.075758,"{""MARAUDER"": 3, ""MARINE"": 6}","{""STALKER"": 2, ""ZEALOT"": 2}",774fb226b0c1853d0af71fd5cc75d10a1bfcc2a3ab6838d39ec4cf670c535991
r2g_train_1065,configs/train/r2g_train_1065.json,train,gen_bio_vs_stalker_zealot_04,bio_vs_stalker_zealot,general_v2,False,9,medium,12.8103,OCTAGON,compact,diag_up,9,4,600,450,1.3333,moderate_advantage,0.075758,"{""MARAUDER"": 3, ""MARINE"": 6}","{""STALKER"": 2, ""ZEALOT"": 2}",7a5e5b01359088515379c536f5107dc3d1c0d40d4fcfec2e1567a42c31cf85fc
r2g_train_1066,configs/train/r2g_train_1066.json,train,gen_bio_vs_stalker_zealot_04,bio_vs_stalker_zealot,general_v2,False,10,medium,12.8204,NARROW,split,narrow_cross_gate,9,4,600,450,1.3333,moderate_advantage,0.075758,"{""MARAUDER"": 3, ""MARINE"": 6}","{""STALKER"": 2, ""ZEALOT"": 2}",9056a9702f95a2a50a123489c7a237f14eef5c2ed840b70fd8add55c23902f2b
r2g_train_1067,configs/train/r2g_train_1067.json,train,gen_bio_vs_stalker_zealot_04,bio_vs_stalker_zealot,general_v2,False,11,far,16.9609,SIMPLE,staggered,horizontal,9,4,600,450,1.3333,moderate_advantage,0.075758,"{""MARAUDER"": 3, ""MARINE"": 6}","{""STALKER"": 2, ""ZEALOT"": 2}",a98c01c1133b51c4135b7c903ee52e217b1def941e38c6cedaf6b352a82fa354
r2g_train_1068,configs/train/r2g_train_1068.json,train,gen_bio_vs_stalker_zealot_04,bio_vs_stalker_zealot,general_v2,False,12,far,16.8096,SIMPLE,type_split,horizontal,9,4,600,450,1.3333,moderate_advantage,0.075758,"{""MARAUDER"": 3, ""MARINE"": 6}","{""STALKER"": 2, ""ZEALOT"": 2}",9c7bea3e0697e0cefd7521cd9624b3e643b6797d579cae9e02ed90338fa12d2f
r2g_train_1069,configs/train/r2g_train_1069.json,train,gen_bio_vs_stalker_zealot_05,bio_vs_stalker_zealot,general_v2,False,1,immediate,5.507,NARROW,compact,narrow_same_side,9,4,650,425,1.5294,strong_advantage,0.0,"{""MARAUDER"": 4, ""MARINE"": 5}","{""STALKER"": 1, ""ZEALOT"": 3}",4ca6a18962039c73d436a124985cadc51bf148ec5daab607893ef008556f4154
r2g_train_1070,configs/train/r2g_train_1070.json,train,gen_bio_vs_stalker_zealot_05,bio_vs_stalker_zealot,general_v2,False,2,immediate,5.3677,OCTAGON,split,diag_up,9,4,650,425,1.5294,strong_advantage,0.0,"{""MARAUDER"": 4, ""MARINE"": 5}","{""STALKER"": 1, ""ZEALOT"": 3}",4cfa5b7ed99bc648e7d47ff504e44ea9a603cec26888d3338acaf2413a4b583e
r2g_train_1071,configs/train/r2g_train_1071.json,train,gen_bio_vs_stalker_zealot_05,bio_vs_stalker_zealot,general_v2,False,3,immediate,5.2463,SIMPLE,staggered,horizontal,9,4,650,425,1.5294,strong_advantage,0.0,"{""MARAUDER"": 4, ""MARINE"": 5}","{""STALKER"": 1, ""ZEALOT"": 3}",3f8e8118e79e9287625b21707e3445d0172a057862e35024313a2498d700fe3b
r2g_train_1072,configs/train/r2g_train_1072.json,train,gen_bio_vs_stalker_zealot_05,bio_vs_stalker_zealot,general_v2,False,4,near,8.6692,NARROW,type_split,narrow_same_side,9,4,650,425,1.5294,strong_advantage,0.0,"{""MARAUDER"": 4, ""MARINE"": 5}","{""STALKER"": 1, ""ZEALOT"": 3}",ba5649f3fd68f810eda5a4399302452f44230a6ac7444481a489ea33ff6e13dc
r2g_train_1073,configs/train/r2g_train_1073.json,train,gen_bio_vs_stalker_zealot_05,bio_vs_stalker_zealot,general_v2,False,5,near,8.6306,OCTAGON,compact,vertical,9,4,650,425,1.5294,strong_advantage,0.0,"{""MARAUDER"": 4, ""MARINE"": 5}","{""STALKER"": 1, ""ZEALOT"": 3}",a70d5256e24ba90716bf8461f80ee7d1e1aacee60a40745344bf59e8d2719341
r2g_train_1074,configs/train/r2g_train_1074.json,train,gen_bio_vs_stalker_zealot_05,bio_vs_stalker_zealot,general_v2,False,6,near,8.9376,OCTAGON,split,diag_down,9,4,650,425,1.5294,strong_advantage,0.0,"{""MARAUDER"": 4, ""MARINE"": 5}","{""STALKER"": 1, ""ZEALOT"": 3}",5089857b8908e0120e85a01814a34cae2ce1feb4098cc012b754c24a2a59212b
r2g_train_1075,configs/train/r2g_train_1075.json,train,gen_bio_vs_stalker_zealot_05,bio_vs_stalker_zealot,general_v2,False,7,near,8.6438,NARROW,staggered,narrow_same_side,9,4,650,425,1.5294,strong_advantage,0.0,"{""MARAUDER"": 4, ""MARINE"": 5}","{""STALKER"": 1, ""ZEALOT"": 3}",5464e0248b9359eed027a414d96f448c58ede7643440df084620a3260a53b485
r2g_train_1076,configs/train/r2g_train_1076.json,train,gen_bio_vs_stalker_zealot_05,bio_vs_stalker_zealot,general_v2,False,8,medium,12.6387,SIMPLE,type_split,horizontal,9,4,650,425,1.5294,strong_advantage,0.0,"{""MARAUDER"": 4, ""MARINE"": 5}","{""STALKER"": 1, ""ZEALOT"": 3}",827f91f047ddf2bcade124a2789156e27c77f630db8d78eb033e19cc90dee408
r2g_train_1077,configs/train/r2g_train_1077.json,train,gen_bio_vs_stalker_zealot_05,bio_vs_stalker_zealot,general_v2,False,9,medium,12.6999,OCTAGON,compact,diag_up,9,4,650,425,1.5294,strong_advantage,0.0,"{""MARAUDER"": 4, ""MARINE"": 5}","{""STALKER"": 1, ""ZEALOT"": 3}",1fa7b9cc98d3cc33c0630a0e4fe6fd4a9faf08ab9db34d352c5ab91524d6dd22
r2g_train_1078,configs/train/r2g_train_1078.json,train,gen_bio_vs_stalker_zealot_05,bio_vs_stalker_zealot,general_v2,False,10,medium,12.661,NARROW,split,narrow_cross_gate,9,4,650,425,1.5294,strong_advantage,0.0,"{""MARAUDER"": 4, ""MARINE"": 5}","{""STALKER"": 1, ""ZEALOT"": 3}",4ab3a7c5bf6952ece06c835b0c371af575f918284dd43dffc7ae6978208b4b9a
r2g_train_1079,configs/train/r2g_train_1079.json,train,gen_bio_vs_stalker_zealot_05,bio_vs_stalker_zealot,general_v2,False,11,far,16.863,SIMPLE,staggered,horizontal,9,4,650,425,1.5294,strong_advantage,0.0,"{""MARAUDER"": 4, ""MARINE"": 5}","{""STALKER"": 1, ""ZEALOT"": 3}",b22b79e92c896a250db1ba6a9442c4f4985ee4ab55749c66d11f72a7db456b74
r2g_train_1080,configs/train/r2g_train_1080.json,train,gen_bio_vs_stalker_zealot_05,bio_vs_stalker_zealot,general_v2,False,12,far,16.9866,SIMPLE,type_split,horizontal,9,4,650,425,1.5294,strong_advantage,0.0,"{""MARAUDER"": 4, ""MARINE"": 5}","{""STALKER"": 1, ""ZEALOT"": 3}",859656cecafe25219acd6daa011dc49049e88e67c84b5427b631e7d7d0a684ff
r2g_train_1081,configs/train/r2g_train_1081.json,train,gen_protoss_triad_vs_bio_01,protoss_triad_vs_bio,general_v2,False,1,immediate,5.3482,NARROW,compact,narrow_same_side,4,9,625,650,0.9615,slight_disadvantage,0.751748,"{""COLOSSUS"": 1, ""STALKER"": 1, ""ZEALOT"": 2}","{""MARAUDER"": 4, ""MARINE"": 5}",228fae92c3b2c2e96763fb5e3ac861d082614999c4d28dd2a39886a1bac693bf
r2g_train_1082,configs/train/r2g_train_1082.json,train,gen_protoss_triad_vs_bio_01,protoss_triad_vs_bio,general_v2,False,2,immediate,5.4799,OCTAGON,split,diag_up,4,9,625,650,0.9615,slight_disadvantage,0.751748,"{""COLOSSUS"": 1, ""STALKER"": 1, ""ZEALOT"": 2}","{""MARAUDER"": 4, ""MARINE"": 5}",8727aabbf90aceb6605b4ec7772e72cee663b2e1e5603b84c40c273e9ceeff81
r2g_train_1083,configs/train/r2g_train_1083.json,train,gen_protoss_triad_vs_bio_01,protoss_triad_vs_bio,general_v2,False,3,immediate,5.5024,SIMPLE,staggered,horizontal,4,9,625,650,0.9615,slight_disadvantage,0.751748,"{""COLOSSUS"": 1, ""STALKER"": 1, ""ZEALOT"": 2}","{""MARAUDER"": 4, ""MARINE"": 5}",68db1079f94538eb871528ed14c957612cf716afadf686be052abcd321546b64
r2g_train_1084,configs/train/r2g_train_1084.json,train,gen_protoss_triad_vs_bio_01,protoss_triad_vs_bio,general_v2,False,4,near,8.7929,NARROW,type_split,narrow_same_side,4,9,625,650,0.9615,slight_disadvantage,0.751748,"{""COLOSSUS"": 1, ""STALKER"": 1, ""ZEALOT"": 2}","{""MARAUDER"": 4, ""MARINE"": 5}",f13c6e9a95f8675bce991279f5f23f91d95c01a2fac3b83bfc80a79f65f2f597
r2g_train_1085,configs/train/r2g_train_1085.json,train,gen_protoss_triad_vs_bio_01,protoss_triad_vs_bio,general_v2,False,5,near,8.7994,OCTAGON,compact,vertical,4,9,625,650,0.9615,slight_disadvantage,0.751748,"{""COLOSSUS"": 1, ""STALKER"": 1, ""ZEALOT"": 2}","{""MARAUDER"": 4, ""MARINE"": 5}",ded2cfbe07a0f8da94d85136330ab1e4b08fdea0633f021a0e02476e2626d5b2
r2g_train_1086,configs/train/r2g_train_1086.json,train,gen_protoss_triad_vs_bio_01,protoss_triad_vs_bio,general_v2,False,6,near,8.7025,OCTAGON,split,diag_down,4,9,625,650,0.9615,slight_disadvantage,0.751748,"{""COLOSSUS"": 1, ""STALKER"": 1, ""ZEALOT"": 2}","{""MARAUDER"": 4, ""MARINE"": 5}",3010187180f5387461e5e6c7fc92172b3cea39389ff3e71622d809261a397cd5
r2g_train_1087,configs/train/r2g_train_1087.json,train,gen_protoss_triad_vs_bio_01,protoss_triad_vs_bio,general_v2,False,7,near,8.7866,NARROW,staggered,narrow_same_side,4,9,625,650,0.9615,slight_disadvantage,0.751748,"{""COLOSSUS"": 1, ""STALKER"": 1, ""ZEALOT"": 2}","{""MARAUDER"": 4, ""MARINE"": 5}",ba1a767104a93755bde757a2096c43429d307ada8a5adf16a7e3add43903e7c8
r2g_train_1088,configs/train/r2g_train_1088.json,train,gen_protoss_triad_vs_bio_01,protoss_triad_vs_bio,general_v2,False,8,medium,12.9197,SIMPLE,type_split,horizontal,4,9,625,650,0.9615,slight_disadvantage,0.751748,"{""COLOSSUS"": 1, ""STALKER"": 1, ""ZEALOT"": 2}","{""MARAUDER"": 4, ""MARINE"": 5}",f006c95374837420b1ac9e455e70d3ab8f21ee62bb8d5bc2d25f4a50eb78bdbc
r2g_train_1089,configs/train/r2g_train_1089.json,train,gen_protoss_triad_vs_bio_01,protoss_triad_vs_bio,general_v2,False,9,medium,12.7646,OCTAGON,compact,diag_up,4,9,625,650,0.9615,slight_disadvantage,0.751748,"{""COLOSSUS"": 1, ""STALKER"": 1, ""ZEALOT"": 2}","{""MARAUDER"": 4, ""MARINE"": 5}",02c6944af89cf3b34bd620bd412aebe05e06268c387ec896c0c0c748320c26d0
r2g_train_1090,configs/train/r2g_train_1090.json,train,gen_protoss_triad_vs_bio_01,protoss_triad_vs_bio,general_v2,False,10,medium,12.662,NARROW,split,narrow_cross_gate,4,9,625,650,0.9615,slight_disadvantage,0.751748,"{""COLOSSUS"": 1, ""STALKER"": 1, ""ZEALOT"": 2}","{""MARAUDER"": 4, ""MARINE"": 5}",9346a14494c2523d36407ec5a6bf0d6ac4c85386da50b73163af05c49f53cda6
r2g_train_1091,configs/train/r2g_train_1091.json,train,gen_protoss_triad_vs_bio_01,protoss_triad_vs_bio,general_v2,False,11,far,16.972,SIMPLE,staggered,horizontal,4,9,625,650,0.9615,slight_disadvantage,0.751748,"{""COLOSSUS"": 1, ""STALKER"": 1, ""ZEALOT"": 2}","{""MARAUDER"": 4, ""MARINE"": 5}",e618b2309fc346acab551ea43beb7b3e40d5a2219cdd0489b7d15c92433d9e14
r2g_train_1092,configs/train/r2g_train_1092.json,train,gen_protoss_triad_vs_bio_01,protoss_triad_vs_bio,general_v2,False,12,far,17.1271,SIMPLE,type_split,horizontal,4,9,625,650,0.9615,slight_disadvantage,0.751748,"{""COLOSSUS"": 1, ""STALKER"": 1, ""ZEALOT"": 2}","{""MARAUDER"": 4, ""MARINE"": 5}",806ad2eeaa6b682c58640dff568b9f296bd97eb8dbf7a433573de62c1a4a347d
r2g_train_1093,configs/train/r2g_train_1093.json,train,gen_protoss_triad_vs_bio_02,protoss_triad_vs_bio,general_v2,False,1,immediate,5.2129,NARROW,compact,narrow_same_side,4,8,625,600,1.0417,balanced,0.606061,"{""COLOSSUS"": 1, ""STALKER"": 1, ""ZEALOT"": 2}","{""MARAUDER"": 4, ""MARINE"": 4}",abce46445657213f29aa275cf6c77502631ed6e9c676fe8b51641c2b0ecfbcdd
r2g_train_1094,configs/train/r2g_train_1094.json,train,gen_protoss_triad_vs_bio_02,protoss_triad_vs_bio,general_v2,False,2,immediate,5.203,OCTAGON,split,diag_up,4,8,625,600,1.0417,balanced,0.606061,"{""COLOSSUS"": 1, ""STALKER"": 1, ""ZEALOT"": 2}","{""MARAUDER"": 4, ""MARINE"": 4}",dd3d03ea744b3a769acda45f027a9ee969fd8d2381af17143587847d07c13746
r2g_train_1095,configs/train/r2g_train_1095.json,train,gen_protoss_triad_vs_bio_02,protoss_triad_vs_bio,general_v2,False,3,immediate,5.2946,SIMPLE,staggered,horizontal,4,8,625,600,1.0417,balanced,0.606061,"{""COLOSSUS"": 1, ""STALKER"": 1, ""ZEALOT"": 2}","{""MARAUDER"": 4, ""MARINE"": 4}",e8779166f4dc025e3ee0b791dfb3fa64103e089ab1343e8713f6d9395489d22b
r2g_train_1096,configs/train/r2g_train_1096.json,train,gen_protoss_triad_vs_bio_02,protoss_triad_vs_bio,general_v2,False,4,near,8.6119,NARROW,type_split,narrow_same_side,4,8,625,600,1.0417,balanced,0.606061,"{""COLOSSUS"": 1, ""STALKER"": 1, ""ZEALOT"": 2}","{""MARAUDER"": 4, ""MARINE"": 4}",a66b34cfba51858b4d5ce8d1ca8c38462ee65d0ba41f8afa660ea3d28672527d
r2g_train_1097,configs/train/r2g_train_1097.json,train,gen_protoss_triad_vs_bio_02,protoss_triad_vs_bio,general_v2,False,5,near,8.82,OCTAGON,compact,vertical,4,8,625,600,1.0417,balanced,0.606061,"{""COLOSSUS"": 1, ""STALKER"": 1, ""ZEALOT"": 2}","{""MARAUDER"": 4, ""MARINE"": 4}",33f17d88d140e180f676acfba0345befe6ae6628cc59952e0e045d4db03b415c
r2g_train_1098,configs/train/r2g_train_1098.json,train,gen_protoss_triad_vs_bio_02,protoss_triad_vs_bio,general_v2,False,6,near,8.9847,OCTAGON,split,diag_down,4,8,625,600,1.0417,balanced,0.606061,"{""COLOSSUS"": 1, ""STALKER"": 1, ""ZEALOT"": 2}","{""MARAUDER"": 4, ""MARINE"": 4}",bd8d17fab83d5e700c51a780c9445eae3aac0cb2b19b78089bf57ff36842dd07
r2g_train_1099,configs/train/r2g_train_1099.json,train,gen_protoss_triad_vs_bio_02,protoss_triad_vs_bio,general_v2,False,7,near,8.9462,NARROW,staggered,narrow_same_side,4,8,625,600,1.0417,balanced,0.606061,"{""COLOSSUS"": 1, ""STALKER"": 1, ""ZEALOT"": 2}","{""MARAUDER"": 4, ""MARINE"": 4}",dd9b3d9f37f81f02813ce2bc3a762013e654dd9ddf156ccb4f8668ed1e142432
r2g_train_1100,configs/train/r2g_train_1100.json,train,gen_protoss_triad_vs_bio_02,protoss_triad_vs_bio,general_v2,False,8,medium,12.626,SIMPLE,type_split,horizontal,4,8,625,600,1.0417,balanced,0.606061,"{""COLOSSUS"": 1, ""STALKER"": 1, ""ZEALOT"": 2}","{""MARAUDER"": 4, ""MARINE"": 4}",846243d7da85e00b11d4e347e053b7517aab3e5f7a8356e7e3a16f2948824b4a
r2g_train_1101,configs/train/r2g_train_1101.json,train,gen_protoss_triad_vs_bio_02,protoss_triad_vs_bio,general_v2,False,9,medium,12.7471,OCTAGON,compact,diag_up,4,8,625,600,1.0417,balanced,0.606061,"{""COLOSSUS"": 1, ""STALKER"": 1, ""ZEALOT"": 2}","{""MARAUDER"": 4, ""MARINE"": 4}",60474fd968d3d49c149c69a1dfd62610ec2c0f68ae6235ba27fb488b46cea6e6
r2g_train_1102,configs/train/r2g_train_1102.json,train,gen_protoss_triad_vs_bio_02,protoss_triad_vs_bio,general_v2,False,10,medium,12.6876,NARROW,split,narrow_cross_gate,4,8,625,600,1.0417,balanced,0.606061,"{""COLOSSUS"": 1, ""STALKER"": 1, ""ZEALOT"": 2}","{""MARAUDER"": 4, ""MARINE"": 4}",d2e43683e4d11a6942b61c8aad1e28ab1f7a17ec076c00d751f63615d4fb4f02
r2g_train_1103,configs/train/r2g_train_1103.json,train,gen_protoss_triad_vs_bio_02,protoss_triad_vs_bio,general_v2,False,11,far,16.8699,SIMPLE,staggered,horizontal,4,8,625,600,1.0417,balanced,0.606061,"{""COLOSSUS"": 1, ""STALKER"": 1, ""ZEALOT"": 2}","{""MARAUDER"": 4, ""MARINE"": 4}",91f2b0116d826b26e40c7e5161ad9766eec0bb22bc75a7e2c28f09dd8f9ad760
r2g_train_1104,configs/train/r2g_train_1104.json,train,gen_protoss_triad_vs_bio_02,protoss_triad_vs_bio,general_v2,False,12,far,17.0867,SIMPLE,type_split,horizontal,4,8,625,600,1.0417,balanced,0.606061,"{""COLOSSUS"": 1, ""STALKER"": 1, ""ZEALOT"": 2}","{""MARAUDER"": 4, ""MARINE"": 4}",76ab79a92d1e06cc490e74b8a1455d19928db3187005b4d75145438d2f92f972
r2g_train_1105,configs/train/r2g_train_1105.json,train,gen_protoss_triad_vs_bio_03,protoss_triad_vs_bio,general_v2,False,1,immediate,5.5151,NARROW,compact,narrow_same_side,4,8,625,550,1.1364,moderate_advantage,0.433884,"{""COLOSSUS"": 1, ""STALKER"": 1, ""ZEALOT"": 2}","{""MARAUDER"": 3, ""MARINE"": 5}",f25b69259e2313d6b831d7452b17e34af242d32836786e71cb52d2b88edd4760
r2g_train_1106,configs/train/r2g_train_1106.json,train,gen_protoss_triad_vs_bio_03,protoss_triad_vs_bio,general_v2,False,2,immediate,5.2606,OCTAGON,split,diag_up,4,8,625,550,1.1364,moderate_advantage,0.433884,"{""COLOSSUS"": 1, ""STALKER"": 1, ""ZEALOT"": 2}","{""MARAUDER"": 3, ""MARINE"": 5}",907ebb305b59c6d1776d81b67ed15f22eb20aab1509807cf52525dfcd92d00ec
r2g_train_1107,configs/train/r2g_train_1107.json,train,gen_protoss_triad_vs_bio_03,protoss_triad_vs_bio,general_v2,False,3,immediate,5.5378,SIMPLE,staggered,horizontal,4,8,625,550,1.1364,moderate_advantage,0.433884,"{""COLOSSUS"": 1, ""STALKER"": 1, ""ZEALOT"": 2}","{""MARAUDER"": 3, ""MARINE"": 5}",1c4b50b403f814c03db265cdab2a0ed906af41be3a80a0219cfcd9c93129895c
r2g_train_1108,configs/train/r2g_train_1108.json,train,gen_protoss_triad_vs_bio_03,protoss_triad_vs_bio,general_v2,False,4,near,8.8649,NARROW,type_split,narrow_same_side,4,8,625,550,1.1364,moderate_advantage,0.433884,"{""COLOSSUS"": 1, ""STALKER"": 1, ""ZEALOT"": 2}","{""MARAUDER"": 3, ""MARINE"": 5}",f69558b4bca3f57257ed6303b1ed8704b9b5a39470618f2e0db5d7ec69e4cdb7
r2g_train_1109,configs/train/r2g_train_1109.json,train,gen_protoss_triad_vs_bio_03,protoss_triad_vs_bio,general_v2,False,5,near,8.9357,OCTAGON,compact,vertical,4,8,625,550,1.1364,moderate_advantage,0.433884,"{""COLOSSUS"": 1, ""STALKER"": 1, ""ZEALOT"": 2}","{""MARAUDER"": 3, ""MARINE"": 5}",a1c9c178035661b970f2238e2fa03126156c2899f394691543f5928c72c0721f
r2g_train_1110,configs/train/r2g_train_1110.json,train,gen_protoss_triad_vs_bio_03,protoss_triad_vs_bio,general_v2,False,6,near,8.9403,OCTAGON,split,diag_down,4,8,625,550,1.1364,moderate_advantage,0.433884,"{""COLOSSUS"": 1, ""STALKER"": 1, ""ZEALOT"": 2}","{""MARAUDER"": 3, ""MARINE"": 5}",af5f1510c892f6973d8b57030718182a6972ebcc047f6a2175a1b899ead0a8b6
r2g_train_1111,configs/train/r2g_train_1111.json,train,gen_protoss_triad_vs_bio_03,protoss_triad_vs_bio,general_v2,False,7,near,8.7404,NARROW,staggered,narrow_same_side,4,8,625,550,1.1364,moderate_advantage,0.433884,"{""COLOSSUS"": 1, ""STALKER"": 1, ""ZEALOT"": 2}","{""MARAUDER"": 3, ""MARINE"": 5}",f8e29623880101602856878d9f7460b41b0e4e3907dd97209f25081827b25e0b
r2g_train_1112,configs/train/r2g_train_1112.json,train,gen_protoss_triad_vs_bio_03,protoss_triad_vs_bio,general_v2,False,8,medium,12.9177,SIMPLE,type_split,horizontal,4,8,625,550,1.1364,moderate_advantage,0.433884,"{""COLOSSUS"": 1, ""STALKER"": 1, ""ZEALOT"": 2}","{""MARAUDER"": 3, ""MARINE"": 5}",6a690212c1e0acd1ef18b4609069cf4a69b9f596f8ba0052141c9f2cb23dd62d
r2g_train_1113,configs/train/r2g_train_1113.json,train,gen_protoss_triad_vs_bio_03,protoss_triad_vs_bio,general_v2,False,9,medium,12.9759,OCTAGON,compact,diag_up,4,8,625,550,1.1364,moderate_advantage,0.433884,"{""COLOSSUS"": 1, ""STALKER"": 1, ""ZEALOT"": 2}","{""MARAUDER"": 3, ""MARINE"": 5}",a10ef8ce85e737554caaf386d6e7b384e012ef6e85064eab11b9fbe1e266337c
r2g_train_1114,configs/train/r2g_train_1114.json,train,gen_protoss_triad_vs_bio_03,protoss_triad_vs_bio,general_v2,False,10,medium,12.7196,NARROW,split,narrow_cross_gate,4,8,625,550,1.1364,moderate_advantage,0.433884,"{""COLOSSUS"": 1, ""STALKER"": 1, ""ZEALOT"": 2}","{""MARAUDER"": 3, ""MARINE"": 5}",f854dcebb037473ca544c5bcf5ccd685a699665b21fd3cbfaf4e1400e2849370
r2g_train_1115,configs/train/r2g_train_1115.json,train,gen_protoss_triad_vs_bio_03,protoss_triad_vs_bio,general_v2,False,11,far,17.0428,SIMPLE,staggered,horizontal,4,8,625,550,1.1364,moderate_advantage,0.433884,"{""COLOSSUS"": 1, ""STALKER"": 1, ""ZEALOT"": 2}","{""MARAUDER"": 3, ""MARINE"": 5}",e87f3bb9aa99ad43c910e760880e28b57b6a63bfba4301bded376383f1ade5ff
r2g_train_1116,configs/train/r2g_train_1116.json,train,gen_protoss_triad_vs_bio_03,protoss_triad_vs_bio,general_v2,False,12,far,17.0279,SIMPLE,type_split,horizontal,4,8,625,550,1.1364,moderate_advantage,0.433884,"{""COLOSSUS"": 1, ""STALKER"": 1, ""ZEALOT"": 2}","{""MARAUDER"": 3, ""MARINE"": 5}",fe47c9941acbefa55f3c73263a67e87f5e44f053837087d5decff11cf6b17d04
r2g_train_1117,configs/train/r2g_train_1117.json,train,gen_protoss_triad_vs_bio_04,protoss_triad_vs_bio,general_v2,False,1,immediate,5.3761,NARROW,compact,narrow_same_side,5,9,775,600,1.2917,moderate_advantage,0.151515,"{""COLOSSUS"": 1, ""STALKER"": 3, ""ZEALOT"": 1}","{""MARAUDER"": 3, ""MARINE"": 6}",52089484b119338c148298b4a0b484b21f1a48dafb766e2f694073c2db8a52a1
r2g_train_1118,configs/train/r2g_train_1118.json,train,gen_protoss_triad_vs_bio_04,protoss_triad_vs_bio,general_v2,False,2,immediate,5.2246,OCTAGON,split,diag_up,5,9,775,600,1.2917,moderate_advantage,0.151515,"{""COLOSSUS"": 1, ""STALKER"": 3, ""ZEALOT"": 1}","{""MARAUDER"": 3, ""MARINE"": 6}",76708e552c4b190b2e84b27ebd5d4b810772ebfa99d9495d9671fb8e42331757
r2g_train_1119,configs/train/r2g_train_1119.json,train,gen_protoss_triad_vs_bio_04,protoss_triad_vs_bio,general_v2,False,3,immediate,5.2419,SIMPLE,staggered,horizontal,5,9,775,600,1.2917,moderate_advantage,0.151515,"{""COLOSSUS"": 1, ""STALKER"": 3, ""ZEALOT"": 1}","{""MARAUDER"": 3, ""MARINE"": 6}",78bdfbae55b61d2d2cac858f6e5c58f90668e7766fd25c30d4fae9f6d94d1a2b
r2g_train_1120,configs/train/r2g_train_1120.json,train,gen_protoss_triad_vs_bio_04,protoss_triad_vs_bio,general_v2,False,4,near,8.6139,NARROW,type_split,narrow_same_side,5,9,775,600,1.2917,moderate_advantage,0.151515,"{""COLOSSUS"": 1, ""STALKER"": 3, ""ZEALOT"": 1}","{""MARAUDER"": 3, ""MARINE"": 6}",3232c166d10f912ce6a04e964b1ec82ad375c3cf8dc7b65cffc366bb1195d0dc
r2g_train_1121,configs/train/r2g_train_1121.json,train,gen_protoss_triad_vs_bio_04,protoss_triad_vs_bio,general_v2,False,5,near,8.6643,OCTAGON,compact,vertical,5,9,775,600,1.2917,moderate_advantage,0.151515,"{""COLOSSUS"": 1, ""STALKER"": 3, ""ZEALOT"": 1}","{""MARAUDER"": 3, ""MARINE"": 6}",586faf3d2471f90be6beecfe9d07fcee98fe74c62e2572ffb694687d84fa05f8
r2g_train_1122,configs/train/r2g_train_1122.json,train,gen_protoss_triad_vs_bio_04,protoss_triad_vs_bio,general_v2,False,6,near,8.7922,OCTAGON,split,diag_down,5,9,775,600,1.2917,moderate_advantage,0.151515,"{""COLOSSUS"": 1, ""STALKER"": 3, ""ZEALOT"": 1}","{""MARAUDER"": 3, ""MARINE"": 6}",e9a8bfb9055c01a0c0405152e0c0e27ac4f541663ee18e01bab2795258b80fff
r2g_train_1123,configs/train/r2g_train_1123.json,train,gen_protoss_triad_vs_bio_04,protoss_triad_vs_bio,general_v2,False,7,near,8.6828,NARROW,staggered,narrow_same_side,5,9,775,600,1.2917,moderate_advantage,0.151515,"{""COLOSSUS"": 1, ""STALKER"": 3, ""ZEALOT"": 1}","{""MARAUDER"": 3, ""MARINE"": 6}",af0094c5f41570a638536ca7e6bbab9d74a4a590ae88b3a6746dfcc060d4fcb7
r2g_train_1124,configs/train/r2g_train_1124.json,train,gen_protoss_triad_vs_bio_04,protoss_triad_vs_bio,general_v2,False,8,medium,12.9607,SIMPLE,type_split,horizontal,5,9,775,600,1.2917,moderate_advantage,0.151515,"{""COLOSSUS"": 1, ""STALKER"": 3, ""ZEALOT"": 1}","{""MARAUDER"": 3, ""MARINE"": 6}",a06ba993e368c7a0d62e04201860d651bd61a96a5a605866fc56b1d2a96ce38f
r2g_train_1125,configs/train/r2g_train_1125.json,train,gen_protoss_triad_vs_bio_04,protoss_triad_vs_bio,general_v2,False,9,medium,12.7227,OCTAGON,compact,diag_up,5,9,775,600,1.2917,moderate_advantage,0.151515,"{""COLOSSUS"": 1, ""STALKER"": 3, ""ZEALOT"": 1}","{""MARAUDER"": 3, ""MARINE"": 6}",73cce54ee3a952d763d9f40c84e0eb6a47f994b5d37edc4bbbb991ddb35a7046
r2g_train_1126,configs/train/r2g_train_1126.json,train,gen_protoss_triad_vs_bio_04,protoss_triad_vs_bio,general_v2,False,10,medium,12.6672,NARROW,split,narrow_cross_gate,5,9,775,600,1.2917,moderate_advantage,0.151515,"{""COLOSSUS"": 1, ""STALKER"": 3, ""ZEALOT"": 1}","{""MARAUDER"": 3, ""MARINE"": 6}",41a4c3c6abedeed7e2bfe641533031a1564b0a98e40ad94c6de5b13d5dc510f0
r2g_train_1127,configs/train/r2g_train_1127.json,train,gen_protoss_triad_vs_bio_04,protoss_triad_vs_bio,general_v2,False,11,far,17.061,SIMPLE,staggered,horizontal,5,9,775,600,1.2917,moderate_advantage,0.151515,"{""COLOSSUS"": 1, ""STALKER"": 3, ""ZEALOT"": 1}","{""MARAUDER"": 3, ""MARINE"": 6}",f78c648ea693fb746a462cb9bf9ecca55db7452e41f8fdd156f43dd4a18d96a2
r2g_train_1128,configs/train/r2g_train_1128.json,train,gen_protoss_triad_vs_bio_04,protoss_triad_vs_bio,general_v2,False,12,far,17.1557,SIMPLE,type_split,horizontal,5,9,775,600,1.2917,moderate_advantage,0.151515,"{""COLOSSUS"": 1, ""STALKER"": 3, ""ZEALOT"": 1}","{""MARAUDER"": 3, ""MARINE"": 6}",9730c59a3fb10690232ba0588aadc18e72c7227954a409aeb108771c2d45db45
r2g_train_1129,configs/train/r2g_train_1129.json,train,gen_protoss_triad_vs_bio_05,protoss_triad_vs_bio,general_v2,False,1,immediate,5.3969,NARROW,compact,narrow_same_side,7,9,975,650,1.5,strong_advantage,0.0,"{""COLOSSUS"": 1, ""STALKER"": 3, ""ZEALOT"": 3}","{""MARAUDER"": 4, ""MARINE"": 5}",d769a959536ddbc2f631754030ce7c4d35f081f192e232b86900c507df98e110
r2g_train_1130,configs/train/r2g_train_1130.json,train,gen_protoss_triad_vs_bio_05,protoss_triad_vs_bio,general_v2,False,2,immediate,5.3633,OCTAGON,split,diag_up,7,9,975,650,1.5,strong_advantage,0.0,"{""COLOSSUS"": 1, ""STALKER"": 3, ""ZEALOT"": 3}","{""MARAUDER"": 4, ""MARINE"": 5}",46d38a134d16498254612938802e014bcf9ada90897eb2139383393086eeb032
r2g_train_1131,configs/train/r2g_train_1131.json,train,gen_protoss_triad_vs_bio_05,protoss_triad_vs_bio,general_v2,False,3,immediate,5.541,SIMPLE,staggered,horizontal,7,9,975,650,1.5,strong_advantage,0.0,"{""COLOSSUS"": 1, ""STALKER"": 3, ""ZEALOT"": 3}","{""MARAUDER"": 4, ""MARINE"": 5}",d457ae46260b619653118f2b6d3cfc6aac53a2a4bbac190c36027d7f5caaae3d
r2g_train_1132,configs/train/r2g_train_1132.json,train,gen_protoss_triad_vs_bio_05,protoss_triad_vs_bio,general_v2,False,4,near,8.9159,NARROW,type_split,narrow_same_side,7,9,975,650,1.5,strong_advantage,0.0,"{""COLOSSUS"": 1, ""STALKER"": 3, ""ZEALOT"": 3}","{""MARAUDER"": 4, ""MARINE"": 5}",7da02e79adaf05e41688f276cc63d43751439e61fa0e2044ef1f308ed61597c2
r2g_train_1133,configs/train/r2g_train_1133.json,train,gen_protoss_triad_vs_bio_05,protoss_triad_vs_bio,general_v2,False,5,near,8.9374,OCTAGON,compact,vertical,7,9,975,650,1.5,strong_advantage,0.0,"{""COLOSSUS"": 1, ""STALKER"": 3, ""ZEALOT"": 3}","{""MARAUDER"": 4, ""MARINE"": 5}",7be08e6d2a7039024e634de75ae5f690f1f3865ca5e147b5df75e5b3047ec0c1
r2g_train_1134,configs/train/r2g_train_1134.json,train,gen_protoss_triad_vs_bio_05,protoss_triad_vs_bio,general_v2,False,6,near,8.822,OCTAGON,split,diag_down,7,9,975,650,1.5,strong_advantage,0.0,"{""COLOSSUS"": 1, ""STALKER"": 3, ""ZEALOT"": 3}","{""MARAUDER"": 4, ""MARINE"": 5}",3fc13a1a82337fa73fe51a2c4784eaf809b6754219191123d3a67c77e3e46e1c
r2g_train_1135,configs/train/r2g_train_1135.json,train,gen_protoss_triad_vs_bio_05,protoss_triad_vs_bio,general_v2,False,7,near,8.9205,NARROW,staggered,narrow_same_side,7,9,975,650,1.5,strong_advantage,0.0,"{""COLOSSUS"": 1, ""STALKER"": 3, ""ZEALOT"": 3}","{""MARAUDER"": 4, ""MARINE"": 5}",0a54586981fba54c3f3d21e755209b7754ad28f3fe1e051fd6d57c39922d6c0f
r2g_train_1136,configs/train/r2g_train_1136.json,train,gen_protoss_triad_vs_bio_05,protoss_triad_vs_bio,general_v2,False,8,medium,12.6422,SIMPLE,type_split,horizontal,7,9,975,650,1.5,strong_advantage,0.0,"{""COLOSSUS"": 1, ""STALKER"": 3, ""ZEALOT"": 3}","{""MARAUDER"": 4, ""MARINE"": 5}",96bbda9a04ded466e8f1e43d5c0f9ab0d54aa0752a16aef3f5b33708a46640f6
r2g_train_1137,configs/train/r2g_train_1137.json,train,gen_protoss_triad_vs_bio_05,protoss_triad_vs_bio,general_v2,False,9,medium,12.7944,OCTAGON,compact,diag_up,7,9,975,650,1.5,strong_advantage,0.0,"{""COLOSSUS"": 1, ""STALKER"": 3, ""ZEALOT"": 3}","{""MARAUDER"": 4, ""MARINE"": 5}",50e6caab3a61cbf5fe4c5a11691d84de011bfea5be595478ac76ee53e5149c59
r2g_train_1138,configs/train/r2g_train_1138.json,train,gen_protoss_triad_vs_bio_05,protoss_triad_vs_bio,general_v2,False,10,medium,12.8153,NARROW,split,narrow_cross_gate,7,9,975,650,1.5,strong_advantage,0.0,"{""COLOSSUS"": 1, ""STALKER"": 3, ""ZEALOT"": 3}","{""MARAUDER"": 4, ""MARINE"": 5}",de6c2d856c93c8d9bfdd7acb033c66ba673a943279623e87ea5021879938cb27
r2g_train_1139,configs/train/r2g_train_1139.json,train,gen_protoss_triad_vs_bio_05,protoss_triad_vs_bio,general_v2,False,11,far,17.1523,SIMPLE,staggered,horizontal,7,9,975,650,1.5,strong_advantage,0.0,"{""COLOSSUS"": 1, ""STALKER"": 3, ""ZEALOT"": 3}","{""MARAUDER"": 4, ""MARINE"": 5}",4c021c180dabf6f107d94f1ed78c02518086daddcfbd4e632a508a4fe44c6153
r2g_train_1140,configs/train/r2g_train_1140.json,train,gen_protoss_triad_vs_bio_05,protoss_triad_vs_bio,general_v2,False,12,far,17.0745,SIMPLE,type_split,horizontal,7,9,975,650,1.5,strong_advantage,0.0,"{""COLOSSUS"": 1, ""STALKER"": 3, ""ZEALOT"": 3}","{""MARAUDER"": 4, ""MARINE"": 5}",bbfe17391445d34ef94bb3a34d4678e21c3b6e24f43c91916acbc32e0f2d9817
r2g_train_1141,configs/train/r2g_train_1141.json,train,gen_bio_vs_spine_swarm_01,bio_vs_spine_swarm,general_v2,False,1,immediate,5.486,NARROW,compact,narrow_same_side,3,4,250,250,1.0,balanced,0.681818,"{""MARAUDER"": 2, ""MARINE"": 1}","{""SPINE_CRAWLER"": 1, ""ZERGLING"": 3}",2959e2cf3f46f766c92569af7beb82b4f33cb7bd18895293e0f4aa763d245a45
r2g_train_1142,configs/train/r2g_train_1142.json,train,gen_bio_vs_spine_swarm_01,bio_vs_spine_swarm,general_v2,False,2,immediate,5.5736,OCTAGON,split,diag_up,3,4,250,250,1.0,balanced,0.681818,"{""MARAUDER"": 2, ""MARINE"": 1}","{""SPINE_CRAWLER"": 1, ""ZERGLING"": 3}",2919ab3bee071cab4eec85f166e8c13ed86e566e6d49b1c8e66f213f08cef1fb
r2g_train_1143,configs/train/r2g_train_1143.json,train,gen_bio_vs_spine_swarm_01,bio_vs_spine_swarm,general_v2,False,3,immediate,5.4102,SIMPLE,staggered,horizontal,3,4,250,250,1.0,balanced,0.681818,"{""MARAUDER"": 2, ""MARINE"": 1}","{""SPINE_CRAWLER"": 1, ""ZERGLING"": 3}",69f370e635b373e9d3a556dc790b365c0679de75b7473d8e505c24d1db86b95f
r2g_train_1144,configs/train/r2g_train_1144.json,train,gen_bio_vs_spine_swarm_01,bio_vs_spine_swarm,general_v2,False,4,near,8.6416,NARROW,type_split,narrow_same_side,3,4,250,250,1.0,balanced,0.681818,"{""MARAUDER"": 2, ""MARINE"": 1}","{""SPINE_CRAWLER"": 1, ""ZERGLING"": 3}",5029ca981a48e9cbd60c18baba54b4de1962514a65158da625a006ad0961fbf9
r2g_train_1145,configs/train/r2g_train_1145.json,train,gen_bio_vs_spine_swarm_01,bio_vs_spine_swarm,general_v2,False,5,near,8.8668,OCTAGON,compact,vertical,3,4,250,250,1.0,balanced,0.681818,"{""MARAUDER"": 2, ""MARINE"": 1}","{""SPINE_CRAWLER"": 1, ""ZERGLING"": 3}",7860bf0db2820695aacc65f37aa8254391c664986b61a5c04b18613e850eeef4
r2g_train_1146,configs/train/r2g_train_1146.json,train,gen_bio_vs_spine_swarm_01,bio_vs_spine_swarm,general_v2,False,6,near,8.8254,OCTAGON,split,diag_down,3,4,250,250,1.0,balanced,0.681818,"{""MARAUDER"": 2, ""MARINE"": 1}","{""SPINE_CRAWLER"": 1, ""ZERGLING"": 3}",53421b680aa73663cb25b0cb72f198360d2f50c9f314a548a2af770214bca83d
r2g_train_1147,configs/train/r2g_train_1147.json,train,gen_bio_vs_spine_swarm_01,bio_vs_spine_swarm,general_v2,False,7,near,8.6616,NARROW,staggered,narrow_same_side,3,4,250,250,1.0,balanced,0.681818,"{""MARAUDER"": 2, ""MARINE"": 1}","{""SPINE_CRAWLER"": 1, ""ZERGLING"": 3}",262271090b6fbfb082774215487abf15ad4145d1ec93863d55b4e13cf04d2301
r2g_train_1148,configs/train/r2g_train_1148.json,train,gen_bio_vs_spine_swarm_01,bio_vs_spine_swarm,general_v2,False,8,medium,12.6589,SIMPLE,type_split,horizontal,3,4,250,250,1.0,balanced,0.681818,"{""MARAUDER"": 2, ""MARINE"": 1}","{""SPINE_CRAWLER"": 1, ""ZERGLING"": 3}",0e8ffcf742a7a19776ecf46ecc53b7bd093e331b084bd3530159ea5383840bf8
r2g_train_1149,configs/train/r2g_train_1149.json,train,gen_bio_vs_spine_swarm_01,bio_vs_spine_swarm,general_v2,False,9,medium,12.9943,OCTAGON,compact,diag_up,3,4,250,250,1.0,balanced,0.681818,"{""MARAUDER"": 2, ""MARINE"": 1}","{""SPINE_CRAWLER"": 1, ""ZERGLING"": 3}",2be82ae7065a9d65405e91a5b2fdfbe91ac0fc4f12f6af253b86c326b0c95d63
r2g_train_1150,configs/train/r2g_train_1150.json,train,gen_bio_vs_spine_swarm_01,bio_vs_spine_swarm,general_v2,False,10,medium,12.7904,NARROW,split,narrow_cross_gate,3,4,250,250,1.0,balanced,0.681818,"{""MARAUDER"": 2, ""MARINE"": 1}","{""SPINE_CRAWLER"": 1, ""ZERGLING"": 3}",e0003683fd03b33cc6c6e81a47b54c492b14f309bbb940643966dae1ce3267bc
r2g_train_1151,configs/train/r2g_train_1151.json,train,gen_bio_vs_spine_swarm_01,bio_vs_spine_swarm,general_v2,False,11,far,16.9087,SIMPLE,staggered,horizontal,3,4,250,250,1.0,balanced,0.681818,"{""MARAUDER"": 2, ""MARINE"": 1}","{""SPINE_CRAWLER"": 1, ""ZERGLING"": 3}",9aaff4616eb3a22827b1467680db96f9e0aa7b5e374804bda5f3dffe85b350cc
r2g_train_1152,configs/train/r2g_train_1152.json,train,gen_bio_vs_spine_swarm_01,bio_vs_spine_swarm,general_v2,False,12,far,16.982,SIMPLE,type_split,horizontal,3,4,250,250,1.0,balanced,0.681818,"{""MARAUDER"": 2, ""MARINE"": 1}","{""SPINE_CRAWLER"": 1, ""ZERGLING"": 3}",ffdea014338d623f233a96740ce5db6f195520669a703b4e031d33016fea8b42
r2g_train_1153,configs/train/r2g_train_1153.json,train,gen_bio_vs_spine_swarm_02,bio_vs_spine_swarm,general_v2,False,1,immediate,5.2561,NARROW,compact,narrow_same_side,6,5,450,425,1.0588,balanced,0.574866,"{""MARAUDER"": 3, ""MARINE"": 3}","{""SPINE_CRAWLER"": 2, ""ZERGLING"": 3}",ebf73b3fcb0b2b2c90ec03c934de747b355fb9b7fdb74112b11d5c628d164074
r2g_train_1154,configs/train/r2g_train_1154.json,train,gen_bio_vs_spine_swarm_02,bio_vs_spine_swarm,general_v2,False,2,immediate,5.233,OCTAGON,split,diag_up,6,5,450,425,1.0588,balanced,0.574866,"{""MARAUDER"": 3, ""MARINE"": 3}","{""SPINE_CRAWLER"": 2, ""ZERGLING"": 3}",f6dc4e1c81c5351acf1500c43fbdc7cb0ff755df838c3e03f7606ca32052fe93
r2g_train_1155,configs/train/r2g_train_1155.json,train,gen_bio_vs_spine_swarm_02,bio_vs_spine_swarm,general_v2,False,3,immediate,5.5468,SIMPLE,staggered,horizontal,6,5,450,425,1.0588,balanced,0.574866,"{""MARAUDER"": 3, ""MARINE"": 3}","{""SPINE_CRAWLER"": 2, ""ZERGLING"": 3}",34e41ecbce62db3c26b2f07e521485f28abccfda3800ea744a18a15adc1b36ef
r2g_train_1156,configs/train/r2g_train_1156.json,train,gen_bio_vs_spine_swarm_02,bio_vs_spine_swarm,general_v2,False,4,near,8.7091,NARROW,type_split,narrow_same_side,6,5,450,425,1.0588,balanced,0.574866,"{""MARAUDER"": 3, ""MARINE"": 3}","{""SPINE_CRAWLER"": 2, ""ZERGLING"": 3}",4fa7ecda78796b8d5fbf994b0ecb28f24adc52a873a76d6abdbdd64341ec172c
r2g_train_1157,configs/train/r2g_train_1157.json,train,gen_bio_vs_spine_swarm_02,bio_vs_spine_swarm,general_v2,False,5,near,8.6263,OCTAGON,compact,vertical,6,5,450,425,1.0588,balanced,0.574866,"{""MARAUDER"": 3, ""MARINE"": 3}","{""SPINE_CRAWLER"": 2, ""ZERGLING"": 3}",32b7e23a354a4e93b4bbc34b5fb7f4cbfdb1037a319a8e8be8a066648a604d47
r2g_train_1158,configs/train/r2g_train_1158.json,train,gen_bio_vs_spine_swarm_02,bio_vs_spine_swarm,general_v2,False,6,near,8.8761,OCTAGON,split,diag_down,6,5,450,425,1.0588,balanced,0.574866,"{""MARAUDER"": 3, ""MARINE"": 3}","{""SPINE_CRAWLER"": 2, ""ZERGLING"": 3}",a18c1662448e59ad7fb5e4e874d5b3bb02486be66515481d3d2c26f51ebd0def
r2g_train_1159,configs/train/r2g_train_1159.json,train,gen_bio_vs_spine_swarm_02,bio_vs_spine_swarm,general_v2,False,7,near,8.9289,NARROW,staggered,narrow_same_side,6,5,450,425,1.0588,balanced,0.574866,"{""MARAUDER"": 3, ""MARINE"": 3}","{""SPINE_CRAWLER"": 2, ""ZERGLING"": 3}",ad31ca04bb98a5cb54cdea3aac04d5b9d33f64126f9a22f1d198adda5c695f85
r2g_train_1160,configs/train/r2g_train_1160.json,train,gen_bio_vs_spine_swarm_02,bio_vs_spine_swarm,general_v2,False,8,medium,12.9831,SIMPLE,type_split,horizontal,6,5,450,425,1.0588,balanced,0.574866,"{""MARAUDER"": 3, ""MARINE"": 3}","{""SPINE_CRAWLER"": 2, ""ZERGLING"": 3}",6af36c9c4e0816c56c2c5bb6a718b37e9f73a980a0b03d99aa68f8e5aa0e3598
r2g_train_1161,configs/train/r2g_train_1161.json,train,gen_bio_vs_spine_swarm_02,bio_vs_spine_swarm,general_v2,False,9,medium,12.7049,OCTAGON,compact,diag_up,6,5,450,425,1.0588,balanced,0.574866,"{""MARAUDER"": 3, ""MARINE"": 3}","{""SPINE_CRAWLER"": 2, ""ZERGLING"": 3}",d26ca8a4ff18058a84a0fb7a6e273b4c139737532b2c39798acb651f80c7c4d2
r2g_train_1162,configs/train/r2g_train_1162.json,train,gen_bio_vs_spine_swarm_02,bio_vs_spine_swarm,general_v2,False,10,medium,12.9045,NARROW,split,narrow_cross_gate,6,5,450,425,1.0588,balanced,0.574866,"{""MARAUDER"": 3, ""MARINE"": 3}","{""SPINE_CRAWLER"": 2, ""ZERGLING"": 3}",d2327c72d4341a04b28edaa03528cad143a447fbde82f9334fed75387fb4d63a
r2g_train_1163,configs/train/r2g_train_1163.json,train,gen_bio_vs_spine_swarm_02,bio_vs_spine_swarm,general_v2,False,11,far,17.0532,SIMPLE,staggered,horizontal,6,5,450,425,1.0588,balanced,0.574866,"{""MARAUDER"": 3, ""MARINE"": 3}","{""SPINE_CRAWLER"": 2, ""ZERGLING"": 3}",b821c82d600392ad2bdd6cb84303f1e3a85c420d59824f11890514356de42b36
r2g_train_1164,configs/train/r2g_train_1164.json,train,gen_bio_vs_spine_swarm_02,bio_vs_spine_swarm,general_v2,False,12,far,16.8235,SIMPLE,type_split,horizontal,6,5,450,425,1.0588,balanced,0.574866,"{""MARAUDER"": 3, ""MARINE"": 3}","{""SPINE_CRAWLER"": 2, ""ZERGLING"": 3}",d91d5f950a89734df106d609e8eab999ba9178f4826e0b54f6cdb158bffd2399
r2g_train_1165,configs/train/r2g_train_1165.json,train,gen_bio_vs_spine_swarm_03,bio_vs_spine_swarm,general_v2,False,1,immediate,5.3271,NARROW,compact,narrow_same_side,6,6,350,300,1.1667,moderate_advantage,0.378788,"{""MARAUDER"": 1, ""MARINE"": 5}","{""SPINE_CRAWLER"": 1, ""ZERGLING"": 5}",99492dcac09511ee85f8cfd24fdc2bf7fd283177df045db23c8026ad34890ce3
r2g_train_1166,configs/train/r2g_train_1166.json,train,gen_bio_vs_spine_swarm_03,bio_vs_spine_swarm,general_v2,False,2,immediate,5.5187,OCTAGON,split,diag_up,6,6,350,300,1.1667,moderate_advantage,0.378788,"{""MARAUDER"": 1, ""MARINE"": 5}","{""SPINE_CRAWLER"": 1, ""ZERGLING"": 5}",2646de2b22d14352c3c0fd00872d60137b952ce337902ea32e21f3e8ad3edf2a
r2g_train_1167,configs/train/r2g_train_1167.json,train,gen_bio_vs_spine_swarm_03,bio_vs_spine_swarm,general_v2,False,3,immediate,5.2696,SIMPLE,staggered,horizontal,6,6,350,300,1.1667,moderate_advantage,0.378788,"{""MARAUDER"": 1, ""MARINE"": 5}","{""SPINE_CRAWLER"": 1, ""ZERGLING"": 5}",b9bfb01d268ce90fb7b98f177c1b568c3eace8df93b95d07f3607107043675dc
r2g_train_1168,configs/train/r2g_train_1168.json,train,gen_bio_vs_spine_swarm_03,bio_vs_spine_swarm,general_v2,False,4,near,8.6301,NARROW,type_split,narrow_same_side,6,6,350,300,1.1667,moderate_advantage,0.378788,"{""MARAUDER"": 1, ""MARINE"": 5}","{""SPINE_CRAWLER"": 1, ""ZERGLING"": 5}",d9098319a45bdf34f379e243f7e3980e5f5696c905fdf4bc7b6c0c281636677f
r2g_train_1169,configs/train/r2g_train_1169.json,train,gen_bio_vs_spine_swarm_03,bio_vs_spine_swarm,general_v2,False,5,near,8.993,OCTAGON,compact,vertical,6,6,350,300,1.1667,moderate_advantage,0.378788,"{""MARAUDER"": 1, ""MARINE"": 5}","{""SPINE_CRAWLER"": 1, ""ZERGLING"": 5}",bf1fa7d3d3040b9ab10b9b1cab244b5356fd790ffe447d9f116322477e61e36b
r2g_train_1170,configs/train/r2g_train_1170.json,train,gen_bio_vs_spine_swarm_03,bio_vs_spine_swarm,general_v2,False,6,near,8.6286,OCTAGON,split,diag_down,6,6,350,300,1.1667,moderate_advantage,0.378788,"{""MARAUDER"": 1, ""MARINE"": 5}","{""SPINE_CRAWLER"": 1, ""ZERGLING"": 5}",3c8a1a0c7bcd8febdc5bd7f9ce47ab1dc5754c709b092d8e0ae23b103960dd31
r2g_train_1171,configs/train/r2g_train_1171.json,train,gen_bio_vs_spine_swarm_03,bio_vs_spine_swarm,general_v2,False,7,near,8.9388,NARROW,staggered,narrow_same_side,6,6,350,300,1.1667,moderate_advantage,0.378788,"{""MARAUDER"": 1, ""MARINE"": 5}","{""SPINE_CRAWLER"": 1, ""ZERGLING"": 5}",73d9afda4964b3659c459d63b689d39b5520831503e11cac525b2fd13ff4414d
r2g_train_1172,configs/train/r2g_train_1172.json,train,gen_bio_vs_spine_swarm_03,bio_vs_spine_swarm,general_v2,False,8,medium,12.976,SIMPLE,type_split,horizontal,6,6,350,300,1.1667,moderate_advantage,0.378788,"{""MARAUDER"": 1, ""MARINE"": 5}","{""SPINE_CRAWLER"": 1, ""ZERGLING"": 5}",70e61647247d4cc947411f228e1f65eb56d352a77bc6c2a50dee302d682e0834
r2g_train_1173,configs/train/r2g_train_1173.json,train,gen_bio_vs_spine_swarm_03,bio_vs_spine_swarm,general_v2,False,9,medium,12.8877,OCTAGON,compact,diag_up,6,6,350,300,1.1667,moderate_advantage,0.378788,"{""MARAUDER"": 1, ""MARINE"": 5}","{""SPINE_CRAWLER"": 1, ""ZERGLING"": 5}",4ab8d6a4e4611fecc4c937545897e5de18ad0554ff79d95435c240c83b868fd5
r2g_train_1174,configs/train/r2g_train_1174.json,train,gen_bio_vs_spine_swarm_03,bio_vs_spine_swarm,general_v2,False,10,medium,12.9762,NARROW,split,narrow_cross_gate,6,6,350,300,1.1667,moderate_advantage,0.378788,"{""MARAUDER"": 1, ""MARINE"": 5}","{""SPINE_CRAWLER"": 1, ""ZERGLING"": 5}",3c05e49c97b9b8de64c9e55fd394ebb2b54d58c32ad589766d6261daccf32737
r2g_train_1175,configs/train/r2g_train_1175.json,train,gen_bio_vs_spine_swarm_03,bio_vs_spine_swarm,general_v2,False,11,far,17.0357,SIMPLE,staggered,horizontal,6,6,350,300,1.1667,moderate_advantage,0.378788,"{""MARAUDER"": 1, ""MARINE"": 5}","{""SPINE_CRAWLER"": 1, ""ZERGLING"": 5}",2925a7a7052aabb817dffac5712d23c7d087be6eb0084ec2180545b13dd44bd9
r2g_train_1176,configs/train/r2g_train_1176.json,train,gen_bio_vs_spine_swarm_03,bio_vs_spine_swarm,general_v2,False,12,far,17.0733,SIMPLE,type_split,horizontal,6,6,350,300,1.1667,moderate_advantage,0.378788,"{""MARAUDER"": 1, ""MARINE"": 5}","{""SPINE_CRAWLER"": 1, ""ZERGLING"": 5}",cb05224642e3b82a34ebc699a4f22506a547917ab587d58f44060b36f24d532e
r2g_train_1177,configs/train/r2g_train_1177.json,train,gen_bio_vs_spine_swarm_04,bio_vs_spine_swarm,general_v2,False,1,immediate,5.4466,NARROW,compact,narrow_same_side,8,6,600,450,1.3333,moderate_advantage,0.075758,"{""MARAUDER"": 4, ""MARINE"": 4}","{""SPINE_CRAWLER"": 2, ""ZERGLING"": 4}",333a0d855fcf65006e3fb6f10d8263ee40f7ce5941c115be950570c66ca0a9f9
r2g_train_1178,configs/train/r2g_train_1178.json,train,gen_bio_vs_spine_swarm_04,bio_vs_spine_swarm,general_v2,False,2,immediate,5.3633,OCTAGON,split,diag_up,8,6,600,450,1.3333,moderate_advantage,0.075758,"{""MARAUDER"": 4, ""MARINE"": 4}","{""SPINE_CRAWLER"": 2, ""ZERGLING"": 4}",b5a247ba631eac69a2e4b87b64979a57ec9805a9758f20696aaaebf7db7e51ea
r2g_train_1179,configs/train/r2g_train_1179.json,train,gen_bio_vs_spine_swarm_04,bio_vs_spine_swarm,general_v2,False,3,immediate,5.5396,SIMPLE,staggered,horizontal,8,6,600,450,1.3333,moderate_advantage,0.075758,"{""MARAUDER"": 4, ""MARINE"": 4}","{""SPINE_CRAWLER"": 2, ""ZERGLING"": 4}",ff947a7618811c478a0c531152eff604313273c9b2f5ff845be10b645a41ff0a
r2g_train_1180,configs/train/r2g_train_1180.json,train,gen_bio_vs_spine_swarm_04,bio_vs_spine_swarm,general_v2,False,4,near,8.6496,NARROW,type_split,narrow_same_side,8,6,600,450,1.3333,moderate_advantage,0.075758,"{""MARAUDER"": 4, ""MARINE"": 4}","{""SPINE_CRAWLER"": 2, ""ZERGLING"": 4}",ba7563c07f9d32f145e799eee75627374fbcdcb337d4b4c6de28147611eecf17
r2g_train_1181,configs/train/r2g_train_1181.json,train,gen_bio_vs_spine_swarm_04,bio_vs_spine_swarm,general_v2,False,5,near,8.6476,OCTAGON,compact,vertical,8,6,600,450,1.3333,moderate_advantage,0.075758,"{""MARAUDER"": 4, ""MARINE"": 4}","{""SPINE_CRAWLER"": 2, ""ZERGLING"": 4}",60f9798eb7d2f5223bd3f040b77281eac62b7f30642e2dfc5649666440461b4d
r2g_train_1182,configs/train/r2g_train_1182.json,train,gen_bio_vs_spine_swarm_04,bio_vs_spine_swarm,general_v2,False,6,near,8.9236,OCTAGON,split,diag_down,8,6,600,450,1.3333,moderate_advantage,0.075758,"{""MARAUDER"": 4, ""MARINE"": 4}","{""SPINE_CRAWLER"": 2, ""ZERGLING"": 4}",6f194fab67c1bf49ea489ad44916b712920386b5a569d5ad31516417e16c7e5b
r2g_train_1183,configs/train/r2g_train_1183.json,train,gen_bio_vs_spine_swarm_04,bio_vs_spine_swarm,general_v2,False,7,near,8.834,NARROW,staggered,narrow_same_side,8,6,600,450,1.3333,moderate_advantage,0.075758,"{""MARAUDER"": 4, ""MARINE"": 4}","{""SPINE_CRAWLER"": 2, ""ZERGLING"": 4}",ab25ec4179e5adf8390c3734edf299977aa6af30e3fbc00587b9b38f9be2e3da
r2g_train_1184,configs/train/r2g_train_1184.json,train,gen_bio_vs_spine_swarm_04,bio_vs_spine_swarm,general_v2,False,8,medium,12.9119,SIMPLE,type_split,horizontal,8,6,600,450,1.3333,moderate_advantage,0.075758,"{""MARAUDER"": 4, ""MARINE"": 4}","{""SPINE_CRAWLER"": 2, ""ZERGLING"": 4}",800977c0e497d23a1a839451b051d72f304579da98f2133ef1486eef165c9d2e
r2g_train_1185,configs/train/r2g_train_1185.json,train,gen_bio_vs_spine_swarm_04,bio_vs_spine_swarm,general_v2,False,9,medium,12.7429,OCTAGON,compact,diag_up,8,6,600,450,1.3333,moderate_advantage,0.075758,"{""MARAUDER"": 4, ""MARINE"": 4}","{""SPINE_CRAWLER"": 2, ""ZERGLING"": 4}",f0fd7e7c18c8abc90d26d0e4ea5e5ec9fdadf4cac2ff592492127644955b3c81
r2g_train_1186,configs/train/r2g_train_1186.json,train,gen_bio_vs_spine_swarm_04,bio_vs_spine_swarm,general_v2,False,10,medium,12.8684,NARROW,split,narrow_cross_gate,8,6,600,450,1.3333,moderate_advantage,0.075758,"{""MARAUDER"": 4, ""MARINE"": 4}","{""SPINE_CRAWLER"": 2, ""ZERGLING"": 4}",97ef96c0398b7930856eedb0bf0a34c644853b27a97cb69a77632215b5de65f1
r2g_train_1187,configs/train/r2g_train_1187.json,train,gen_bio_vs_spine_swarm_04,bio_vs_spine_swarm,general_v2,False,11,far,16.8662,SIMPLE,staggered,horizontal,8,6,600,450,1.3333,moderate_advantage,0.075758,"{""MARAUDER"": 4, ""MARINE"": 4}","{""SPINE_CRAWLER"": 2, ""ZERGLING"": 4}",db2728fb99659718a5b4c5b5c5ada0c8727d21ecf301fcae5fe323b4c52a1db2
r2g_train_1188,configs/train/r2g_train_1188.json,train,gen_bio_vs_spine_swarm_04,bio_vs_spine_swarm,general_v2,False,12,far,16.8245,SIMPLE,type_split,horizontal,8,6,600,450,1.3333,moderate_advantage,0.075758,"{""MARAUDER"": 4, ""MARINE"": 4}","{""SPINE_CRAWLER"": 2, ""ZERGLING"": 4}",dccebc21ea5897ad4fbf2d98d32001b6bba0b31eac83cee6f4c847deacc13da3
r2g_train_1189,configs/train/r2g_train_1189.json,train,gen_bio_vs_spine_swarm_05,bio_vs_spine_swarm,general_v2,False,1,immediate,5.5073,NARROW,compact,narrow_same_side,8,7,500,325,1.5385,strong_advantage,0.0,"{""MARAUDER"": 2, ""MARINE"": 6}","{""SPINE_CRAWLER"": 1, ""ZERGLING"": 6}",1f8f9eccddd15bc2c94a9efb946335b2eeb71b6f5b82d92c1eff13f9cf539a95
r2g_train_1190,configs/train/r2g_train_1190.json,train,gen_bio_vs_spine_swarm_05,bio_vs_spine_swarm,general_v2,False,2,immediate,5.4092,OCTAGON,split,diag_up,8,7,500,325,1.5385,strong_advantage,0.0,"{""MARAUDER"": 2, ""MARINE"": 6}","{""SPINE_CRAWLER"": 1, ""ZERGLING"": 6}",3ff6bea0343c2b40a0d2fb67b4dd5a86b0a36a54dba61f133a1895615ea8e0b5
r2g_train_1191,configs/train/r2g_train_1191.json,train,gen_bio_vs_spine_swarm_05,bio_vs_spine_swarm,general_v2,False,3,immediate,5.2597,SIMPLE,staggered,horizontal,8,7,500,325,1.5385,strong_advantage,0.0,"{""MARAUDER"": 2, ""MARINE"": 6}","{""SPINE_CRAWLER"": 1, ""ZERGLING"": 6}",22807225ff531caa0be8c8f9af7d54ca93781cd0ce383b5a413105285e9e9967
r2g_train_1192,configs/train/r2g_train_1192.json,train,gen_bio_vs_spine_swarm_05,bio_vs_spine_swarm,general_v2,False,4,near,8.8571,NARROW,type_split,narrow_same_side,8,7,500,325,1.5385,strong_advantage,0.0,"{""MARAUDER"": 2, ""MARINE"": 6}","{""SPINE_CRAWLER"": 1, ""ZERGLING"": 6}",f7fe020dd134a2c485c976218682e1d73388da1b4f64aad9cbfd8ba0b989734e
r2g_train_1193,configs/train/r2g_train_1193.json,train,gen_bio_vs_spine_swarm_05,bio_vs_spine_swarm,general_v2,False,5,near,8.657,OCTAGON,compact,vertical,8,7,500,325,1.5385,strong_advantage,0.0,"{""MARAUDER"": 2, ""MARINE"": 6}","{""SPINE_CRAWLER"": 1, ""ZERGLING"": 6}",65c2ec23d27bda729c21f5c0ad0b67a8408ebb4ec55296bda1aa9ca4569584c6
r2g_train_1194,configs/train/r2g_train_1194.json,train,gen_bio_vs_spine_swarm_05,bio_vs_spine_swarm,general_v2,False,6,near,8.7008,OCTAGON,split,diag_down,8,7,500,325,1.5385,strong_advantage,0.0,"{""MARAUDER"": 2, ""MARINE"": 6}","{""SPINE_CRAWLER"": 1, ""ZERGLING"": 6}",b8f87e1d8c7aa97d58d23f9062bcd5c683c8fec4e7cfff213c146cb5f151cf2b
r2g_train_1195,configs/train/r2g_train_1195.json,train,gen_bio_vs_spine_swarm_05,bio_vs_spine_swarm,general_v2,False,7,near,8.8994,NARROW,staggered,narrow_same_side,8,7,500,325,1.5385,strong_advantage,0.0,"{""MARAUDER"": 2, ""MARINE"": 6}","{""SPINE_CRAWLER"": 1, ""ZERGLING"": 6}",811859fbcd37202ca3229df44614e059af793458aae1b6730ae28f7839ff5a32
r2g_train_1196,configs/train/r2g_train_1196.json,train,gen_bio_vs_spine_swarm_05,bio_vs_spine_swarm,general_v2,False,8,medium,12.6693,SIMPLE,type_split,horizontal,8,7,500,325,1.5385,strong_advantage,0.0,"{""MARAUDER"": 2, ""MARINE"": 6}","{""SPINE_CRAWLER"": 1, ""ZERGLING"": 6}",9a9b2323ffc61b286731e7cbc9c492a0e9d86d8fa0ef72ff1297e556e7fe0da5
r2g_train_1197,configs/train/r2g_train_1197.json,train,gen_bio_vs_spine_swarm_05,bio_vs_spine_swarm,general_v2,False,9,medium,12.6627,OCTAGON,compact,diag_up,8,7,500,325,1.5385,strong_advantage,0.0,"{""MARAUDER"": 2, ""MARINE"": 6}","{""SPINE_CRAWLER"": 1, ""ZERGLING"": 6}",56188060b853cfc2b9de1a0d7a14fc7dd02987e754612123cb664005a3f8938d
r2g_train_1198,configs/train/r2g_train_1198.json,train,gen_bio_vs_spine_swarm_05,bio_vs_spine_swarm,general_v2,False,10,medium,12.7027,NARROW,split,narrow_cross_gate,8,7,500,325,1.5385,strong_advantage,0.0,"{""MARAUDER"": 2, ""MARINE"": 6}","{""SPINE_CRAWLER"": 1, ""ZERGLING"": 6}",e97371f4fa3286d64a3b73b28b40e67d017a01daf068e3a4b33aee1b359c3afe
r2g_train_1199,configs/train/r2g_train_1199.json,train,gen_bio_vs_spine_swarm_05,bio_vs_spine_swarm,general_v2,False,11,far,16.9043,SIMPLE,staggered,horizontal,8,7,500,325,1.5385,strong_advantage,0.0,"{""MARAUDER"": 2, ""MARINE"": 6}","{""SPINE_CRAWLER"": 1, ""ZERGLING"": 6}",4787761d6cdfabe7f9c1426835c993cb3af201065f70b602abc648cb318bb54b
r2g_train_1200,configs/train/r2g_train_1200.json,train,gen_bio_vs_spine_swarm_05,bio_vs_spine_swarm,general_v2,False,12,far,17.0841,SIMPLE,type_split,horizontal,8,7,500,325,1.5385,strong_advantage,0.0,"{""MARAUDER"": 2, ""MARINE"": 6}","{""SPINE_CRAWLER"": 1, ""ZERGLING"": 6}",4e9bee8760783cf94b4f7e26326c2ca9744fd8ddd5692ac2926b58fa1022f266
r2g_validation_1201,configs/validation/r2g_validation_1201.json,validation,marine_mirror_01,marine_mirror,legacy_r2_1300,False,13,immediate,5.3499,OCTAGON,compact,horizontal,3,2,150,100,1.5,strong_advantage,0.0,"{""MARINE"": 3}","{""MARINE"": 2}",85bda552915436928b8af9bf08c84f18dd284e4d8c8f034d53c24762a471f110
r2g_validation_1202,configs/validation/r2g_validation_1202.json,validation,marine_mirror_01,marine_mirror,legacy_r2_1300,False,14,near,8.8131,NARROW,split,narrow_same_side,3,2,150,100,1.5,strong_advantage,0.0,"{""MARINE"": 3}","{""MARINE"": 2}",93f09cecefd70ce0fb869137d134d271c40314f20daa82775a92cb05b34d0647
r2g_validation_1203,configs/validation/r2g_validation_1203.json,validation,marine_mirror_02,marine_mirror,legacy_r2_1300,False,13,medium,12.8501,OCTAGON,staggered,diag_up,4,3,200,150,1.3333,moderate_advantage,0.075758,"{""MARINE"": 4}","{""MARINE"": 3}",11f5461ed304dca12ca6f9720796782c35564c7524d42221523417dd71fba198
r2g_validation_1204,configs/validation/r2g_validation_1204.json,validation,marine_mirror_02,marine_mirror,legacy_r2_1300,False,14,far,17.0059,SIMPLE,type_split,horizontal,4,3,200,150,1.3333,moderate_advantage,0.075758,"{""MARINE"": 4}","{""MARINE"": 3}",9f945e23cbab923e4ec9c2fa5a3e02484a35a0c2a01b253a2a32da0a94d11ea0
r2g_validation_1205,configs/validation/r2g_validation_1205.json,validation,marine_mirror_03,marine_mirror,legacy_r2_1300,False,13,near,8.876,OCTAGON,compact,vertical,5,4,250,200,1.25,moderate_advantage,0.227273,"{""MARINE"": 5}","{""MARINE"": 4}",6d47e26643bccf4f60b5ff5265b474d099dbcf6a6c2f2200cf5a405cdc9f47d6
r2g_validation_1206,configs/validation/r2g_validation_1206.json,validation,marine_mirror_03,marine_mirror,legacy_r2_1300,False,14,medium,12.8161,NARROW,split,narrow_cross_gate,5,4,250,200,1.25,moderate_advantage,0.227273,"{""MARINE"": 5}","{""MARINE"": 4}",8ccfd9e73929b48d765ee2fd6254cc32bbd424c2c0931fad1ca21ca066cd355a
r2g_validation_1207,configs/validation/r2g_validation_1207.json,validation,marine_mirror_04,marine_mirror,legacy_r2_1300,False,13,immediate,5.4382,OCTAGON,staggered,diag_down,7,6,350,300,1.1667,moderate_advantage,0.378788,"{""MARINE"": 7}","{""MARINE"": 6}",713fe7c6dbf1a4f237b4e39dc1a7e513edf7beb5193bffb8fb397626e1b155ce
r2g_validation_1208,configs/validation/r2g_validation_1208.json,validation,marine_mirror_04,marine_mirror,legacy_r2_1300,False,14,near,8.7238,SIMPLE,type_split,diag_up,7,6,350,300,1.1667,moderate_advantage,0.378788,"{""MARINE"": 7}","{""MARINE"": 6}",0435df53fef940a4b1bd7d21c0e83aa5a7c66e23b1c7f63d242f348e8da00c39
r2g_validation_1209,configs/validation/r2g_validation_1209.json,validation,marine_mirror_05,marine_mirror,legacy_r2_1300,False,13,far,16.972,SIMPLE,compact,horizontal,9,8,450,400,1.125,moderate_advantage,0.454545,"{""MARINE"": 9}","{""MARINE"": 8}",06d877c1c075cc5de567ef5fb63e55137a3d8a4ff65b3375d9bef2411f90554c
r2g_validation_1210,configs/validation/r2g_validation_1210.json,validation,marine_mirror_05,marine_mirror,legacy_r2_1300,False,14,medium,12.7742,SIMPLE,split,diag_down,9,8,450,400,1.125,moderate_advantage,0.454545,"{""MARINE"": 9}","{""MARINE"": 8}",134ab17b4d23338ec50d6ba261f44b5b2f9618c2cf214466964141bd58b2fd64
r2g_validation_1211,configs/validation/r2g_validation_1211.json,validation,stalker_mirror_01,stalker_mirror,legacy_r2_1300,False,13,immediate,5.3542,NARROW,staggered,narrow_same_side,3,2,375,250,1.5,strong_advantage,0.0,"{""STALKER"": 3}","{""STALKER"": 2}",bf32211876ef840dc1f1a3477ffb2676982354aa9f984dc7647775a4bc14800d
r2g_validation_1212,configs/validation/r2g_validation_1212.json,validation,stalker_mirror_01,stalker_mirror,legacy_r2_1300,False,14,near,8.6021,NARROW,compact,narrow_same_side,3,2,375,250,1.5,strong_advantage,0.0,"{""STALKER"": 3}","{""STALKER"": 2}",c637bc8d741bd75bd619ad6df460b7d6702af047c9bad9e2f995c7d0d5c79c57
r2g_validation_1213,configs/validation/r2g_validation_1213.json,validation,stalker_mirror_02,stalker_mirror,legacy_r2_1300,False,13,immediate,5.33,OCTAGON,compact,horizontal,4,3,500,375,1.3333,moderate_advantage,0.075758,"{""STALKER"": 4}","{""STALKER"": 3}",466fbb14d6307e6fb68e11b956b332d334d671d72b9ef9c0a4544ad9d58935f4
r2g_validation_1214,configs/validation/r2g_validation_1214.json,validation,stalker_mirror_02,stalker_mirror,legacy_r2_1300,False,14,near,8.8407,NARROW,split,narrow_same_side,4,3,500,375,1.3333,moderate_advantage,0.075758,"{""STALKER"": 4}","{""STALKER"": 3}",bb4f2cb2f89a353b790077c4b654271c58a86023e77883daf4625f1423a58992
r2g_validation_1215,configs/validation/r2g_validation_1215.json,validation,stalker_mirror_03,stalker_mirror,legacy_r2_1300,False,13,medium,12.9186,OCTAGON,staggered,diag_up,5,4,625,500,1.25,moderate_advantage,0.227273,"{""STALKER"": 5}","{""STALKER"": 4}",657076a9c9c8aea30614fc8530793b78c393f49147fab626c6f710a6970d29b1
r2g_validation_1216,configs/validation/r2g_validation_1216.json,validation,stalker_mirror_03,stalker_mirror,legacy_r2_1300,False,14,far,17.1324,SIMPLE,type_split,horizontal,5,4,625,500,1.25,moderate_advantage,0.227273,"{""STALKER"": 5}","{""STALKER"": 4}",acfeb6a3f77b1af0e39794d0f593cf356226082e0d4ab3fcec3fae32a8027173
r2g_validation_1217,configs/validation/r2g_validation_1217.json,validation,stalker_mirror_04,stalker_mirror,legacy_r2_1300,False,13,near,8.9156,OCTAGON,compact,vertical,7,6,875,750,1.1667,moderate_advantage,0.378788,"{""STALKER"": 7}","{""STALKER"": 6}",813b9000e711a7cf3e62ba7117d32395000314c9fa44f0db4cecf369426c9cf8
r2g_validation_1218,configs/validation/r2g_validation_1218.json,validation,stalker_mirror_04,stalker_mirror,legacy_r2_1300,False,14,medium,12.713,NARROW,split,narrow_cross_gate,7,6,875,750,1.1667,moderate_advantage,0.378788,"{""STALKER"": 7}","{""STALKER"": 6}",c28c0afa3451b2d6f2d7a3e24ffbe50789fabdfea41464d5b4872cecc92b5624
r2g_validation_1219,configs/validation/r2g_validation_1219.json,validation,stalker_mirror_05,stalker_mirror,legacy_r2_1300,False,13,immediate,5.2184,OCTAGON,staggered,diag_down,9,8,1125,1000,1.125,moderate_advantage,0.454545,"{""STALKER"": 9}","{""STALKER"": 8}",4f5ccf8e5088a7464142de12caf06bfff5298ac3288ebd523f947c3fa6939849
r2g_validation_1220,configs/validation/r2g_validation_1220.json,validation,stalker_mirror_05,stalker_mirror,legacy_r2_1300,False,14,near,8.6176,SIMPLE,type_split,diag_up,9,8,1125,1000,1.125,moderate_advantage,0.454545,"{""STALKER"": 9}","{""STALKER"": 8}",2a3c7aeb878ee237ddd5990fe5e1287bdf658c07559caab3c5d250de218a75da
r2g_validation_1221,configs/validation/r2g_validation_1221.json,validation,zealot_vs_zergling_01,zealot_vs_zergling,legacy_r2_1300,False,13,far,16.8046,SIMPLE,compact,horizontal,2,6,200,150,1.3333,moderate_advantage,0.075758,"{""ZEALOT"": 2}","{""ZERGLING"": 6}",11371adfb7037b1090805627306698e354d9e2b4b22d995e685cb54d60ab88ca
r2g_validation_1222,configs/validation/r2g_validation_1222.json,validation,zealot_vs_zergling_01,zealot_vs_zergling,legacy_r2_1300,False,14,medium,12.9491,SIMPLE,split,diag_down,2,6,200,150,1.3333,moderate_advantage,0.075758,"{""ZEALOT"": 2}","{""ZERGLING"": 6}",e16f031c27f5a7f36dcaed4467a5f910813bd5243436804fe69f23180ce211f7
r2g_validation_1223,configs/validation/r2g_validation_1223.json,validation,zealot_vs_zergling_02,zealot_vs_zergling,legacy_r2_1300,False,13,immediate,5.5944,NARROW,staggered,narrow_same_side,2,7,200,175,1.1429,moderate_advantage,0.422078,"{""ZEALOT"": 2}","{""ZERGLING"": 7}",b068b67e3fab0ebe8d1e825290ee305e0a05260829c6a4838a88d1b75147d975
r2g_validation_1224,configs/validation/r2g_validation_1224.json,validation,zealot_vs_zergling_02,zealot_vs_zergling,legacy_r2_1300,False,14,near,8.7133,NARROW,compact,narrow_same_side,2,7,200,175,1.1429,moderate_advantage,0.422078,"{""ZEALOT"": 2}","{""ZERGLING"": 7}",65422cb196f6a30d653538c5242271aeb9f7fc085df3f7fd3ef219a610cbbc79
r2g_validation_1225,configs/validation/r2g_validation_1225.json,validation,zealot_vs_zergling_03,zealot_vs_zergling,legacy_r2_1300,False,13,immediate,5.4949,OCTAGON,compact,horizontal,3,9,300,225,1.3333,moderate_advantage,0.075758,"{""ZEALOT"": 3}","{""ZERGLING"": 9}",70fff0cfd51ca4084cd69f1e0b87cde2a35b50495b4ef281e1155477a490e807
r2g_validation_1226,configs/validation/r2g_validation_1226.json,validation,zealot_vs_zergling_03,zealot_vs_zergling,legacy_r2_1300,False,14,near,8.9537,NARROW,split,narrow_same_side,3,9,300,225,1.3333,moderate_advantage,0.075758,"{""ZEALOT"": 3}","{""ZERGLING"": 9}",6314dc8fe30c4b4b20cf101fd752f475560c084dc637556e0675ec1dec9efc5b
r2g_validation_1227,configs/validation/r2g_validation_1227.json,validation,zealot_vs_zergling_04,zealot_vs_zergling,legacy_r2_1300,False,13,medium,12.7597,OCTAGON,staggered,diag_up,3,10,300,250,1.2,moderate_advantage,0.318182,"{""ZEALOT"": 3}","{""ZERGLING"": 10}",3e3dab3981ec44416d9d4d3d6af302efa2196ef652ebe0ec1425823b20fd587c
r2g_validation_1228,configs/validation/r2g_validation_1228.json,validation,zealot_vs_zergling_04,zealot_vs_zergling,legacy_r2_1300,False,14,far,17.0279,SIMPLE,type_split,horizontal,3,10,300,250,1.2,moderate_advantage,0.318182,"{""ZEALOT"": 3}","{""ZERGLING"": 10}",cf41dfe4c0a80fcdebb9361ca145d1561d42b564edc812e281d1c8419ee8e085
r2g_validation_1229,configs/validation/r2g_validation_1229.json,validation,zealot_vs_zergling_05,zealot_vs_zergling,legacy_r2_1300,False,13,near,8.6609,OCTAGON,compact,vertical,4,10,400,250,1.6,strong_advantage,0.0,"{""ZEALOT"": 4}","{""ZERGLING"": 10}",878a2477b24943f69f81048a945bc0a0e8899a9888f5ea6c644d28c1114e094f
r2g_validation_1230,configs/validation/r2g_validation_1230.json,validation,zealot_vs_zergling_05,zealot_vs_zergling,legacy_r2_1300,False,14,medium,12.9878,NARROW,split,narrow_cross_gate,4,10,400,250,1.6,strong_advantage,0.0,"{""ZEALOT"": 4}","{""ZERGLING"": 10}",22bf82f8ddbcf6ecff5f64e8c8bd3625627e7ffdb46af0bedc2effe359caafd9
r2g_validation_1231,configs/validation/r2g_validation_1231.json,validation,stalker_vs_zealot_01,stalker_vs_zealot,legacy_r2_1300,False,13,immediate,5.5589,OCTAGON,staggered,diag_down,2,2,250,200,1.25,moderate_advantage,0.227273,"{""STALKER"": 2}","{""ZEALOT"": 2}",2eac6fd187a799b8d523285ed2467ab79135ba768bf972fcb0370a3f6dcd2d55
r2g_validation_1232,configs/validation/r2g_validation_1232.json,validation,stalker_vs_zealot_01,stalker_vs_zealot,legacy_r2_1300,False,14,near,8.7199,SIMPLE,type_split,diag_up,2,2,250,200,1.25,moderate_advantage,0.227273,"{""STALKER"": 2}","{""ZEALOT"": 2}",c1a54f72b143604a054769fba3968c4bde2576edd3feff33934798a2aee5a4c7
r2g_validation_1233,configs/validation/r2g_validation_1233.json,validation,stalker_vs_zealot_02,stalker_vs_zealot,legacy_r2_1300,False,13,far,17.1473,SIMPLE,compact,horizontal,3,3,375,300,1.25,moderate_advantage,0.227273,"{""STALKER"": 3}","{""ZEALOT"": 3}",dbe7f044691be40e7a51e62bc4a5e2b60e15382883f8d971d627e8f5032a9bc7
r2g_validation_1234,configs/validation/r2g_validation_1234.json,validation,stalker_vs_zealot_02,stalker_vs_zealot,legacy_r2_1300,False,14,medium,12.6076,SIMPLE,split,diag_down,3,3,375,300,1.25,moderate_advantage,0.227273,"{""STALKER"": 3}","{""ZEALOT"": 3}",c38eb5d8f2f8574706e0757b298ab84089945b214cab115ef4c549975fa922fb
r2g_validation_1235,configs/validation/r2g_validation_1235.json,validation,stalker_vs_zealot_03,stalker_vs_zealot,legacy_r2_1300,False,13,immediate,5.2305,NARROW,staggered,narrow_same_side,4,4,500,400,1.25,moderate_advantage,0.227273,"{""STALKER"": 4}","{""ZEALOT"": 4}",29d89762915318e7da6f145576d12ef982cbc0c80d851b830e2e8a09d82ebff0
r2g_validation_1236,configs/validation/r2g_validation_1236.json,validation,stalker_vs_zealot_03,stalker_vs_zealot,legacy_r2_1300,False,14,near,8.8753,NARROW,compact,narrow_same_side,4,4,500,400,1.25,moderate_advantage,0.227273,"{""STALKER"": 4}","{""ZEALOT"": 4}",bc6340856c7871c0359fa6104946e95feb57e5a66dfb522e797949780141d91f
r2g_validation_1237,configs/validation/r2g_validation_1237.json,validation,stalker_vs_zealot_04,stalker_vs_zealot,legacy_r2_1300,False,13,immediate,5.5948,OCTAGON,compact,horizontal,5,5,625,500,1.25,moderate_advantage,0.227273,"{""STALKER"": 5}","{""ZEALOT"": 5}",e036b58faa5dacd1696baae3996193417f0010f7f0be269d0103470f2d6b9f4b
r2g_validation_1238,configs/validation/r2g_validation_1238.json,validation,stalker_vs_zealot_04,stalker_vs_zealot,legacy_r2_1300,False,14,near,8.8091,NARROW,split,narrow_same_side,5,5,625,500,1.25,moderate_advantage,0.227273,"{""STALKER"": 5}","{""ZEALOT"": 5}",2f589d094c2e93e0a43b211b6dc2a9a9c99ea5d7f45cde7cbf591e459f7f5bfe
r2g_validation_1239,configs/validation/r2g_validation_1239.json,validation,stalker_vs_zealot_05,stalker_vs_zealot,legacy_r2_1300,False,13,medium,12.6273,OCTAGON,staggered,diag_up,6,6,750,600,1.25,moderate_advantage,0.227273,"{""STALKER"": 6}","{""ZEALOT"": 6}",54e47d5dd0500038c2866cdafba5c102e82a5cccf13465e47d8820386a9fa977
r2g_validation_1240,configs/validation/r2g_validation_1240.json,validation,stalker_vs_zealot_05,stalker_vs_zealot,legacy_r2_1300,False,14,far,17.0056,SIMPLE,type_split,horizontal,6,6,750,600,1.25,moderate_advantage,0.227273,"{""STALKER"": 6}","{""ZEALOT"": 6}",be4224eb528cd99c1ca39b3096a2297c663fd2f392a1f713f623d51fe9d7f550
r2g_validation_1241,configs/validation/r2g_validation_1241.json,validation,terran_vs_swarm_01,terran_vs_swarm,legacy_r2_1300,False,13,near,8.7221,OCTAGON,compact,vertical,3,5,200,150,1.3333,moderate_advantage,0.075758,"{""MARAUDER"": 1, ""MARINE"": 2}","{""BANELING"": 1, ""ZERGLING"": 4}",0d512352eab68e57f56a58fbe955f253b1cd4a736a20112bc86e2f438a30d9a4
r2g_validation_1242,configs/validation/r2g_validation_1242.json,validation,terran_vs_swarm_01,terran_vs_swarm,legacy_r2_1300,False,14,medium,12.6175,NARROW,split,narrow_cross_gate,3,5,200,150,1.3333,moderate_advantage,0.075758,"{""MARAUDER"": 1, ""MARINE"": 2}","{""BANELING"": 1, ""ZERGLING"": 4}",90a42d289295a88ff1e538e8a27caf446ac7c9cb652c97a017fac0b9716a68ff
r2g_validation_1243,configs/validation/r2g_validation_1243.json,validation,terran_vs_swarm_02,terran_vs_swarm,legacy_r2_1300,False,13,immediate,5.4425,OCTAGON,staggered,diag_down,4,7,300,200,1.5,strong_advantage,0.0,"{""MARAUDER"": 2, ""MARINE"": 2}","{""BANELING"": 1, ""ZERGLING"": 6}",aaab7b2d3a9ae6c41c528094faf14f17a42087604dd4fde03c24c42b81b8b407
r2g_validation_1244,configs/validation/r2g_validation_1244.json,validation,terran_vs_swarm_02,terran_vs_swarm,legacy_r2_1300,False,14,near,8.832,SIMPLE,type_split,diag_up,4,7,300,200,1.5,strong_advantage,0.0,"{""MARAUDER"": 2, ""MARINE"": 2}","{""BANELING"": 1, ""ZERGLING"": 6}",674d80a71f996a6c7f7e89a4e9cedc798ec695beb7818cd2e81d9266f6f81b75
r2g_validation_1245,configs/validation/r2g_validation_1245.json,validation,terran_vs_swarm_03,terran_vs_swarm,legacy_r2_1300,False,13,far,17.037,SIMPLE,compact,horizontal,5,8,350,250,1.4,strong_advantage,0.0,"{""MARAUDER"": 2, ""MARINE"": 3}","{""BANELING"": 2, ""ZERGLING"": 6}",e862a557f36d0d25e12cd2356d8849f1a867b89bbb00653fff0e224a5c6d3791
r2g_validation_1246,configs/validation/r2g_validation_1246.json,validation,terran_vs_swarm_03,terran_vs_swarm,legacy_r2_1300,False,14,medium,12.8272,SIMPLE,split,diag_down,5,8,350,250,1.4,strong_advantage,0.0,"{""MARAUDER"": 2, ""MARINE"": 3}","{""BANELING"": 2, ""ZERGLING"": 6}",31dc328734789e6d29d79c40fc93e594fa414d8167efe014b3de8c81a180368c
r2g_validation_1247,configs/validation/r2g_validation_1247.json,validation,terran_vs_swarm_04,terran_vs_swarm,legacy_r2_1300,False,13,immediate,5.594,NARROW,staggered,narrow_same_side,6,10,400,300,1.3333,moderate_advantage,0.075758,"{""MARAUDER"": 2, ""MARINE"": 4}","{""BANELING"": 2, ""ZERGLING"": 8}",57b5709cf15a874104d801150ce1a0993eaa1cde9a2ea1d394847b262f0bba74
r2g_validation_1248,configs/validation/r2g_validation_1248.json,validation,terran_vs_swarm_04,terran_vs_swarm,legacy_r2_1300,False,14,near,8.9114,NARROW,compact,narrow_same_side,6,10,400,300,1.3333,moderate_advantage,0.075758,"{""MARAUDER"": 2, ""MARINE"": 4}","{""BANELING"": 2, ""ZERGLING"": 8}",d13dbf0049783fb4e7452bc1bd76329727a79d9e71679e61e1ce574862ec43cc
r2g_validation_1249,configs/validation/r2g_validation_1249.json,validation,terran_vs_swarm_05,terran_vs_swarm,legacy_r2_1300,False,13,immediate,5.5251,OCTAGON,compact,horizontal,8,10,550,325,1.6923,strong_advantage,0.0,"{""MARAUDER"": 3, ""MARINE"": 5}","{""BANELING"": 3, ""ZERGLING"": 7}",6a772ba65e087f4584b716ef758ae9fca63f2dcffe90c4cf0ce1aca23e2030ab
r2g_validation_1250,configs/validation/r2g_validation_1250.json,validation,terran_vs_swarm_05,terran_vs_swarm,legacy_r2_1300,False,14,near,8.9631,NARROW,split,narrow_same_side,8,10,550,325,1.6923,strong_advantage,0.0,"{""MARAUDER"": 3, ""MARINE"": 5}","{""BANELING"": 3, ""ZERGLING"": 7}",0cb018582148c3184b1203fe6c78d8737679767d3b12a3d61cc53f62b4790348
r2g_validation_1251,configs/validation/r2g_validation_1251.json,validation,mmm_mirror_01,mmm_mirror,legacy_r2_1300,False,13,medium,12.6927,OCTAGON,staggered,diag_up,5,4,375,325,1.1538,moderate_advantage,0.402098,"{""MARAUDER"": 1, ""MARINE"": 3, ""MEDIVAC"": 1}","{""MARAUDER"": 1, ""MARINE"": 2, ""MEDIVAC"": 1}",d72a3d5093b31f20157fbda03fcb1a91bd6d4780a716d5071300e302745201eb
r2g_validation_1252,configs/validation/r2g_validation_1252.json,validation,mmm_mirror_01,mmm_mirror,legacy_r2_1300,False,14,far,16.8843,SIMPLE,type_split,horizontal,5,4,375,325,1.1538,moderate_advantage,0.402098,"{""MARAUDER"": 1, ""MARINE"": 3, ""MEDIVAC"": 1}","{""MARAUDER"": 1, ""MARINE"": 2, ""MEDIVAC"": 1}",fe1b6aaea36a19034df5f83003ae410419ddd6834a82b152f7b109e98f13c28a
r2g_validation_1253,configs/validation/r2g_validation_1253.json,validation,mmm_mirror_02,mmm_mirror,legacy_r2_1300,False,13,near,8.7819,OCTAGON,compact,vertical,6,5,475,375,1.2667,moderate_advantage,0.19697,"{""MARAUDER"": 2, ""MARINE"": 3, ""MEDIVAC"": 1}","{""MARAUDER"": 1, ""MARINE"": 3, ""MEDIVAC"": 1}",07962f6cc0b849b3bc48314ba336307da2bf0273c13a22423aa2f09e23fb8062
r2g_validation_1254,configs/validation/r2g_validation_1254.json,validation,mmm_mirror_02,mmm_mirror,legacy_r2_1300,False,14,medium,12.93,NARROW,split,narrow_cross_gate,6,5,475,375,1.2667,moderate_advantage,0.19697,"{""MARAUDER"": 2, ""MARINE"": 3, ""MEDIVAC"": 1}","{""MARAUDER"": 1, ""MARINE"": 3, ""MEDIVAC"": 1}",bd68038810d0e52980050662daf1fcaf92002cf20c9ebc89c7f7189de3ffaad0
r2g_validation_1255,configs/validation/r2g_validation_1255.json,validation,mmm_mirror_03,mmm_mirror,legacy_r2_1300,False,13,immediate,5.3858,OCTAGON,staggered,diag_down,7,6,525,475,1.1053,moderate_advantage,0.490431,"{""MARAUDER"": 2, ""MARINE"": 4, ""MEDIVAC"": 1}","{""MARAUDER"": 2, ""MARINE"": 3, ""MEDIVAC"": 1}",220df66057a34f32fbf8269e623dffcb653228022f5fa41ce006a9d7757270c7
r2g_validation_1256,configs/validation/r2g_validation_1256.json,validation,mmm_mirror_03,mmm_mirror,legacy_r2_1300,False,14,near,8.8193,SIMPLE,type_split,diag_up,7,6,525,475,1.1053,moderate_advantage,0.490431,"{""MARAUDER"": 2, ""MARINE"": 4, ""MEDIVAC"": 1}","{""MARAUDER"": 2, ""MARINE"": 3, ""MEDIVAC"": 1}",887a7e7edac03a84e448bcc9347035e451f983b385dcbcd3a7cec377a9248245
r2g_validation_1257,configs/validation/r2g_validation_1257.json,validation,mmm_mirror_04,mmm_mirror,legacy_r2_1300,False,13,far,17.0795,SIMPLE,compact,horizontal,8,7,625,525,1.1905,moderate_advantage,0.335498,"{""MARAUDER"": 3, ""MARINE"": 4, ""MEDIVAC"": 1}","{""MARAUDER"": 2, ""MARINE"": 4, ""MEDIVAC"": 1}",223f9da4db4721e97873002607c20d77634d1882ed1e6b713bacbd44847998f7
r2g_validation_1258,configs/validation/r2g_validation_1258.json,validation,mmm_mirror_04,mmm_mirror,legacy_r2_1300,False,14,medium,12.6292,SIMPLE,split,diag_down,8,7,625,525,1.1905,moderate_advantage,0.335498,"{""MARAUDER"": 3, ""MARINE"": 4, ""MEDIVAC"": 1}","{""MARAUDER"": 2, ""MARINE"": 4, ""MEDIVAC"": 1}",2d6a285d2213c52c7f6d137997bb1e03f5e7083054c9f344299624afa18cab22
r2g_validation_1259,configs/validation/r2g_validation_1259.json,validation,mmm_mirror_05,mmm_mirror,legacy_r2_1300,False,13,immediate,5.5662,NARROW,staggered,narrow_same_side,9,8,675,625,1.08,balanced,0.536364,"{""MARAUDER"": 3, ""MARINE"": 5, ""MEDIVAC"": 1}","{""MARAUDER"": 3, ""MARINE"": 4, ""MEDIVAC"": 1}",8e03b5b185a11f5874d09911e7352edcd5a61bb2a3943cf9263482ba236fbbca
r2g_validation_1260,configs/validation/r2g_validation_1260.json,validation,mmm_mirror_05,mmm_mirror,legacy_r2_1300,False,14,near,8.7387,NARROW,compact,narrow_same_side,9,8,675,625,1.08,balanced,0.536364,"{""MARAUDER"": 3, ""MARINE"": 5, ""MEDIVAC"": 1}","{""MARAUDER"": 3, ""MARINE"": 4, ""MEDIVAC"": 1}",ef5206011934ad58f20080dd40c05972857fbcdce0740107ba4ba940a24e1299
r2g_validation_1261,configs/validation/r2g_validation_1261.json,validation,stalker_zealot_mirror_01,stalker_zealot_mirror,legacy_r2_1300,False,13,immediate,5.3971,OCTAGON,compact,horizontal,4,3,450,350,1.2857,moderate_advantage,0.162338,"{""STALKER"": 2, ""ZEALOT"": 2}","{""STALKER"": 2, ""ZEALOT"": 1}",a387dec0acbee4561b52428c45891976844f114f53a07b1ff6b4b3026dfaa661
r2g_validation_1262,configs/validation/r2g_validation_1262.json,validation,stalker_zealot_mirror_01,stalker_zealot_mirror,legacy_r2_1300,False,14,near,8.7863,NARROW,split,narrow_same_side,4,3,450,350,1.2857,moderate_advantage,0.162338,"{""STALKER"": 2, ""ZEALOT"": 2}","{""STALKER"": 2, ""ZEALOT"": 1}",e7d0cb4af9a7ab7b46dd525e39580b4ae22275796abba9ab23da0055d8bf3813
r2g_validation_1263,configs/validation/r2g_validation_1263.json,validation,stalker_zealot_mirror_02,stalker_zealot_mirror,legacy_r2_1300,False,13,medium,12.9381,OCTAGON,staggered,diag_up,5,4,575,450,1.2778,moderate_advantage,0.176768,"{""STALKER"": 3, ""ZEALOT"": 2}","{""STALKER"": 2, ""ZEALOT"": 2}",c88ae2f560993bd03ea924ff7e77910c8da1bbaeaa59e333dd087b78643c9fc6
r2g_validation_1264,configs/validation/r2g_validation_1264.json,validation,stalker_zealot_mirror_02,stalker_zealot_mirror,legacy_r2_1300,False,14,far,17.0564,SIMPLE,type_split,horizontal,5,4,575,450,1.2778,moderate_advantage,0.176768,"{""STALKER"": 3, ""ZEALOT"": 2}","{""STALKER"": 2, ""ZEALOT"": 2}",9b5b1982416a0613c770a3da1545d8a5a2116b7390de1ce44e74e926657d6566
r2g_validation_1265,configs/validation/r2g_validation_1265.json,validation,stalker_zealot_mirror_03,stalker_zealot_mirror,legacy_r2_1300,False,13,near,8.7392,OCTAGON,compact,vertical,6,5,675,575,1.1739,moderate_advantage,0.365613,"{""STALKER"": 3, ""ZEALOT"": 3}","{""STALKER"": 3, ""ZEALOT"": 2}",f2fbdfe868b5b3b16516bfe209a2d2f1a66b23ccd0b6aa63afab025aa20be3fa
r2g_validation_1266,configs/validation/r2g_validation_1266.json,validation,stalker_zealot_mirror_03,stalker_zealot_mirror,legacy_r2_1300,False,14,medium,12.9297,NARROW,split,narrow_cross_gate,6,5,675,575,1.1739,moderate_advantage,0.365613,"{""STALKER"": 3, ""ZEALOT"": 3}","{""STALKER"": 3, ""ZEALOT"": 2}",a23c3843597cd54f7aa1a3bfb3c074019f2fc6766d9b7ccbf28062247b86e02e
r2g_validation_1267,configs/validation/r2g_validation_1267.json,validation,stalker_zealot_mirror_04,stalker_zealot_mirror,legacy_r2_1300,False,13,immediate,5.2923,OCTAGON,staggered,diag_down,7,6,800,675,1.1852,moderate_advantage,0.345118,"{""STALKER"": 4, ""ZEALOT"": 3}","{""STALKER"": 3, ""ZEALOT"": 3}",68f827f34d0c35651d9082d9ed16ebe8ced6dc01f8460328576aff058a0e698c
r2g_validation_1268,configs/validation/r2g_validation_1268.json,validation,stalker_zealot_mirror_04,stalker_zealot_mirror,legacy_r2_1300,False,14,near,8.6698,SIMPLE,type_split,diag_up,7,6,800,675,1.1852,moderate_advantage,0.345118,"{""STALKER"": 4, ""ZEALOT"": 3}","{""STALKER"": 3, ""ZEALOT"": 3}",58dc697557542d02c7cd2d5be5aeca8a0a83e2f210e2cf70552f3619c5e1cb30
r2g_validation_1269,configs/validation/r2g_validation_1269.json,validation,stalker_zealot_mirror_05,stalker_zealot_mirror,legacy_r2_1300,False,13,far,17.0723,SIMPLE,compact,horizontal,9,8,1025,900,1.1389,moderate_advantage,0.429293,"{""STALKER"": 5, ""ZEALOT"": 4}","{""STALKER"": 4, ""ZEALOT"": 4}",b2584ebe455595ab565063957d40ddc1dd1aba463b81daa1b56c593324786211
r2g_validation_1270,configs/validation/r2g_validation_1270.json,validation,stalker_zealot_mirror_05,stalker_zealot_mirror,legacy_r2_1300,False,14,medium,12.7454,SIMPLE,split,diag_down,9,8,1025,900,1.1389,moderate_advantage,0.429293,"{""STALKER"": 5, ""ZEALOT"": 4}","{""STALKER"": 4, ""ZEALOT"": 4}",5338ae2194fb61f584cf614fde83a0e60db84926e4f3b5149446f27c86722686
r2g_validation_1271,configs/validation/r2g_validation_1271.json,validation,stalker_colossus_vs_swarm_01,stalker_colossus_vs_swarm,legacy_r2_1300,False,13,immediate,5.2648,NARROW,staggered,narrow_same_side,2,10,425,350,1.2143,moderate_advantage,0.292208,"{""COLOSSUS"": 1, ""STALKER"": 1}","{""BANELING"": 4, ""ZERGLING"": 6}",da062c647091122db83bc1ab23b66cc8f03a7b18a0ae38a251fe414ca1358d53
r2g_validation_1272,configs/validation/r2g_validation_1272.json,validation,stalker_colossus_vs_swarm_01,stalker_colossus_vs_swarm,legacy_r2_1300,False,14,near,8.9399,NARROW,compact,narrow_same_side,2,10,425,350,1.2143,moderate_advantage,0.292208,"{""COLOSSUS"": 1, ""STALKER"": 1}","{""BANELING"": 4, ""ZERGLING"": 6}",38a6c3910078f293258fa1f70cd43a275638f1f95f031d5657a39dc1188e0aa7
r2g_validation_1273,configs/validation/r2g_validation_1273.json,validation,stalker_colossus_vs_swarm_02,stalker_colossus_vs_swarm,legacy_r2_1300,False,13,immediate,5.4432,OCTAGON,compact,horizontal,2,10,425,400,1.0625,balanced,0.568182,"{""COLOSSUS"": 1, ""STALKER"": 1}","{""BANELING"": 6, ""ZERGLING"": 4}",490a511a806900111a674d9ac40eb7c69ba21b291bb7fc0764c900e90e21140c
r2g_validation_1274,configs/validation/r2g_validation_1274.json,validation,stalker_colossus_vs_swarm_02,stalker_colossus_vs_swarm,legacy_r2_1300,False,14,near,8.7743,NARROW,split,narrow_same_side,2,10,425,400,1.0625,balanced,0.568182,"{""COLOSSUS"": 1, ""STALKER"": 1}","{""BANELING"": 6, ""ZERGLING"": 4}",0d6f44c5e72043a9bc37de680351e0defab8dc2128eb4af41cee8729b5671951
r2g_validation_1275,configs/validation/r2g_validation_1275.json,validation,stalker_colossus_vs_swarm_03,stalker_colossus_vs_swarm,legacy_r2_1300,False,13,medium,12.6197,OCTAGON,staggered,diag_up,3,10,550,450,1.2222,moderate_advantage,0.277778,"{""COLOSSUS"": 1, ""STALKER"": 2}","{""BANELING"": 8, ""ZERGLING"": 2}",534fe5c8d1fc487e5e23b54fa4459f6fe33b4203c81935dd1c5405f5b564b364
r2g_validation_1276,configs/validation/r2g_validation_1276.json,validation,stalker_colossus_vs_swarm_03,stalker_colossus_vs_swarm,legacy_r2_1300,False,14,far,16.9574,SIMPLE,type_split,horizontal,3,10,550,450,1.2222,moderate_advantage,0.277778,"{""COLOSSUS"": 1, ""STALKER"": 2}","{""BANELING"": 8, ""ZERGLING"": 2}",e06b9ba015bd72eaa403b6f449a23c11122ce270db757dba149962c60d656516
r2g_validation_1277,configs/validation/r2g_validation_1277.json,validation,stalker_colossus_vs_swarm_04,stalker_colossus_vs_swarm,legacy_r2_1300,False,13,near,8.7537,OCTAGON,compact,vertical,3,10,725,500,1.45,strong_advantage,0.0,"{""COLOSSUS"": 2, ""STALKER"": 1}","{""BANELING"": 10}",a9a0051064a2cbdf3c9aaa0826e28c0e42d3a52f628fc620f17e420a9817f8d2
r2g_validation_1278,configs/validation/r2g_validation_1278.json,validation,stalker_colossus_vs_swarm_04,stalker_colossus_vs_swarm,legacy_r2_1300,False,14,medium,12.735,NARROW,split,narrow_cross_gate,3,10,725,500,1.45,strong_advantage,0.0,"{""COLOSSUS"": 2, ""STALKER"": 1}","{""BANELING"": 10}",483db710e0475ae7b18eed79c9b6272c78b96a8fcfb156cd9ca7f309334cdcb1
r2g_validation_1279,configs/validation/r2g_validation_1279.json,validation,stalker_colossus_vs_swarm_05,stalker_colossus_vs_swarm,legacy_r2_1300,False,13,immediate,5.4901,OCTAGON,staggered,diag_down,4,10,850,500,1.7,strong_advantage,0.0,"{""COLOSSUS"": 2, ""STALKER"": 2}","{""BANELING"": 10}",5080661246f088e983cdf7e0de8a1e23f0fa78688d9aac0b397680ae00ed665c
r2g_validation_1280,configs/validation/r2g_validation_1280.json,validation,stalker_colossus_vs_swarm_05,stalker_colossus_vs_swarm,legacy_r2_1300,False,14,near,8.8804,SIMPLE,type_split,diag_up,4,10,850,500,1.7,strong_advantage,0.0,"{""COLOSSUS"": 2, ""STALKER"": 2}","{""BANELING"": 10}",3b283d598572123927b0a3c918d02ad54d01726910cd7a65faf322cb5fbe88f5
r2g_validation_1281,configs/validation/r2g_validation_1281.json,validation,stalker_vs_spine_01,stalker_vs_spine,legacy_r2_1300,False,13,far,17.021,SIMPLE,compact,horizontal,2,1,250,175,1.4286,strong_advantage,0.0,"{""STALKER"": 2}","{""SPINE_CRAWLER"": 1}",418fd83c5ceb44945d9d2ae965d0006bc5220b115ef617ae3388c53340889b83
r2g_validation_1282,configs/validation/r2g_validation_1282.json,validation,stalker_vs_spine_01,stalker_vs_spine,legacy_r2_1300,False,14,medium,12.7439,SIMPLE,split,diag_down,2,1,250,175,1.4286,strong_advantage,0.0,"{""STALKER"": 2}","{""SPINE_CRAWLER"": 1}",14a493cb802d8332f2369e70e7cf8d9e70c44db681f449935b99b4d91250d743
r2g_validation_1283,configs/validation/r2g_validation_1283.json,validation,stalker_vs_spine_02,stalker_vs_spine,legacy_r2_1300,False,13,immediate,5.271,NARROW,staggered,narrow_same_side,4,2,500,350,1.4286,strong_advantage,0.0,"{""STALKER"": 4}","{""SPINE_CRAWLER"": 2}",3469eee79024ceef3e473c308145355ea021b3285ddbb2f280edc43aa9c19468
r2g_validation_1284,configs/validation/r2g_validation_1284.json,validation,stalker_vs_spine_02,stalker_vs_spine,legacy_r2_1300,False,14,near,8.6963,NARROW,compact,narrow_same_side,4,2,500,350,1.4286,strong_advantage,0.0,"{""STALKER"": 4}","{""SPINE_CRAWLER"": 2}",3d646f16587974b03ed83918284701780e7ec96ff55daddcd74a6a7508fd7d49
r2g_validation_1285,configs/validation/r2g_validation_1285.json,validation,stalker_vs_spine_03,stalker_vs_spine,legacy_r2_1300,False,13,immediate,5.5317,OCTAGON,compact,horizontal,5,3,625,525,1.1905,moderate_advantage,0.335498,"{""STALKER"": 5}","{""SPINE_CRAWLER"": 3}",a611ed87a4933cc4d2c0c0a371b188b92289079e6a6e83625fd4c878066e08ac
r2g_validation_1286,configs/validation/r2g_validation_1286.json,validation,stalker_vs_spine_03,stalker_vs_spine,legacy_r2_1300,False,14,near,8.7463,NARROW,split,narrow_same_side,5,3,625,525,1.1905,moderate_advantage,0.335498,"{""STALKER"": 5}","{""SPINE_CRAWLER"": 3}",74d79689771b55df11aedbf830682febfde162a9f808399636a2025bc7216ba2
r2g_validation_1287,configs/validation/r2g_validation_1287.json,validation,stalker_vs_spine_04,stalker_vs_spine,legacy_r2_1300,False,13,medium,12.6227,OCTAGON,staggered,diag_up,7,4,875,700,1.25,moderate_advantage,0.227273,"{""STALKER"": 7}","{""SPINE_CRAWLER"": 4}",ff812c0adbaa54327816fe549e515600c15a04a2d4c04f9355aff2401d5e1eed
r2g_validation_1288,configs/validation/r2g_validation_1288.json,validation,stalker_vs_spine_04,stalker_vs_spine,legacy_r2_1300,False,14,far,17.1358,SIMPLE,type_split,horizontal,7,4,875,700,1.25,moderate_advantage,0.227273,"{""STALKER"": 7}","{""SPINE_CRAWLER"": 4}",44e8ede95a3e32adf6e00eec35cb761ea5bbdf595cdc15dc01c8d58cc3190518
r2g_validation_1289,configs/validation/r2g_validation_1289.json,validation,stalker_vs_spine_05,stalker_vs_spine,legacy_r2_1300,False,13,near,8.7306,OCTAGON,compact,vertical,9,5,1125,875,1.2857,moderate_advantage,0.162338,"{""STALKER"": 9}","{""SPINE_CRAWLER"": 5}",06a6dedce4222147a500d99c6bebdca438caa64350fbb764cebdf08ac20994d2
r2g_validation_1290,configs/validation/r2g_validation_1290.json,validation,stalker_vs_spine_05,stalker_vs_spine,legacy_r2_1300,False,14,medium,12.7317,NARROW,split,narrow_cross_gate,9,5,1125,875,1.2857,moderate_advantage,0.162338,"{""STALKER"": 9}","{""SPINE_CRAWLER"": 5}",13120404fdcc96d1c5a981d7d97a1e3099936927eea3747cdac989257186138e
r2g_validation_1291,configs/validation/r2g_validation_1291.json,validation,zealot_colossus_vs_terran_01,zealot_colossus_vs_terran,legacy_r2_1300,False,13,immediate,5.503,OCTAGON,staggered,diag_down,3,4,500,300,1.6667,strong_advantage,0.0,"{""COLOSSUS"": 1, ""ZEALOT"": 2}","{""MARAUDER"": 2, ""MARINE"": 2}",4bf8a1bc94dc53c8acc75b4957d49dd10a20deab0f9c60f72d543e938260045f
r2g_validation_1292,configs/validation/r2g_validation_1292.json,validation,zealot_colossus_vs_terran_01,zealot_colossus_vs_terran,legacy_r2_1300,False,14,near,8.8316,SIMPLE,type_split,diag_up,3,4,500,300,1.6667,strong_advantage,0.0,"{""COLOSSUS"": 1, ""ZEALOT"": 2}","{""MARAUDER"": 2, ""MARINE"": 2}",978f95bbeba4009ccdfda92219dc4fbae0af4dfc9428a15df1ec3a04e15db650
r2g_validation_1293,configs/validation/r2g_validation_1293.json,validation,zealot_colossus_vs_terran_02,zealot_colossus_vs_terran,legacy_r2_1300,False,13,far,17.0787,SIMPLE,compact,horizontal,3,5,500,350,1.4286,strong_advantage,0.0,"{""COLOSSUS"": 1, ""ZEALOT"": 2}","{""MARAUDER"": 2, ""MARINE"": 3}",2ab93e8232b7e300a4432159539c5904f643b0961a14e994be5e8df91d4960f7
r2g_validation_1294,configs/validation/r2g_validation_1294.json,validation,zealot_colossus_vs_terran_02,zealot_colossus_vs_terran,legacy_r2_1300,False,14,medium,12.7244,SIMPLE,split,diag_down,3,5,500,350,1.4286,strong_advantage,0.0,"{""COLOSSUS"": 1, ""ZEALOT"": 2}","{""MARAUDER"": 2, ""MARINE"": 3}",90a186859dc81fd53055635774eae904c8fe71860b767e6d5c6e5a71eb07c6c0
r2g_validation_1295,configs/validation/r2g_validation_1295.json,validation,zealot_colossus_vs_terran_03,zealot_colossus_vs_terran,legacy_r2_1300,False,13,immediate,5.2775,NARROW,staggered,narrow_same_side,4,6,600,400,1.5,strong_advantage,0.0,"{""COLOSSUS"": 1, ""ZEALOT"": 3}","{""MARAUDER"": 2, ""MARINE"": 4}",fb6443fe3e93d856789542dedd0c320afbb88339d3bd8a2010601f9623194558
r2g_validation_1296,configs/validation/r2g_validation_1296.json,validation,zealot_colossus_vs_terran_03,zealot_colossus_vs_terran,legacy_r2_1300,False,14,near,8.8931,NARROW,compact,narrow_same_side,4,6,600,400,1.5,strong_advantage,0.0,"{""COLOSSUS"": 1, ""ZEALOT"": 3}","{""MARAUDER"": 2, ""MARINE"": 4}",554f1d991d6b394ad96e98b64690f382d98e2c03fc902c10623c9f21950bca4b
r2g_validation_1297,configs/validation/r2g_validation_1297.json,validation,zealot_colossus_vs_terran_04,zealot_colossus_vs_terran,legacy_r2_1300,False,13,immediate,5.5818,OCTAGON,compact,horizontal,5,8,900,550,1.6364,strong_advantage,0.0,"{""COLOSSUS"": 2, ""ZEALOT"": 3}","{""MARAUDER"": 3, ""MARINE"": 5}",504ac338453cb191e8523930fed4943fe2103436ef007401a30000d4a4ebd5bb
r2g_validation_1298,configs/validation/r2g_validation_1298.json,validation,zealot_colossus_vs_terran_04,zealot_colossus_vs_terran,legacy_r2_1300,False,14,near,8.7721,NARROW,split,narrow_same_side,5,8,900,550,1.6364,strong_advantage,0.0,"{""COLOSSUS"": 2, ""ZEALOT"": 3}","{""MARAUDER"": 3, ""MARINE"": 5}",b01cdc84e19618c8a916005763dd817fdf063a828b5b1417774ca08914f5965e
r2g_validation_1299,configs/validation/r2g_validation_1299.json,validation,zealot_colossus_vs_terran_05,zealot_colossus_vs_terran,legacy_r2_1300,False,13,medium,12.6314,OCTAGON,staggered,diag_up,6,9,1000,650,1.5385,strong_advantage,0.0,"{""COLOSSUS"": 2, ""ZEALOT"": 4}","{""MARAUDER"": 4, ""MARINE"": 5}",63786a842a297c0f390ddf663dc8e5ddf4691be5130a105371fb8ce2a95e38af
r2g_validation_1300,configs/validation/r2g_validation_1300.json,validation,zealot_colossus_vs_terran_05,zealot_colossus_vs_terran,legacy_r2_1300,False,14,far,16.9278,SIMPLE,type_split,horizontal,6,9,1000,650,1.5385,strong_advantage,0.0,"{""COLOSSUS"": 2, ""ZEALOT"": 4}","{""MARAUDER"": 4, ""MARINE"": 5}",1789358cd97ecb0825c97a98c8f78429a69fe76c9ee502b7e6049dce3d8e3433
r2g_validation_1301,configs/validation/r2g_validation_1301.json,validation,gen_marauder_mirror_01,marauder_mirror,general_v2,False,13,near,8.9701,OCTAGON,compact,vertical,2,2,200,200,1.0,balanced,0.681818,"{""MARAUDER"": 2}","{""MARAUDER"": 2}",612492334320c7d123c4a92aa38668d576fe487acca3cdf3ebf2fb2758c20485
r2g_validation_1302,configs/validation/r2g_validation_1302.json,validation,gen_marauder_mirror_01,marauder_mirror,general_v2,False,14,medium,12.6981,NARROW,split,narrow_cross_gate,2,2,200,200,1.0,balanced,0.681818,"{""MARAUDER"": 2}","{""MARAUDER"": 2}",e69928b8404c1015f9c03a3a94db9a2e3c81b243a2f0f7336537a17baae189e2
r2g_validation_1303,configs/validation/r2g_validation_1303.json,validation,gen_marauder_mirror_02,marauder_mirror,general_v2,False,13,immediate,5.5616,OCTAGON,staggered,diag_down,4,4,400,400,1.0,balanced,0.681818,"{""MARAUDER"": 4}","{""MARAUDER"": 4}",68a1367cecc512dd2b8801d00eea92756156149594e86e493b0fb923dbdc159a
r2g_validation_1304,configs/validation/r2g_validation_1304.json,validation,gen_marauder_mirror_02,marauder_mirror,general_v2,False,14,near,8.8345,SIMPLE,type_split,diag_up,4,4,400,400,1.0,balanced,0.681818,"{""MARAUDER"": 4}","{""MARAUDER"": 4}",f1f2dbeb984c3e2184f5ae48507f54c6feb8ebc7e0737c3049c4269b914a21d1
r2g_validation_1305,configs/validation/r2g_validation_1305.json,validation,gen_marauder_mirror_03,marauder_mirror,general_v2,False,13,far,16.9633,SIMPLE,compact,horizontal,7,6,700,600,1.1667,moderate_advantage,0.378788,"{""MARAUDER"": 7}","{""MARAUDER"": 6}",52fb92e5dd97b26f8bd26703dfb4eccd64c6be4581ec6a0c35be6755cffba3aa
r2g_validation_1306,configs/validation/r2g_validation_1306.json,validation,gen_marauder_mirror_03,marauder_mirror,general_v2,False,14,medium,12.9945,SIMPLE,split,diag_down,7,6,700,600,1.1667,moderate_advantage,0.378788,"{""MARAUDER"": 7}","{""MARAUDER"": 6}",44faaa312f202ea0839914df2724ade63cb3b33658101d15a9d26d8d0db10706
r2g_validation_1307,configs/validation/r2g_validation_1307.json,validation,gen_marauder_mirror_04,marauder_mirror,general_v2,False,13,immediate,5.2762,NARROW,staggered,narrow_same_side,9,7,900,700,1.2857,moderate_advantage,0.162338,"{""MARAUDER"": 9}","{""MARAUDER"": 7}",515fe243e3635b439baa80260eaf6bd2639a24cf698a7c320258ba874dde8a53
r2g_validation_1308,configs/validation/r2g_validation_1308.json,validation,gen_marauder_mirror_04,marauder_mirror,general_v2,False,14,near,8.8976,NARROW,compact,narrow_same_side,9,7,900,700,1.2857,moderate_advantage,0.162338,"{""MARAUDER"": 9}","{""MARAUDER"": 7}",4be189076d73137f538971d62b65d5105a58d0516279c962d119e4d3179d46c7
r2g_validation_1309,configs/validation/r2g_validation_1309.json,validation,gen_marauder_mirror_05,marauder_mirror,general_v2,False,13,immediate,5.2999,OCTAGON,compact,horizontal,9,6,900,600,1.5,strong_advantage,0.0,"{""MARAUDER"": 9}","{""MARAUDER"": 6}",bd01608f35b4c0382c0f8e2cdf0b4307e8b586aaa5e86388be8c9eddf888cf53
r2g_validation_1310,configs/validation/r2g_validation_1310.json,validation,gen_marauder_mirror_05,marauder_mirror,general_v2,False,14,near,8.6701,NARROW,split,narrow_same_side,9,6,900,600,1.5,strong_advantage,0.0,"{""MARAUDER"": 9}","{""MARAUDER"": 6}",98a474aa529260a940acd536a70e13a0bc901bf6ec1d13c48170bf4744e27f80
r2g_validation_1311,configs/validation/r2g_validation_1311.json,validation,gen_zealot_mirror_01,zealot_mirror,general_v2,False,13,medium,12.8821,OCTAGON,staggered,diag_up,2,2,200,200,1.0,balanced,0.681818,"{""ZEALOT"": 2}","{""ZEALOT"": 2}",5bf9575f836f892b1532d2c921b094a8f1d7bb34a719faba85bcf44b2c96085a
r2g_validation_1312,configs/validation/r2g_validation_1312.json,validation,gen_zealot_mirror_01,zealot_mirror,general_v2,False,14,far,16.9851,SIMPLE,type_split,horizontal,2,2,200,200,1.0,balanced,0.681818,"{""ZEALOT"": 2}","{""ZEALOT"": 2}",0f76edbb0be721a8d77cd56af25abf7a54e87194a2c5860fc9f53dbe4366d615
r2g_validation_1313,configs/validation/r2g_validation_1313.json,validation,gen_zealot_mirror_02,zealot_mirror,general_v2,False,13,near,8.7691,OCTAGON,compact,vertical,4,4,400,400,1.0,balanced,0.681818,"{""ZEALOT"": 4}","{""ZEALOT"": 4}",7c51540b653d5dfec1c75fc54300fab9aaa61eee6a8f23daddfc3ba8403da542
r2g_validation_1314,configs/validation/r2g_validation_1314.json,validation,gen_zealot_mirror_02,zealot_mirror,general_v2,False,14,medium,12.9561,NARROW,split,narrow_cross_gate,4,4,400,400,1.0,balanced,0.681818,"{""ZEALOT"": 4}","{""ZEALOT"": 4}",b1b53605af8c0a0dbffd8000b2c3a0f56d32dc33ac10eba02ad3639bdcd106bc
r2g_validation_1315,configs/validation/r2g_validation_1315.json,validation,gen_zealot_mirror_03,zealot_mirror,general_v2,False,13,immediate,5.3558,OCTAGON,staggered,diag_down,7,6,700,600,1.1667,moderate_advantage,0.378788,"{""ZEALOT"": 7}","{""ZEALOT"": 6}",548ad6d50767b17d70b8b4ce3a5b279fe207e7dc4303a42d3e3c496cf8342a17
r2g_validation_1316,configs/validation/r2g_validation_1316.json,validation,gen_zealot_mirror_03,zealot_mirror,general_v2,False,14,near,8.9885,SIMPLE,type_split,diag_up,7,6,700,600,1.1667,moderate_advantage,0.378788,"{""ZEALOT"": 7}","{""ZEALOT"": 6}",902d2d2d1c4f51b52866719ee4aa31f442fdc450cda6162d5ab70ffe1d4084e0
r2g_validation_1317,configs/validation/r2g_validation_1317.json,validation,gen_zealot_mirror_04,zealot_mirror,general_v2,False,13,far,17.048,SIMPLE,compact,horizontal,9,7,900,700,1.2857,moderate_advantage,0.162338,"{""ZEALOT"": 9}","{""ZEALOT"": 7}",8abfdc7ddc598e702a6dc05b58a929215d3daff22cf2a588025655e374909fcc
r2g_validation_1318,configs/validation/r2g_validation_1318.json,validation,gen_zealot_mirror_04,zealot_mirror,general_v2,False,14,medium,12.6221,SIMPLE,split,diag_down,9,7,900,700,1.2857,moderate_advantage,0.162338,"{""ZEALOT"": 9}","{""ZEALOT"": 7}",bb54fab0b66be863eb2ee48881da777f919ffc51223c0d62712f9fdebb26ac11
r2g_validation_1319,configs/validation/r2g_validation_1319.json,validation,gen_zealot_mirror_05,zealot_mirror,general_v2,False,13,immediate,5.3032,NARROW,staggered,narrow_same_side,9,6,900,600,1.5,strong_advantage,0.0,"{""ZEALOT"": 9}","{""ZEALOT"": 6}",e807913a0b0ee69c5ba23c576d1763a23d190694cec44f51d5f3fd2df136021e
r2g_validation_1320,configs/validation/r2g_validation_1320.json,validation,gen_zealot_mirror_05,zealot_mirror,general_v2,False,14,near,8.7746,NARROW,compact,narrow_same_side,9,6,900,600,1.5,strong_advantage,0.0,"{""ZEALOT"": 9}","{""ZEALOT"": 6}",d527a769eea9c5cb77181c1aec8fc919aa127b205cca5ca01f0ff87da49dba89
r2g_validation_1321,configs/validation/r2g_validation_1321.json,validation,gen_zergling_mirror_01,zergling_mirror,general_v2,False,13,immediate,5.2819,OCTAGON,compact,horizontal,3,3,75,75,1.0,balanced,0.681818,"{""ZERGLING"": 3}","{""ZERGLING"": 3}",a507c5b6fb0f035060e5658f3f198578294b84b77173e6c5214e35d0dafc3db5
r2g_validation_1322,configs/validation/r2g_validation_1322.json,validation,gen_zergling_mirror_01,zergling_mirror,general_v2,False,14,near,8.6257,NARROW,split,narrow_same_side,3,3,75,75,1.0,balanced,0.681818,"{""ZERGLING"": 3}","{""ZERGLING"": 3}",5e17f17bc9724122d5482ee54bd4c2862dee744d78a661b385a7a737a3d32111
r2g_validation_1323,configs/validation/r2g_validation_1323.json,validation,gen_zergling_mirror_02,zergling_mirror,general_v2,False,13,medium,12.6559,OCTAGON,staggered,diag_up,5,5,125,125,1.0,balanced,0.681818,"{""ZERGLING"": 5}","{""ZERGLING"": 5}",beaf6c913ef1b1c3792a7d5897113b21344a09b28c6308bee9b2ea84b551618a
r2g_validation_1324,configs/validation/r2g_validation_1324.json,validation,gen_zergling_mirror_02,zergling_mirror,general_v2,False,14,far,17.1779,SIMPLE,type_split,horizontal,5,5,125,125,1.0,balanced,0.681818,"{""ZERGLING"": 5}","{""ZERGLING"": 5}",b1927061cb9b1164f96d8e2a312c155e9bdf2893de1d6ce287a9b294ed73354f
r2g_validation_1325,configs/validation/r2g_validation_1325.json,validation,gen_zergling_mirror_03,zergling_mirror,general_v2,False,13,near,8.6286,OCTAGON,compact,vertical,7,6,175,150,1.1667,moderate_advantage,0.378788,"{""ZERGLING"": 7}","{""ZERGLING"": 6}",6c5ece936d9f37e490bd0e13bd2c201879387d8dcc47144e7d05b11476f76f2d
r2g_validation_1326,configs/validation/r2g_validation_1326.json,validation,gen_zergling_mirror_03,zergling_mirror,general_v2,False,14,medium,12.855,NARROW,split,narrow_cross_gate,7,6,175,150,1.1667,moderate_advantage,0.378788,"{""ZERGLING"": 7}","{""ZERGLING"": 6}",06d6de49f8a7194696fd6460e190441b2a7fa42b6d6d58a8e12e96e03717e9f0
r2g_validation_1327,configs/validation/r2g_validation_1327.json,validation,gen_zergling_mirror_04,zergling_mirror,general_v2,False,13,immediate,5.5986,OCTAGON,staggered,diag_down,9,7,225,175,1.2857,moderate_advantage,0.162338,"{""ZERGLING"": 9}","{""ZERGLING"": 7}",3097345a5e9c4f044fe89bcfde0c471ede3cfe8579a705dfb6c54ca5058fe9d4
r2g_validation_1328,configs/validation/r2g_validation_1328.json,validation,gen_zergling_mirror_04,zergling_mirror,general_v2,False,14,near,8.8275,SIMPLE,type_split,diag_up,9,7,225,175,1.2857,moderate_advantage,0.162338,"{""ZERGLING"": 9}","{""ZERGLING"": 7}",52707bc6a3d57adb6c5855770ba4379b1c0c766c0d18a7b189fdce821bae1062
r2g_validation_1329,configs/validation/r2g_validation_1329.json,validation,gen_zergling_mirror_05,zergling_mirror,general_v2,False,13,far,17.1541,SIMPLE,compact,horizontal,9,6,225,150,1.5,strong_advantage,0.0,"{""ZERGLING"": 9}","{""ZERGLING"": 6}",6239aba04d1766ed81ecf1682f1227034fbe78c26719a2b17e6e6c7a65163cac
r2g_validation_1330,configs/validation/r2g_validation_1330.json,validation,gen_zergling_mirror_05,zergling_mirror,general_v2,False,14,medium,12.9203,SIMPLE,split,diag_down,9,6,225,150,1.5,strong_advantage,0.0,"{""ZERGLING"": 9}","{""ZERGLING"": 6}",e6ffc2dc520c540d25c271e84434e5d08991fcc78377880e30ca4d7338718bb4
r2g_validation_1331,configs/validation/r2g_validation_1331.json,validation,gen_marine_vs_zergling_01,marine_vs_zergling,general_v2,False,13,immediate,5.5575,NARROW,staggered,narrow_same_side,2,4,100,100,1.0,balanced,0.681818,"{""MARINE"": 2}","{""ZERGLING"": 4}",6d36212025ce4414b4210b57317952ff46bd3e10eb14e8f00d27a90db72c034a
r2g_validation_1332,configs/validation/r2g_validation_1332.json,validation,gen_marine_vs_zergling_01,marine_vs_zergling,general_v2,False,14,near,8.9001,NARROW,compact,narrow_same_side,2,4,100,100,1.0,balanced,0.681818,"{""MARINE"": 2}","{""ZERGLING"": 4}",1cb01e94785edc749abf2eb1c2b334b5d86354e7fdc9c52c39072fa8667a53c1
r2g_validation_1333,configs/validation/r2g_validation_1333.json,validation,gen_marine_vs_zergling_02,marine_vs_zergling,general_v2,False,13,immediate,5.4111,OCTAGON,compact,horizontal,3,6,150,150,1.0,balanced,0.681818,"{""MARINE"": 3}","{""ZERGLING"": 6}",e6bdb8e98309f8bd2b0f8b094d898ff89c7eace68393ae717b9115fa60096ce0
r2g_validation_1334,configs/validation/r2g_validation_1334.json,validation,gen_marine_vs_zergling_02,marine_vs_zergling,general_v2,False,14,near,8.7293,NARROW,split,narrow_same_side,3,6,150,150,1.0,balanced,0.681818,"{""MARINE"": 3}","{""ZERGLING"": 6}",0daab4a6f3b0750aac168cee0153582852871cf707bb55fa55cb98da71154776
r2g_validation_1335,configs/validation/r2g_validation_1335.json,validation,gen_marine_vs_zergling_03,marine_vs_zergling,general_v2,False,13,medium,12.8945,OCTAGON,staggered,diag_up,4,7,200,175,1.1429,moderate_advantage,0.422078,"{""MARINE"": 4}","{""ZERGLING"": 7}",40e39cfe57c531141a213bc176a9ef597538080af0ae594ad7d790443132bf18
r2g_validation_1336,configs/validation/r2g_validation_1336.json,validation,gen_marine_vs_zergling_03,marine_vs_zergling,general_v2,False,14,far,16.8457,SIMPLE,type_split,horizontal,4,7,200,175,1.1429,moderate_advantage,0.422078,"{""MARINE"": 4}","{""ZERGLING"": 7}",2e7efc7b3b2b6344372590ae75dabe621e00cc22ec8f61ea72d5c8611b17f9d1
r2g_validation_1337,configs/validation/r2g_validation_1337.json,validation,gen_marine_vs_zergling_04,marine_vs_zergling,general_v2,False,13,near,8.6036,OCTAGON,compact,vertical,6,9,300,225,1.3333,moderate_advantage,0.075758,"{""MARINE"": 6}","{""ZERGLING"": 9}",12217c00f0c676ab6ffd97004e41156f4b464b9eccec3efb4bdf136cd86214ce
r2g_validation_1338,configs/validation/r2g_validation_1338.json,validation,gen_marine_vs_zergling_04,marine_vs_zergling,general_v2,False,14,medium,12.8206,NARROW,split,narrow_cross_gate,6,9,300,225,1.3333,moderate_advantage,0.075758,"{""MARINE"": 6}","{""ZERGLING"": 9}",97bda8cccd14bace64861798d5b89a4cb6f8350182010cc0a604881a96a163c2
r2g_validation_1339,configs/validation/r2g_validation_1339.json,validation,gen_marine_vs_zergling_05,marine_vs_zergling,general_v2,False,13,immediate,5.4339,OCTAGON,staggered,diag_down,8,10,400,250,1.6,strong_advantage,0.0,"{""MARINE"": 8}","{""ZERGLING"": 10}",e2cbcfe58e0673e7ee6aad2f848a24667048423a651491547e2c909770578ba9
r2g_validation_1340,configs/validation/r2g_validation_1340.json,validation,gen_marine_vs_zergling_05,marine_vs_zergling,general_v2,False,14,near,8.6479,SIMPLE,type_split,diag_up,8,10,400,250,1.6,strong_advantage,0.0,"{""MARINE"": 8}","{""ZERGLING"": 10}",724a5d34d51ad4cd56d27963fdcd4f862cb94386c9696089072f38a609083aba
r2g_validation_1341,configs/validation/r2g_validation_1341.json,validation,gen_stalker_vs_marine_01,stalker_vs_marine,general_v2,False,13,far,16.994,SIMPLE,compact,horizontal,2,5,250,250,1.0,balanced,0.681818,"{""STALKER"": 2}","{""MARINE"": 5}",c14ec5d242c0d3e167bd745bd98688a0dba64bca8f474a35ed6199bcddeb23b2
r2g_validation_1342,configs/validation/r2g_validation_1342.json,validation,gen_stalker_vs_marine_01,stalker_vs_marine,general_v2,False,14,medium,12.9608,SIMPLE,split,diag_down,2,5,250,250,1.0,balanced,0.681818,"{""STALKER"": 2}","{""MARINE"": 5}",060d93b5a84c4f26b2a92d841f12c0eea4dfc03528890b615d741d101597bd68
r2g_validation_1343,configs/validation/r2g_validation_1343.json,validation,gen_stalker_vs_marine_02,stalker_vs_marine,general_v2,False,13,immediate,5.4068,NARROW,staggered,narrow_same_side,3,7,375,350,1.0714,balanced,0.551948,"{""STALKER"": 3}","{""MARINE"": 7}",b8e7d98d319ed788d6aee8177da9d6d039fe5ecd424663275674e865bfcc03c6
r2g_validation_1344,configs/validation/r2g_validation_1344.json,validation,gen_stalker_vs_marine_02,stalker_vs_marine,general_v2,False,14,near,8.7527,NARROW,compact,narrow_same_side,3,7,375,350,1.0714,balanced,0.551948,"{""STALKER"": 3}","{""MARINE"": 7}",0a6c6732b397b3f71271443b8b1a539ab70a0b2b3041dd721bba3db6ebce8636
r2g_validation_1345,configs/validation/r2g_validation_1345.json,validation,gen_stalker_vs_marine_03,stalker_vs_marine,general_v2,False,13,immediate,5.4431,OCTAGON,compact,horizontal,4,9,500,450,1.1111,moderate_advantage,0.479798,"{""STALKER"": 4}","{""MARINE"": 9}",d34c90bf6bac5345ff17291f4c8f5f374c8296912aeb34c0dcdc325af83b6d94
r2g_validation_1346,configs/validation/r2g_validation_1346.json,validation,gen_stalker_vs_marine_03,stalker_vs_marine,general_v2,False,14,near,8.7473,NARROW,split,narrow_same_side,4,9,500,450,1.1111,moderate_advantage,0.479798,"{""STALKER"": 4}","{""MARINE"": 9}",44e3d4c25c8c6cc8739c8709fbc121cdef8c13c0c7563da50f1945df2ce8c39d
r2g_validation_1347,configs/validation/r2g_validation_1347.json,validation,gen_stalker_vs_marine_04,stalker_vs_marine,general_v2,False,13,medium,12.7335,OCTAGON,staggered,diag_up,4,8,500,400,1.25,moderate_advantage,0.227273,"{""STALKER"": 4}","{""MARINE"": 8}",2cc048009825323bfc03701aeb69c0118d2a69fe1bea8f6f3c5746be2bf306f3
r2g_validation_1348,configs/validation/r2g_validation_1348.json,validation,gen_stalker_vs_marine_04,stalker_vs_marine,general_v2,False,14,far,16.9439,SIMPLE,type_split,horizontal,4,8,500,400,1.25,moderate_advantage,0.227273,"{""STALKER"": 4}","{""MARINE"": 8}",6150dd7b88a78ef5fa50e7601b4ea2d436cf086a6b7274d2d4b63a483d81820b
r2g_validation_1349,configs/validation/r2g_validation_1349.json,validation,gen_stalker_vs_marine_05,stalker_vs_marine,general_v2,False,13,near,8.9336,OCTAGON,compact,vertical,5,8,625,400,1.5625,strong_advantage,0.0,"{""STALKER"": 5}","{""MARINE"": 8}",71889fceef75fc1f684fadd03f3173af32824912d480c5a75cc0fc038b32dcfa
r2g_validation_1350,configs/validation/r2g_validation_1350.json,validation,gen_stalker_vs_marine_05,stalker_vs_marine,general_v2,False,14,medium,12.6655,NARROW,split,narrow_cross_gate,5,8,625,400,1.5625,strong_advantage,0.0,"{""STALKER"": 5}","{""MARINE"": 8}",c2bcff8cb76a116ab53650ec96305186e5c023ab71618ef7a3784adcae951736
r2g_validation_1351,configs/validation/r2g_validation_1351.json,validation,gen_marauder_vs_zealot_01,marauder_vs_zealot,general_v2,False,13,immediate,5.3125,OCTAGON,staggered,diag_down,2,2,200,200,1.0,balanced,0.681818,"{""MARAUDER"": 2}","{""ZEALOT"": 2}",5249fba35ecd1b496a20e58440418ff5cf6eaed5dacc829a1b96e7c82a8b799a
r2g_validation_1352,configs/validation/r2g_validation_1352.json,validation,gen_marauder_vs_zealot_01,marauder_vs_zealot,general_v2,False,14,near,8.8461,SIMPLE,type_split,diag_up,2,2,200,200,1.0,balanced,0.681818,"{""MARAUDER"": 2}","{""ZEALOT"": 2}",35373df03593ec3a553db03810e9e129b16050f69453d099b22d362b27c381f0
r2g_validation_1353,configs/validation/r2g_validation_1353.json,validation,gen_marauder_vs_zealot_02,marauder_vs_zealot,general_v2,False,13,far,17.0076,SIMPLE,compact,horizontal,4,4,400,400,1.0,balanced,0.681818,"{""MARAUDER"": 4}","{""ZEALOT"": 4}",3c8b5c078152f1f5b0875b51a75c8c8f4433c301ffca74d8fa6c3a082eef85eb
r2g_validation_1354,configs/validation/r2g_validation_1354.json,validation,gen_marauder_vs_zealot_02,marauder_vs_zealot,general_v2,False,14,medium,12.7104,SIMPLE,split,diag_down,4,4,400,400,1.0,balanced,0.681818,"{""MARAUDER"": 4}","{""ZEALOT"": 4}",d7be0723c98b78b6f187f8fcf2a3c24e1d0b3bce67eae4eedb99adf4407cece4
r2g_validation_1355,configs/validation/r2g_validation_1355.json,validation,gen_marauder_vs_zealot_03,marauder_vs_zealot,general_v2,False,13,immediate,5.4527,NARROW,staggered,narrow_same_side,7,6,700,600,1.1667,moderate_advantage,0.378788,"{""MARAUDER"": 7}","{""ZEALOT"": 6}",053ac2b79a46ea7726f4bf6276d33d2f0760bb4eb5efc8e103862eaf1b75be91
r2g_validation_1356,configs/validation/r2g_validation_1356.json,validation,gen_marauder_vs_zealot_03,marauder_vs_zealot,general_v2,False,14,near,8.865,NARROW,compact,narrow_same_side,7,6,700,600,1.1667,moderate_advantage,0.378788,"{""MARAUDER"": 7}","{""ZEALOT"": 6}",5dca109e719736edb5f4a866488e1d46803475a00c2e1bc338138392ef677cd8
r2g_validation_1357,configs/validation/r2g_validation_1357.json,validation,gen_marauder_vs_zealot_04,marauder_vs_zealot,general_v2,False,13,immediate,5.58,OCTAGON,compact,horizontal,9,7,900,700,1.2857,moderate_advantage,0.162338,"{""MARAUDER"": 9}","{""ZEALOT"": 7}",348989a1cbb69b169694bc64e029e0dfe6cb73e6522e58519a5e4eea6cd146c4
r2g_validation_1358,configs/validation/r2g_validation_1358.json,validation,gen_marauder_vs_zealot_04,marauder_vs_zealot,general_v2,False,14,near,8.8232,NARROW,split,narrow_same_side,9,7,900,700,1.2857,moderate_advantage,0.162338,"{""MARAUDER"": 9}","{""ZEALOT"": 7}",4d7d4482c4d6891eaabed70bd559e08a1f4829f43947bcc511188e13d5b6083b
r2g_validation_1359,configs/validation/r2g_validation_1359.json,validation,gen_marauder_vs_zealot_05,marauder_vs_zealot,general_v2,False,13,medium,12.8785,OCTAGON,staggered,diag_up,9,6,900,600,1.5,strong_advantage,0.0,"{""MARAUDER"": 9}","{""ZEALOT"": 6}",5ba2ead1180a683a4fe91af730965d9dc5a3c4d23e9e663f2427521d22fce8a6
r2g_validation_1360,configs/validation/r2g_validation_1360.json,validation,gen_marauder_vs_zealot_05,marauder_vs_zealot,general_v2,False,14,far,16.8634,SIMPLE,type_split,horizontal,9,6,900,600,1.5,strong_advantage,0.0,"{""MARAUDER"": 9}","{""ZEALOT"": 6}",e87a727db1a7931fdbdb0443f67f9939f2d8ee9def75c10409ad892a57020f87
r2g_validation_1361,configs/validation/r2g_validation_1361.json,validation,gen_swarm_vs_bio_01,swarm_vs_bio,general_v2,False,13,near,8.8201,OCTAGON,compact,vertical,5,3,200,200,1.0,balanced,0.681818,"{""BANELING"": 3, ""ZERGLING"": 2}","{""MARAUDER"": 1, ""MARINE"": 2}",4f371f06da2a5c9fd522a8a77aed7b5e2469f6d9b26bbc32696943413e976a9a
r2g_validation_1362,configs/validation/r2g_validation_1362.json,validation,gen_swarm_vs_bio_01,swarm_vs_bio,general_v2,False,14,medium,12.7568,NARROW,split,narrow_cross_gate,5,3,200,200,1.0,balanced,0.681818,"{""BANELING"": 3, ""ZERGLING"": 2}","{""MARAUDER"": 1, ""MARINE"": 2}",a5f82d9fe90ca08732b29711192005605796d15472618e44ca621fdaf911f9df
r2g_validation_1363,configs/validation/r2g_validation_1363.json,validation,gen_swarm_vs_bio_02,swarm_vs_bio,general_v2,False,13,immediate,5.5149,OCTAGON,staggered,diag_down,7,3,200,200,1.0,balanced,0.681818,"{""BANELING"": 1, ""ZERGLING"": 6}","{""MARAUDER"": 1, ""MARINE"": 2}",6fbcd128936b7939e7061d7499537dde65f2e7fc97edf70a2a66a73a6f707591
r2g_validation_1364,configs/validation/r2g_validation_1364.json,validation,gen_swarm_vs_bio_02,swarm_vs_bio,general_v2,False,14,near,8.98,SIMPLE,type_split,diag_up,7,3,200,200,1.0,balanced,0.681818,"{""BANELING"": 1, ""ZERGLING"": 6}","{""MARAUDER"": 1, ""MARINE"": 2}",7b8c749cbd3cd0e186d9f557e27dbe92313179c248daaa86a792f8c4bb05168d
r2g_validation_1365,configs/validation/r2g_validation_1365.json,validation,gen_swarm_vs_bio_03,swarm_vs_bio,general_v2,False,13,far,17.0603,SIMPLE,compact,horizontal,9,3,275,250,1.1,moderate_advantage,0.5,"{""BANELING"": 2, ""ZERGLING"": 7}","{""MARAUDER"": 2, ""MARINE"": 1}",079d22a80d45dbda0c4de166a8d0fa5b820f6899ebe9c1a8ad9cb87e81412f5c
r2g_validation_1366,configs/validation/r2g_validation_1366.json,validation,gen_swarm_vs_bio_03,swarm_vs_bio,general_v2,False,14,medium,12.6646,SIMPLE,split,diag_down,9,3,275,250,1.1,moderate_advantage,0.5,"{""BANELING"": 2, ""ZERGLING"": 7}","{""MARAUDER"": 2, ""MARINE"": 1}",113b25dd7e863869b65746444dc76f904f54ee82e1c246d8b8a58dece6bd85aa
r2g_validation_1367,configs/validation/r2g_validation_1367.json,validation,gen_swarm_vs_bio_04,swarm_vs_bio,general_v2,False,13,immediate,5.2142,NARROW,staggered,narrow_same_side,9,4,325,250,1.3,moderate_advantage,0.136364,"{""BANELING"": 4, ""ZERGLING"": 5}","{""MARAUDER"": 1, ""MARINE"": 3}",6ed761cb20e3c809efb95b333f557a9be63fcb7379aceb8b51df9bee90824384
r2g_validation_1368,configs/validation/r2g_validation_1368.json,validation,gen_swarm_vs_bio_04,swarm_vs_bio,general_v2,False,14,near,8.6408,NARROW,compact,narrow_same_side,9,4,325,250,1.3,moderate_advantage,0.136364,"{""BANELING"": 4, ""ZERGLING"": 5}","{""MARAUDER"": 1, ""MARINE"": 3}",fb1665ae5309163c0930380277d7e8d5aa666805107a07032897423d9ceefd70
r2g_validation_1369,configs/validation/r2g_validation_1369.json,validation,gen_swarm_vs_bio_05,swarm_vs_bio,general_v2,False,13,immediate,5.5641,OCTAGON,compact,horizontal,9,3,300,200,1.5,strong_advantage,0.0,"{""BANELING"": 3, ""ZERGLING"": 6}","{""MARAUDER"": 1, ""MARINE"": 2}",cd2196bfc00ec4c47337189e981adca153cf436043fd63fe41c579bb6a8034ae
r2g_validation_1370,configs/validation/r2g_validation_1370.json,validation,gen_swarm_vs_bio_05,swarm_vs_bio,general_v2,False,14,near,8.6679,NARROW,split,narrow_same_side,9,3,300,200,1.5,strong_advantage,0.0,"{""BANELING"": 3, ""ZERGLING"": 6}","{""MARAUDER"": 1, ""MARINE"": 2}",cee4012fff070fd8c7aeeadc7e2c2ce808194979c5d6522492c2d0ef414f3f97
r2g_validation_1371,configs/validation/r2g_validation_1371.json,validation,gen_bio_vs_stalker_zealot_01,bio_vs_stalker_zealot,general_v2,False,13,medium,12.6548,OCTAGON,staggered,diag_up,4,3,300,325,0.9231,slight_disadvantage,0.821678,"{""MARAUDER"": 2, ""MARINE"": 2}","{""STALKER"": 1, ""ZEALOT"": 2}",203c09b3078d7551f733ba4c70759814217a4ce3e8aae64c279d746a33eb6137
r2g_validation_1372,configs/validation/r2g_validation_1372.json,validation,gen_bio_vs_stalker_zealot_01,bio_vs_stalker_zealot,general_v2,False,14,far,16.8289,SIMPLE,type_split,horizontal,4,3,300,325,0.9231,slight_disadvantage,0.821678,"{""MARAUDER"": 2, ""MARINE"": 2}","{""STALKER"": 1, ""ZEALOT"": 2}",ff92a15676208038b194f989c4e5702f395fa908d305e719e860616d9fbc6a7e
r2g_validation_1373,configs/validation/r2g_validation_1373.json,validation,gen_bio_vs_stalker_zealot_02,bio_vs_stalker_zealot,general_v2,False,13,near,8.6726,OCTAGON,compact,vertical,6,4,500,475,1.0526,balanced,0.586124,"{""MARAUDER"": 4, ""MARINE"": 2}","{""STALKER"": 3, ""ZEALOT"": 1}",63fab604eb567f2bce179f526ac0230a6fecaa06d63a9437e00735ac04339cff
r2g_validation_1374,configs/validation/r2g_validation_1374.json,validation,gen_bio_vs_stalker_zealot_02,bio_vs_stalker_zealot,general_v2,False,14,medium,12.8865,NARROW,split,narrow_cross_gate,6,4,500,475,1.0526,balanced,0.586124,"{""MARAUDER"": 4, ""MARINE"": 2}","{""STALKER"": 3, ""ZEALOT"": 1}",277aa384e4d4568b040cfdf3bb84228a86fa31bd733bad0e39a9e38e8513037b
r2g_validation_1375,configs/validation/r2g_validation_1375.json,validation,gen_bio_vs_stalker_zealot_03,bio_vs_stalker_zealot,general_v2,False,13,immediate,5.5488,OCTAGON,staggered,diag_down,7,4,550,475,1.1579,moderate_advantage,0.394737,"{""MARAUDER"": 4, ""MARINE"": 3}","{""STALKER"": 3, ""ZEALOT"": 1}",ab1ed1b6c88e2dae9dcd921d9a6fac766d50cb787911a2b52e6f4c395f29372a
r2g_validation_1376,configs/validation/r2g_validation_1376.json,validation,gen_bio_vs_stalker_zealot_03,bio_vs_stalker_zealot,general_v2,False,14,near,8.8181,SIMPLE,type_split,diag_up,7,4,550,475,1.1579,moderate_advantage,0.394737,"{""MARAUDER"": 4, ""MARINE"": 3}","{""STALKER"": 3, ""ZEALOT"": 1}",a9c639fc5613c29fc227c08d7358f3c8c2b4492a726f3b33965b879f35a6482b
r2g_validation_1377,configs/validation/r2g_validation_1377.json,validation,gen_bio_vs_stalker_zealot_04,bio_vs_stalker_zealot,general_v2,False,13,far,16.8162,SIMPLE,compact,horizontal,9,4,600,450,1.3333,moderate_advantage,0.075758,"{""MARAUDER"": 3, ""MARINE"": 6}","{""STALKER"": 2, ""ZEALOT"": 2}",1eaa505492c86a3fc6bf22aa90cc568f2a5228c31aeb719399f3f79759044af7
r2g_validation_1378,configs/validation/r2g_validation_1378.json,validation,gen_bio_vs_stalker_zealot_04,bio_vs_stalker_zealot,general_v2,False,14,medium,12.9553,SIMPLE,split,diag_down,9,4,600,450,1.3333,moderate_advantage,0.075758,"{""MARAUDER"": 3, ""MARINE"": 6}","{""STALKER"": 2, ""ZEALOT"": 2}",ba92a6e0ae298c0a24fa635755f725b3e78ef683fd1e3bd9e13944b8ab342d4f
r2g_validation_1379,configs/validation/r2g_validation_1379.json,validation,gen_bio_vs_stalker_zealot_05,bio_vs_stalker_zealot,general_v2,False,13,immediate,5.59,NARROW,staggered,narrow_same_side,9,4,650,425,1.5294,strong_advantage,0.0,"{""MARAUDER"": 4, ""MARINE"": 5}","{""STALKER"": 1, ""ZEALOT"": 3}",fafa2760533e34c7667218e06e0cdc0bd98ad25bffda4008df9f88f2a010a81d
r2g_validation_1380,configs/validation/r2g_validation_1380.json,validation,gen_bio_vs_stalker_zealot_05,bio_vs_stalker_zealot,general_v2,False,14,near,8.9002,NARROW,compact,narrow_same_side,9,4,650,425,1.5294,strong_advantage,0.0,"{""MARAUDER"": 4, ""MARINE"": 5}","{""STALKER"": 1, ""ZEALOT"": 3}",5c578d227e306c986164e0deae9b41463861a80c4973ba801847626cdcc0362e
r2g_validation_1381,configs/validation/r2g_validation_1381.json,validation,gen_protoss_triad_vs_bio_01,protoss_triad_vs_bio,general_v2,False,13,immediate,5.3681,OCTAGON,compact,horizontal,4,9,625,650,0.9615,slight_disadvantage,0.751748,"{""COLOSSUS"": 1, ""STALKER"": 1, ""ZEALOT"": 2}","{""MARAUDER"": 4, ""MARINE"": 5}",50e6db18818deff4c4e80bcaa6b03f5a588e9b505032e5a2afc8e78aa3fdfa9d
r2g_validation_1382,configs/validation/r2g_validation_1382.json,validation,gen_protoss_triad_vs_bio_01,protoss_triad_vs_bio,general_v2,False,14,near,8.8618,NARROW,split,narrow_same_side,4,9,625,650,0.9615,slight_disadvantage,0.751748,"{""COLOSSUS"": 1, ""STALKER"": 1, ""ZEALOT"": 2}","{""MARAUDER"": 4, ""MARINE"": 5}",632d2f70658e5b6d92d66d09bac42aebb47f6dd820005cda72bd8df5a3d7ee97
r2g_validation_1383,configs/validation/r2g_validation_1383.json,validation,gen_protoss_triad_vs_bio_02,protoss_triad_vs_bio,general_v2,False,13,medium,12.6685,OCTAGON,staggered,diag_up,4,8,625,600,1.0417,balanced,0.606061,"{""COLOSSUS"": 1, ""STALKER"": 1, ""ZEALOT"": 2}","{""MARAUDER"": 4, ""MARINE"": 4}",995473444e0997a74ea0224a115adcc207a10fed363bd8b6324840214d18e88a
r2g_validation_1384,configs/validation/r2g_validation_1384.json,validation,gen_protoss_triad_vs_bio_02,protoss_triad_vs_bio,general_v2,False,14,far,17.1334,SIMPLE,type_split,horizontal,4,8,625,600,1.0417,balanced,0.606061,"{""COLOSSUS"": 1, ""STALKER"": 1, ""ZEALOT"": 2}","{""MARAUDER"": 4, ""MARINE"": 4}",7a5906612261dd91700cfb5e5da5ae9e235eae96b091987d4132891a6d5e86b2
r2g_validation_1385,configs/validation/r2g_validation_1385.json,validation,gen_protoss_triad_vs_bio_03,protoss_triad_vs_bio,general_v2,False,13,near,8.6648,OCTAGON,compact,vertical,4,8,625,550,1.1364,moderate_advantage,0.433884,"{""COLOSSUS"": 1, ""STALKER"": 1, ""ZEALOT"": 2}","{""MARAUDER"": 3, ""MARINE"": 5}",06fba40123bd21c3813ea8d5a101d6643e0709ee3ebf4207e56ded71a6c3e4dd
r2g_validation_1386,configs/validation/r2g_validation_1386.json,validation,gen_protoss_triad_vs_bio_03,protoss_triad_vs_bio,general_v2,False,14,medium,12.8955,NARROW,split,narrow_cross_gate,4,8,625,550,1.1364,moderate_advantage,0.433884,"{""COLOSSUS"": 1, ""STALKER"": 1, ""ZEALOT"": 2}","{""MARAUDER"": 3, ""MARINE"": 5}",ec6201b2980bfcd497f5a0b18bafc0d80f81a03fd145d02c82a1e74f5cd8fa63
r2g_validation_1387,configs/validation/r2g_validation_1387.json,validation,gen_protoss_triad_vs_bio_04,protoss_triad_vs_bio,general_v2,False,13,immediate,5.5294,OCTAGON,staggered,diag_down,5,9,775,600,1.2917,moderate_advantage,0.151515,"{""COLOSSUS"": 1, ""STALKER"": 3, ""ZEALOT"": 1}","{""MARAUDER"": 3, ""MARINE"": 6}",0985cba5061c67238a5b68c6b281f84de584daab964bc0ec231331d8000fe552
r2g_validation_1388,configs/validation/r2g_validation_1388.json,validation,gen_protoss_triad_vs_bio_04,protoss_triad_vs_bio,general_v2,False,14,near,8.8535,SIMPLE,type_split,diag_up,5,9,775,600,1.2917,moderate_advantage,0.151515,"{""COLOSSUS"": 1, ""STALKER"": 3, ""ZEALOT"": 1}","{""MARAUDER"": 3, ""MARINE"": 6}",adb15a30f0d911110a3eae54fcbedb0e69b1ebe4a757c721bcd41ceec2e39f4a
r2g_validation_1389,configs/validation/r2g_validation_1389.json,validation,gen_protoss_triad_vs_bio_05,protoss_triad_vs_bio,general_v2,False,13,far,16.8844,SIMPLE,compact,horizontal,7,9,975,650,1.5,strong_advantage,0.0,"{""COLOSSUS"": 1, ""STALKER"": 3, ""ZEALOT"": 3}","{""MARAUDER"": 4, ""MARINE"": 5}",bfefc074282d52f5deabf73ea39c8c12ffdf75631840df091442727413bfcfe0
r2g_validation_1390,configs/validation/r2g_validation_1390.json,validation,gen_protoss_triad_vs_bio_05,protoss_triad_vs_bio,general_v2,False,14,medium,12.7284,SIMPLE,split,diag_down,7,9,975,650,1.5,strong_advantage,0.0,"{""COLOSSUS"": 1, ""STALKER"": 3, ""ZEALOT"": 3}","{""MARAUDER"": 4, ""MARINE"": 5}",5c3844d4463fa443ac257212f9a70117dc14b182e94416169c27806822c2e283
r2g_validation_1391,configs/validation/r2g_validation_1391.json,validation,gen_bio_vs_spine_swarm_01,bio_vs_spine_swarm,general_v2,False,13,immediate,5.4018,NARROW,staggered,narrow_same_side,3,4,250,250,1.0,balanced,0.681818,"{""MARAUDER"": 2, ""MARINE"": 1}","{""SPINE_CRAWLER"": 1, ""ZERGLING"": 3}",9cb65fb2ba7617573a1c9f27a20d91d947fdbf3b8f626054e920265977aa3af3
r2g_validation_1392,configs/validation/r2g_validation_1392.json,validation,gen_bio_vs_spine_swarm_01,bio_vs_spine_swarm,general_v2,False,14,near,8.9138,NARROW,compact,narrow_same_side,3,4,250,250,1.0,balanced,0.681818,"{""MARAUDER"": 2, ""MARINE"": 1}","{""SPINE_CRAWLER"": 1, ""ZERGLING"": 3}",ae47157e549b6ed01d23b51706ed4893ce0fd4da44436ee5c7ddc251649beb20
r2g_validation_1393,configs/validation/r2g_validation_1393.json,validation,gen_bio_vs_spine_swarm_02,bio_vs_spine_swarm,general_v2,False,13,immediate,5.3192,OCTAGON,compact,horizontal,6,5,450,425,1.0588,balanced,0.574866,"{""MARAUDER"": 3, ""MARINE"": 3}","{""SPINE_CRAWLER"": 2, ""ZERGLING"": 3}",1c76d708c51e79c0bb7243f7ce23eb2c128ebd9b66ce9a71cb56c8f5287e00c8
r2g_validation_1394,configs/validation/r2g_validation_1394.json,validation,gen_bio_vs_spine_swarm_02,bio_vs_spine_swarm,general_v2,False,14,near,8.6849,NARROW,split,narrow_same_side,6,5,450,425,1.0588,balanced,0.574866,"{""MARAUDER"": 3, ""MARINE"": 3}","{""SPINE_CRAWLER"": 2, ""ZERGLING"": 3}",34de1f2e6483e0071b5c86269a8df3374f431222659bdc860bf496a9c1dc4afa
r2g_validation_1395,configs/validation/r2g_validation_1395.json,validation,gen_bio_vs_spine_swarm_03,bio_vs_spine_swarm,general_v2,False,13,medium,12.6825,OCTAGON,staggered,diag_up,6,6,350,300,1.1667,moderate_advantage,0.378788,"{""MARAUDER"": 1, ""MARINE"": 5}","{""SPINE_CRAWLER"": 1, ""ZERGLING"": 5}",3bf6b8fe0f6b0397a5072ebfe8214f6a25ffdc6ee7537d216a4cebc74a774ee4
r2g_validation_1396,configs/validation/r2g_validation_1396.json,validation,gen_bio_vs_spine_swarm_03,bio_vs_spine_swarm,general_v2,False,14,far,17.0463,SIMPLE,type_split,horizontal,6,6,350,300,1.1667,moderate_advantage,0.378788,"{""MARAUDER"": 1, ""MARINE"": 5}","{""SPINE_CRAWLER"": 1, ""ZERGLING"": 5}",793a528774511cee7fa0f3cb7a9cfceb9d77f74ff72f76d64aa7c03eb7608f98
r2g_validation_1397,configs/validation/r2g_validation_1397.json,validation,gen_bio_vs_spine_swarm_04,bio_vs_spine_swarm,general_v2,False,13,near,8.8196,OCTAGON,compact,vertical,8,6,600,450,1.3333,moderate_advantage,0.075758,"{""MARAUDER"": 4, ""MARINE"": 4}","{""SPINE_CRAWLER"": 2, ""ZERGLING"": 4}",941b23d85cd88b597711cc91eadd713f56ce5cc2ff9f2063038ff9eaa0a24984
r2g_validation_1398,configs/validation/r2g_validation_1398.json,validation,gen_bio_vs_spine_swarm_04,bio_vs_spine_swarm,general_v2,False,14,medium,12.6029,NARROW,split,narrow_cross_gate,8,6,600,450,1.3333,moderate_advantage,0.075758,"{""MARAUDER"": 4, ""MARINE"": 4}","{""SPINE_CRAWLER"": 2, ""ZERGLING"": 4}",12d5114266f45d8159470bfbf48de51e84f5e2bdc69a922b105db324e1f4cb4d
r2g_validation_1399,configs/validation/r2g_validation_1399.json,validation,gen_bio_vs_spine_swarm_05,bio_vs_spine_swarm,general_v2,False,13,immediate,5.3172,OCTAGON,staggered,diag_down,8,7,500,325,1.5385,strong_advantage,0.0,"{""MARAUDER"": 2, ""MARINE"": 6}","{""SPINE_CRAWLER"": 1, ""ZERGLING"": 6}",0a74bc7b10d27d0ef23bd632b561ec0a419f838a626108bd1d06835b8210ab4c
r2g_validation_1400,configs/validation/r2g_validation_1400.json,validation,gen_bio_vs_spine_swarm_05,bio_vs_spine_swarm,general_v2,False,14,near,8.6229,SIMPLE,type_split,diag_up,8,7,500,325,1.5385,strong_advantage,0.0,"{""MARAUDER"": 2, ""MARINE"": 6}","{""SPINE_CRAWLER"": 1, ""ZERGLING"": 6}",6a72aeb5bf0cd6b0cdc39755eee0395a9f7e83040bd43fc17732018420474763
r2g_blind_iid_1401,configs/blind_iid/r2g_blind_iid_1401.json,blind_iid,marine_mirror_01,marine_mirror,legacy_r2_1300,False,15,near,8.7591,OCTAGON,compact,vertical,3,2,150,100,1.5,strong_advantage,0.0,"{""MARINE"": 3}","{""MARINE"": 2}",d7df22ab431ca5a72d2fbd76489be62fb6d07632c225e5a6a03d86ebe7478e41
r2g_blind_iid_1402,configs/blind_iid/r2g_blind_iid_1402.json,blind_iid,marine_mirror_01,marine_mirror,legacy_r2_1300,False,16,medium,12.7211,NARROW,split,narrow_cross_gate,3,2,150,100,1.5,strong_advantage,0.0,"{""MARINE"": 3}","{""MARINE"": 2}",8c3fa8fc6903105f6fe772649dcb8e66fccdce1a86702b8688c608a219f3a252
r2g_blind_iid_1403,configs/blind_iid/r2g_blind_iid_1403.json,blind_iid,marine_mirror_01,marine_mirror,legacy_r2_1300,False,17,immediate,5.5781,OCTAGON,staggered,diag_down,3,2,150,100,1.5,strong_advantage,0.0,"{""MARINE"": 3}","{""MARINE"": 2}",7872a2e6c8a942163449801adf1bdbc00778208c04a197d6bf9497c817671ac5
r2g_blind_iid_1404,configs/blind_iid/r2g_blind_iid_1404.json,blind_iid,marine_mirror_02,marine_mirror,legacy_r2_1300,False,15,near,8.8372,SIMPLE,type_split,diag_up,4,3,200,150,1.3333,moderate_advantage,0.075758,"{""MARINE"": 4}","{""MARINE"": 3}",8e6ecc84f60022749df4e765b0d10f28b043380db3242eecf7b7b836a3817283
r2g_blind_iid_1405,configs/blind_iid/r2g_blind_iid_1405.json,blind_iid,marine_mirror_02,marine_mirror,legacy_r2_1300,False,16,far,17.003,SIMPLE,compact,horizontal,4,3,200,150,1.3333,moderate_advantage,0.075758,"{""MARINE"": 4}","{""MARINE"": 3}",7f1af05ef7f122556e9c386229b4934f02ccb34fb7eafe604548e88e835842ae
r2g_blind_iid_1406,configs/blind_iid/r2g_blind_iid_1406.json,blind_iid,marine_mirror_02,marine_mirror,legacy_r2_1300,False,17,medium,12.6762,SIMPLE,split,diag_down,4,3,200,150,1.3333,moderate_advantage,0.075758,"{""MARINE"": 4}","{""MARINE"": 3}",58e9649cb5af2b4b0dd469933578371c9aaa2e98bfe2edcedcd4410f00290fb6
r2g_blind_iid_1407,configs/blind_iid/r2g_blind_iid_1407.json,blind_iid,marine_mirror_03,marine_mirror,legacy_r2_1300,False,15,immediate,5.4872,NARROW,staggered,narrow_same_side,5,4,250,200,1.25,moderate_advantage,0.227273,"{""MARINE"": 5}","{""MARINE"": 4}",743e661a7533097f1ea0bd61472b195e6b46c6ec9422ce1b19fa987f449651aa
r2g_blind_iid_1408,configs/blind_iid/r2g_blind_iid_1408.json,blind_iid,marine_mirror_03,marine_mirror,legacy_r2_1300,False,16,near,8.7011,NARROW,compact,narrow_same_side,5,4,250,200,1.25,moderate_advantage,0.227273,"{""MARINE"": 5}","{""MARINE"": 4}",25898797c50caeca7b38b801922f60a06bb8bc2e23f23bd84c94a257e3a701ac
r2g_blind_iid_1409,configs/blind_iid/r2g_blind_iid_1409.json,blind_iid,marine_mirror_03,marine_mirror,legacy_r2_1300,False,17,immediate,5.2091,OCTAGON,compact,horizontal,5,4,250,200,1.25,moderate_advantage,0.227273,"{""MARINE"": 5}","{""MARINE"": 4}",985bb793906e3eeda003c6e404d674c35778c6808b728ba41513843eebc33e59
r2g_blind_iid_1410,configs/blind_iid/r2g_blind_iid_1410.json,blind_iid,marine_mirror_04,marine_mirror,legacy_r2_1300,False,15,near,8.8061,NARROW,split,narrow_same_side,7,6,350,300,1.1667,moderate_advantage,0.378788,"{""MARINE"": 7}","{""MARINE"": 6}",49ada7ed3b1a04cdaf7dd6b8bbce5808291ce6c735a3ac9f4d9324bc4c16cc0d
r2g_blind_iid_1411,configs/blind_iid/r2g_blind_iid_1411.json,blind_iid,marine_mirror_04,marine_mirror,legacy_r2_1300,False,16,medium,12.7942,OCTAGON,staggered,diag_up,7,6,350,300,1.1667,moderate_advantage,0.378788,"{""MARINE"": 7}","{""MARINE"": 6}",9d6efd40271cbc35bc9416028794150f4ee75b9618fea292536339dbce6ffced
r2g_blind_iid_1412,configs/blind_iid/r2g_blind_iid_1412.json,blind_iid,marine_mirror_04,marine_mirror,legacy_r2_1300,False,17,far,16.9722,SIMPLE,type_split,horizontal,7,6,350,300,1.1667,moderate_advantage,0.378788,"{""MARINE"": 7}","{""MARINE"": 6}",caf1dfd3d960332d4984102382565ed1cade83ab702132e19fbdf4b046fdaf5c
r2g_blind_iid_1413,configs/blind_iid/r2g_blind_iid_1413.json,blind_iid,marine_mirror_05,marine_mirror,legacy_r2_1300,False,15,near,8.6776,OCTAGON,compact,vertical,9,8,450,400,1.125,moderate_advantage,0.454545,"{""MARINE"": 9}","{""MARINE"": 8}",cbc3f05f942a00778262120fdf254ea9e2d1a1faf69c8e18add2fe8de5f97d5e
r2g_blind_iid_1414,configs/blind_iid/r2g_blind_iid_1414.json,blind_iid,marine_mirror_05,marine_mirror,legacy_r2_1300,False,16,medium,12.599,NARROW,split,narrow_cross_gate,9,8,450,400,1.125,moderate_advantage,0.454545,"{""MARINE"": 9}","{""MARINE"": 8}",9cb315d9fa7dd85d84740502f18d7b0673b62e66aafa96509355aca30cfaa180
r2g_blind_iid_1415,configs/blind_iid/r2g_blind_iid_1415.json,blind_iid,marine_mirror_05,marine_mirror,legacy_r2_1300,False,17,immediate,5.3,OCTAGON,staggered,diag_down,9,8,450,400,1.125,moderate_advantage,0.454545,"{""MARINE"": 9}","{""MARINE"": 8}",c86140e7f98309c86fb371f943d40c920febb9afee1ad9ce2fb372d548fb6153
r2g_blind_iid_1416,configs/blind_iid/r2g_blind_iid_1416.json,blind_iid,stalker_mirror_01,stalker_mirror,legacy_r2_1300,False,15,near,8.7039,SIMPLE,type_split,diag_up,3,2,375,250,1.5,strong_advantage,0.0,"{""STALKER"": 3}","{""STALKER"": 2}",b31ddb86754c5f4818b32996d0ace7dff1f413ef8afe16756d45422150a8b8e5
r2g_blind_iid_1417,configs/blind_iid/r2g_blind_iid_1417.json,blind_iid,stalker_mirror_01,stalker_mirror,legacy_r2_1300,False,16,far,16.8755,SIMPLE,compact,horizontal,3,2,375,250,1.5,strong_advantage,0.0,"{""STALKER"": 3}","{""STALKER"": 2}",0b91362c881fa3ff680995e1b6c49478e11acca6d2dd92509cff7538700c62eb
r2g_blind_iid_1418,configs/blind_iid/r2g_blind_iid_1418.json,blind_iid,stalker_mirror_01,stalker_mirror,legacy_r2_1300,False,17,medium,12.6786,SIMPLE,split,diag_down,3,2,375,250,1.5,strong_advantage,0.0,"{""STALKER"": 3}","{""STALKER"": 2}",cdb8b63c732c025d86e7af9938644a4e3b94d323bb1916b50f24a43115778fa0
r2g_blind_iid_1419,configs/blind_iid/r2g_blind_iid_1419.json,blind_iid,stalker_mirror_02,stalker_mirror,legacy_r2_1300,False,15,immediate,5.4491,NARROW,staggered,narrow_same_side,4,3,500,375,1.3333,moderate_advantage,0.075758,"{""STALKER"": 4}","{""STALKER"": 3}",4b5f69318da561478f95cd70eef94c143306a562bd1f95dc5f4921f798c344a3
r2g_blind_iid_1420,configs/blind_iid/r2g_blind_iid_1420.json,blind_iid,stalker_mirror_02,stalker_mirror,legacy_r2_1300,False,16,near,8.6061,NARROW,compact,narrow_same_side,4,3,500,375,1.3333,moderate_advantage,0.075758,"{""STALKER"": 4}","{""STALKER"": 3}",52c1c63aab5eb9d78292d727bedc3b528c9e4f1fe9abb3c9dc9d90d6c56ef266
r2g_blind_iid_1421,configs/blind_iid/r2g_blind_iid_1421.json,blind_iid,stalker_mirror_02,stalker_mirror,legacy_r2_1300,False,17,immediate,5.363,OCTAGON,compact,horizontal,4,3,500,375,1.3333,moderate_advantage,0.075758,"{""STALKER"": 4}","{""STALKER"": 3}",13d14b0248496190a893d74500779d6d4771e58b09265ce1d48973eb629bad2f
r2g_blind_iid_1422,configs/blind_iid/r2g_blind_iid_1422.json,blind_iid,stalker_mirror_03,stalker_mirror,legacy_r2_1300,False,15,near,8.9841,NARROW,split,narrow_same_side,5,4,625,500,1.25,moderate_advantage,0.227273,"{""STALKER"": 5}","{""STALKER"": 4}",b594da6d06c99ea3354bea8a9b8c5f512b37a8e8d12dc25e3d79ebebd231b23c
r2g_blind_iid_1423,configs/blind_iid/r2g_blind_iid_1423.json,blind_iid,stalker_mirror_03,stalker_mirror,legacy_r2_1300,False,16,medium,12.7699,OCTAGON,staggered,diag_up,5,4,625,500,1.25,moderate_advantage,0.227273,"{""STALKER"": 5}","{""STALKER"": 4}",c105068810e633d8a1a2e9401a63434a5199a4ee0271882601e3085ec930ef48
r2g_blind_iid_1424,configs/blind_iid/r2g_blind_iid_1424.json,blind_iid,stalker_mirror_03,stalker_mirror,legacy_r2_1300,False,17,far,16.9429,SIMPLE,type_split,horizontal,5,4,625,500,1.25,moderate_advantage,0.227273,"{""STALKER"": 5}","{""STALKER"": 4}",0615c180f5dc94dfce6d0ff01d5d0bbed341f0a35e8cf35df7959209eb438b6d
r2g_blind_iid_1425,configs/blind_iid/r2g_blind_iid_1425.json,blind_iid,stalker_mirror_04,stalker_mirror,legacy_r2_1300,False,15,near,8.6486,OCTAGON,compact,vertical,7,6,875,750,1.1667,moderate_advantage,0.378788,"{""STALKER"": 7}","{""STALKER"": 6}",8076acebc34248cfdd37fd07689f91543655e6cc35f9adde938a0a8dfa384564
r2g_blind_iid_1426,configs/blind_iid/r2g_blind_iid_1426.json,blind_iid,stalker_mirror_04,stalker_mirror,legacy_r2_1300,False,16,medium,12.967,NARROW,split,narrow_cross_gate,7,6,875,750,1.1667,moderate_advantage,0.378788,"{""STALKER"": 7}","{""STALKER"": 6}",a5c4599ed58527f3105e0a3e139e55f08e6ac9b3ef831d6516ae1662720948a7
r2g_blind_iid_1427,configs/blind_iid/r2g_blind_iid_1427.json,blind_iid,stalker_mirror_04,stalker_mirror,legacy_r2_1300,False,17,immediate,5.5207,OCTAGON,staggered,diag_down,7,6,875,750,1.1667,moderate_advantage,0.378788,"{""STALKER"": 7}","{""STALKER"": 6}",51bca2a854b386b64d945231ab0e2f5c07ac2dbaae37c1bf314086edbd39bf3c
r2g_blind_iid_1428,configs/blind_iid/r2g_blind_iid_1428.json,blind_iid,stalker_mirror_05,stalker_mirror,legacy_r2_1300,False,15,near,8.8529,SIMPLE,type_split,diag_up,9,8,1125,1000,1.125,moderate_advantage,0.454545,"{""STALKER"": 9}","{""STALKER"": 8}",b030005918b15c358fd6f02d100e2cbc6c1d3c9c2275d572f16b72820e731e9f
r2g_blind_iid_1429,configs/blind_iid/r2g_blind_iid_1429.json,blind_iid,stalker_mirror_05,stalker_mirror,legacy_r2_1300,False,16,far,17.107,SIMPLE,compact,horizontal,9,8,1125,1000,1.125,moderate_advantage,0.454545,"{""STALKER"": 9}","{""STALKER"": 8}",3f5330cfa0a38605cb5a7253f9c2685860eee0c7b8da54f03d4579b5c1e782ad
r2g_blind_iid_1430,configs/blind_iid/r2g_blind_iid_1430.json,blind_iid,stalker_mirror_05,stalker_mirror,legacy_r2_1300,False,17,medium,12.9945,SIMPLE,split,diag_down,9,8,1125,1000,1.125,moderate_advantage,0.454545,"{""STALKER"": 9}","{""STALKER"": 8}",38109564286b380dd0f381dbb6efeb9d974f53a461f8c53213a568d9723d41a8
r2g_blind_iid_1431,configs/blind_iid/r2g_blind_iid_1431.json,blind_iid,zealot_vs_zergling_01,zealot_vs_zergling,legacy_r2_1300,False,15,immediate,5.4706,NARROW,staggered,narrow_same_side,2,6,200,150,1.3333,moderate_advantage,0.075758,"{""ZEALOT"": 2}","{""ZERGLING"": 6}",fa1e14837035f8fb71e1c520ca09f27e587f85fe5f5d373b97243c80b13208e9
r2g_blind_iid_1432,configs/blind_iid/r2g_blind_iid_1432.json,blind_iid,zealot_vs_zergling_01,zealot_vs_zergling,legacy_r2_1300,False,16,near,8.6203,NARROW,compact,narrow_same_side,2,6,200,150,1.3333,moderate_advantage,0.075758,"{""ZEALOT"": 2}","{""ZERGLING"": 6}",ec511dc50e5d40f30ccb9c57205e9b34e818101614deaf6eba6a07119e0b4ccc
r2g_blind_iid_1433,configs/blind_iid/r2g_blind_iid_1433.json,blind_iid,zealot_vs_zergling_01,zealot_vs_zergling,legacy_r2_1300,False,17,immediate,5.4562,OCTAGON,compact,horizontal,2,6,200,150,1.3333,moderate_advantage,0.075758,"{""ZEALOT"": 2}","{""ZERGLING"": 6}",c52fe69dde7f6daf8990596af0345045c2cb5d1ae28bffb175bb2c701001e62f
r2g_blind_iid_1434,configs/blind_iid/r2g_blind_iid_1434.json,blind_iid,zealot_vs_zergling_02,zealot_vs_zergling,legacy_r2_1300,False,15,near,8.6726,NARROW,split,narrow_same_side,2,7,200,175,1.1429,moderate_advantage,0.422078,"{""ZEALOT"": 2}","{""ZERGLING"": 7}",9c7e057a786f200e60edda900a0d47644f377c9e9a590dd68df3119daf90ae8d
r2g_blind_iid_1435,configs/blind_iid/r2g_blind_iid_1435.json,blind_iid,zealot_vs_zergling_02,zealot_vs_zergling,legacy_r2_1300,False,16,medium,12.9775,OCTAGON,staggered,diag_up,2,7,200,175,1.1429,moderate_advantage,0.422078,"{""ZEALOT"": 2}","{""ZERGLING"": 7}",ae3ad0b8acefab8b35dcb2fc2a4a7d66612ca048b6a670f3ce7b5b1000b59997
r2g_blind_iid_1436,configs/blind_iid/r2g_blind_iid_1436.json,blind_iid,zealot_vs_zergling_02,zealot_vs_zergling,legacy_r2_1300,False,17,far,16.9134,SIMPLE,type_split,horizontal,2,7,200,175,1.1429,moderate_advantage,0.422078,"{""ZEALOT"": 2}","{""ZERGLING"": 7}",84ddc03e1da6aaffb73e81e6c3225bc856c201441d9a8d08296857bd784f6897
r2g_blind_iid_1437,configs/blind_iid/r2g_blind_iid_1437.json,blind_iid,zealot_vs_zergling_03,zealot_vs_zergling,legacy_r2_1300,False,15,near,8.6551,OCTAGON,compact,vertical,3,9,300,225,1.3333,moderate_advantage,0.075758,"{""ZEALOT"": 3}","{""ZERGLING"": 9}",41033faafa7c2a56dce055365ea799c940ca40dad99bceba21a8ad7be959579f
r2g_blind_iid_1438,configs/blind_iid/r2g_blind_iid_1438.json,blind_iid,zealot_vs_zergling_03,zealot_vs_zergling,legacy_r2_1300,False,16,medium,12.9069,NARROW,split,narrow_cross_gate,3,9,300,225,1.3333,moderate_advantage,0.075758,"{""ZEALOT"": 3}","{""ZERGLING"": 9}",76301d39a8a2f3af34072594de4f7ce3bac7f8217d6301f98f41810dc1aaa5bc
r2g_blind_iid_1439,configs/blind_iid/r2g_blind_iid_1439.json,blind_iid,zealot_vs_zergling_03,zealot_vs_zergling,legacy_r2_1300,False,17,immediate,5.3024,OCTAGON,staggered,diag_down,3,9,300,225,1.3333,moderate_advantage,0.075758,"{""ZEALOT"": 3}","{""ZERGLING"": 9}",92f774e4de024b55d9f1f345c90f78ccfc71134945a26a60231dadaea3846508
r2g_blind_iid_1440,configs/blind_iid/r2g_blind_iid_1440.json,blind_iid,zealot_vs_zergling_04,zealot_vs_zergling,legacy_r2_1300,False,15,near,8.739,SIMPLE,type_split,diag_up,3,10,300,250,1.2,moderate_advantage,0.318182,"{""ZEALOT"": 3}","{""ZERGLING"": 10}",ba98c39e3ea208f0dd6bf4ad2a26134d38bea1f6d22d6cf5d1381ecda447a6ce
r2g_blind_iid_1441,configs/blind_iid/r2g_blind_iid_1441.json,blind_iid,zealot_vs_zergling_04,zealot_vs_zergling,legacy_r2_1300,False,16,far,16.809,SIMPLE,compact,horizontal,3,10,300,250,1.2,moderate_advantage,0.318182,"{""ZEALOT"": 3}","{""ZERGLING"": 10}",0f4baa80e8b0dfddd7d3086420fa37b0f01473712e7e92debd8e050dcab788ae
r2g_blind_iid_1442,configs/blind_iid/r2g_blind_iid_1442.json,blind_iid,zealot_vs_zergling_04,zealot_vs_zergling,legacy_r2_1300,False,17,medium,12.8433,SIMPLE,split,diag_down,3,10,300,250,1.2,moderate_advantage,0.318182,"{""ZEALOT"": 3}","{""ZERGLING"": 10}",1edf251477ef620cfbd0a3ae5d56df92f6f83dfcbccaa4660445867dce58463a
r2g_blind_iid_1443,configs/blind_iid/r2g_blind_iid_1443.json,blind_iid,zealot_vs_zergling_05,zealot_vs_zergling,legacy_r2_1300,False,15,immediate,5.2878,NARROW,staggered,narrow_same_side,4,10,400,250,1.6,strong_advantage,0.0,"{""ZEALOT"": 4}","{""ZERGLING"": 10}",ec4087f30b148b8517593796b051b08f0c2ae1e5bd56545759d806db4e8ab298
r2g_blind_iid_1444,configs/blind_iid/r2g_blind_iid_1444.json,blind_iid,zealot_vs_zergling_05,zealot_vs_zergling,legacy_r2_1300,False,16,near,8.7479,NARROW,compact,narrow_same_side,4,10,400,250,1.6,strong_advantage,0.0,"{""ZEALOT"": 4}","{""ZERGLING"": 10}",8ccfce4f00f64b95f46ea00d1a9c5556e933d0b969c7235e499aed06b62c34c1
r2g_blind_iid_1445,configs/blind_iid/r2g_blind_iid_1445.json,blind_iid,zealot_vs_zergling_05,zealot_vs_zergling,legacy_r2_1300,False,17,immediate,5.2436,OCTAGON,compact,horizontal,4,10,400,250,1.6,strong_advantage,0.0,"{""ZEALOT"": 4}","{""ZERGLING"": 10}",df100a62764ccf0eb3db43c52261d064eb8e3c606b16020c2989db832de6b1f2
r2g_blind_iid_1446,configs/blind_iid/r2g_blind_iid_1446.json,blind_iid,stalker_vs_zealot_01,stalker_vs_zealot,legacy_r2_1300,False,15,near,8.9533,NARROW,split,narrow_same_side,2,2,250,200,1.25,moderate_advantage,0.227273,"{""STALKER"": 2}","{""ZEALOT"": 2}",8f411ff84630e8256e80a6c552339086705f15393f2f9f9449712277a4e26c96
r2g_blind_iid_1447,configs/blind_iid/r2g_blind_iid_1447.json,blind_iid,stalker_vs_zealot_01,stalker_vs_zealot,legacy_r2_1300,False,16,medium,12.6454,OCTAGON,staggered,diag_up,2,2,250,200,1.25,moderate_advantage,0.227273,"{""STALKER"": 2}","{""ZEALOT"": 2}",d4d4194b4c941693e189c65ac6a86fa983c76b11bfdb484be7d87346e5f2a13f
r2g_blind_iid_1448,configs/blind_iid/r2g_blind_iid_1448.json,blind_iid,stalker_vs_zealot_01,stalker_vs_zealot,legacy_r2_1300,False,17,far,16.9221,SIMPLE,type_split,horizontal,2,2,250,200,1.25,moderate_advantage,0.227273,"{""STALKER"": 2}","{""ZEALOT"": 2}",e1ea9e651cfd6106f4518f620206ec54c2615747a99d521b84b5135399cf589e
r2g_blind_iid_1449,configs/blind_iid/r2g_blind_iid_1449.json,blind_iid,stalker_vs_zealot_02,stalker_vs_zealot,legacy_r2_1300,False,15,near,8.9163,OCTAGON,compact,vertical,3,3,375,300,1.25,moderate_advantage,0.227273,"{""STALKER"": 3}","{""ZEALOT"": 3}",94269fea104823a39d4d751d2347f125d368e73f2981bdad0f8c5a486ae42640
r2g_blind_iid_1450,configs/blind_iid/r2g_blind_iid_1450.json,blind_iid,stalker_vs_zealot_02,stalker_vs_zealot,legacy_r2_1300,False,16,medium,12.7025,NARROW,split,narrow_cross_gate,3,3,375,300,1.25,moderate_advantage,0.227273,"{""STALKER"": 3}","{""ZEALOT"": 3}",affaf2b07ffc5f2abb50919bd76e592dc0bb1d8fea7de9dd96fa8ff6f67009e3
r2g_blind_iid_1451,configs/blind_iid/r2g_blind_iid_1451.json,blind_iid,stalker_vs_zealot_02,stalker_vs_zealot,legacy_r2_1300,False,17,immediate,5.2611,OCTAGON,staggered,diag_down,3,3,375,300,1.25,moderate_advantage,0.227273,"{""STALKER"": 3}","{""ZEALOT"": 3}",f216dcee186f23221df03e6e184baf20a50424eee005b62cf74acc917e1782f0
r2g_blind_iid_1452,configs/blind_iid/r2g_blind_iid_1452.json,blind_iid,stalker_vs_zealot_03,stalker_vs_zealot,legacy_r2_1300,False,15,near,8.7244,SIMPLE,type_split,diag_up,4,4,500,400,1.25,moderate_advantage,0.227273,"{""STALKER"": 4}","{""ZEALOT"": 4}",1bfd3e4313fcf7e5ac941bc9d824a84f6238a9772c89d617ccb47dc415e12df0
r2g_blind_iid_1453,configs/blind_iid/r2g_blind_iid_1453.json,blind_iid,stalker_vs_zealot_03,stalker_vs_zealot,legacy_r2_1300,False,16,far,16.9135,SIMPLE,compact,horizontal,4,4,500,400,1.25,moderate_advantage,0.227273,"{""STALKER"": 4}","{""ZEALOT"": 4}",cbff7826253965e10fbbcff60d5bf810a8b002995b2c076187ba2b9a7fb6f573
r2g_blind_iid_1454,configs/blind_iid/r2g_blind_iid_1454.json,blind_iid,stalker_vs_zealot_03,stalker_vs_zealot,legacy_r2_1300,False,17,medium,12.6252,SIMPLE,split,diag_down,4,4,500,400,1.25,moderate_advantage,0.227273,"{""STALKER"": 4}","{""ZEALOT"": 4}",1fdf8472e0930367c96bd848cd0956f47fd09964ed0d189743c4a0917f0e6142
r2g_blind_iid_1455,configs/blind_iid/r2g_blind_iid_1455.json,blind_iid,stalker_vs_zealot_04,stalker_vs_zealot,legacy_r2_1300,False,15,immediate,5.2295,NARROW,staggered,narrow_same_side,5,5,625,500,1.25,moderate_advantage,0.227273,"{""STALKER"": 5}","{""ZEALOT"": 5}",09ccaea5eb9264eddd87a998f97ecbc9b37105accfd9f77a1eb735bbfbe4ce8a
r2g_blind_iid_1456,configs/blind_iid/r2g_blind_iid_1456.json,blind_iid,stalker_vs_zealot_04,stalker_vs_zealot,legacy_r2_1300,False,16,near,8.9476,NARROW,compact,narrow_same_side,5,5,625,500,1.25,moderate_advantage,0.227273,"{""STALKER"": 5}","{""ZEALOT"": 5}",de2b19649c3ed93cb172c828fd3967309698a475eba19014612a4659053e04ee
r2g_blind_iid_1457,configs/blind_iid/r2g_blind_iid_1457.json,blind_iid,stalker_vs_zealot_04,stalker_vs_zealot,legacy_r2_1300,False,17,immediate,5.508,OCTAGON,compact,horizontal,5,5,625,500,1.25,moderate_advantage,0.227273,"{""STALKER"": 5}","{""ZEALOT"": 5}",5a204622ea4b27a5211dd2eb1b2b773f7b89fc4331e23416552249ebe0eabf1d
r2g_blind_iid_1458,configs/blind_iid/r2g_blind_iid_1458.json,blind_iid,stalker_vs_zealot_05,stalker_vs_zealot,legacy_r2_1300,False,15,near,8.704,NARROW,split,narrow_same_side,6,6,750,600,1.25,moderate_advantage,0.227273,"{""STALKER"": 6}","{""ZEALOT"": 6}",9cc7184876d96dd9bce8c2f4c4f4b6c48333a2808483a1c4f414802c79ce2fd5
r2g_blind_iid_1459,configs/blind_iid/r2g_blind_iid_1459.json,blind_iid,stalker_vs_zealot_05,stalker_vs_zealot,legacy_r2_1300,False,16,medium,12.8163,OCTAGON,staggered,diag_up,6,6,750,600,1.25,moderate_advantage,0.227273,"{""STALKER"": 6}","{""ZEALOT"": 6}",75baf0af1d1cd4a35888b4833627eebedc58e65f965695afffac979545b56f7c
r2g_blind_iid_1460,configs/blind_iid/r2g_blind_iid_1460.json,blind_iid,stalker_vs_zealot_05,stalker_vs_zealot,legacy_r2_1300,False,17,far,17.0979,SIMPLE,type_split,horizontal,6,6,750,600,1.25,moderate_advantage,0.227273,"{""STALKER"": 6}","{""ZEALOT"": 6}",05e4cf22636932cabe25e1bd493a292039637789681b66cddaf060d2097acf69
r2g_blind_iid_1461,configs/blind_iid/r2g_blind_iid_1461.json,blind_iid,terran_vs_swarm_01,terran_vs_swarm,legacy_r2_1300,False,15,near,8.6691,OCTAGON,compact,vertical,3,5,200,150,1.3333,moderate_advantage,0.075758,"{""MARAUDER"": 1, ""MARINE"": 2}","{""BANELING"": 1, ""ZERGLING"": 4}",7051930af79042ce147c428566745a3aed0a02a8588c2d39a4fe63ca308e53d9
r2g_blind_iid_1462,configs/blind_iid/r2g_blind_iid_1462.json,blind_iid,terran_vs_swarm_01,terran_vs_swarm,legacy_r2_1300,False,16,medium,12.9736,NARROW,split,narrow_cross_gate,3,5,200,150,1.3333,moderate_advantage,0.075758,"{""MARAUDER"": 1, ""MARINE"": 2}","{""BANELING"": 1, ""ZERGLING"": 4}",e7da7537ede880f15bb8fdfb0005ba419e695bbb865e66557f06620bfd8131f2
r2g_blind_iid_1463,configs/blind_iid/r2g_blind_iid_1463.json,blind_iid,terran_vs_swarm_01,terran_vs_swarm,legacy_r2_1300,False,17,immediate,5.5068,OCTAGON,staggered,diag_down,3,5,200,150,1.3333,moderate_advantage,0.075758,"{""MARAUDER"": 1, ""MARINE"": 2}","{""BANELING"": 1, ""ZERGLING"": 4}",9f9a0a26e4af980b0098f849adb602abf6ad5b0d0252eb9fe9e452bf03b323d6
r2g_blind_iid_1464,configs/blind_iid/r2g_blind_iid_1464.json,blind_iid,terran_vs_swarm_02,terran_vs_swarm,legacy_r2_1300,False,15,near,8.85,SIMPLE,type_split,diag_up,4,7,300,200,1.5,strong_advantage,0.0,"{""MARAUDER"": 2, ""MARINE"": 2}","{""BANELING"": 1, ""ZERGLING"": 6}",2e003d3283db1bac922aaf4705f8eea651fb7d40a8b656b82f1ede32fa4a6914
r2g_blind_iid_1465,configs/blind_iid/r2g_blind_iid_1465.json,blind_iid,terran_vs_swarm_02,terran_vs_swarm,legacy_r2_1300,False,16,far,16.9342,SIMPLE,compact,horizontal,4,7,300,200,1.5,strong_advantage,0.0,"{""MARAUDER"": 2, ""MARINE"": 2}","{""BANELING"": 1, ""ZERGLING"": 6}",0fb1ca2bedaea27bd3e44ac94c18e54da22c161990e78be78427e0968ac11904
r2g_blind_iid_1466,configs/blind_iid/r2g_blind_iid_1466.json,blind_iid,terran_vs_swarm_02,terran_vs_swarm,legacy_r2_1300,False,17,medium,12.9092,SIMPLE,split,diag_down,4,7,300,200,1.5,strong_advantage,0.0,"{""MARAUDER"": 2, ""MARINE"": 2}","{""BANELING"": 1, ""ZERGLING"": 6}",40c8c1e43d99403be84c4ca1d965bc3f2f46bf2dddf3e9af93b6e82c6d9de059
r2g_blind_iid_1467,configs/blind_iid/r2g_blind_iid_1467.json,blind_iid,terran_vs_swarm_03,terran_vs_swarm,legacy_r2_1300,False,15,immediate,5.3653,NARROW,staggered,narrow_same_side,5,8,350,250,1.4,strong_advantage,0.0,"{""MARAUDER"": 2, ""MARINE"": 3}","{""BANELING"": 2, ""ZERGLING"": 6}",8395b6eb6be81cc9acbaba7a50476e3c07c9951c034ec72ce2a34511b26201e8
r2g_blind_iid_1468,configs/blind_iid/r2g_blind_iid_1468.json,blind_iid,terran_vs_swarm_03,terran_vs_swarm,legacy_r2_1300,False,16,near,8.9421,NARROW,compact,narrow_same_side,5,8,350,250,1.4,strong_advantage,0.0,"{""MARAUDER"": 2, ""MARINE"": 3}","{""BANELING"": 2, ""ZERGLING"": 6}",04977ca6ea70ae6960de5165fef017a4f285b976714cabba11abd7c20123aee6
r2g_blind_iid_1469,configs/blind_iid/r2g_blind_iid_1469.json,blind_iid,terran_vs_swarm_03,terran_vs_swarm,legacy_r2_1300,False,17,immediate,5.222,OCTAGON,compact,horizontal,5,8,350,250,1.4,strong_advantage,0.0,"{""MARAUDER"": 2, ""MARINE"": 3}","{""BANELING"": 2, ""ZERGLING"": 6}",c8d06931c9eb52b26de8f96561119f19c54c436afd9f5b6d7dbccd41c2abb998
r2g_blind_iid_1470,configs/blind_iid/r2g_blind_iid_1470.json,blind_iid,terran_vs_swarm_04,terran_vs_swarm,legacy_r2_1300,False,15,near,8.8094,NARROW,split,narrow_same_side,6,10,400,300,1.3333,moderate_advantage,0.075758,"{""MARAUDER"": 2, ""MARINE"": 4}","{""BANELING"": 2, ""ZERGLING"": 8}",47789e6f1b2c89d666c9ae30ee8e859922e08fab7096d626531fe009f58301bf
r2g_blind_iid_1471,configs/blind_iid/r2g_blind_iid_1471.json,blind_iid,terran_vs_swarm_04,terran_vs_swarm,legacy_r2_1300,False,16,medium,12.6099,OCTAGON,staggered,diag_up,6,10,400,300,1.3333,moderate_advantage,0.075758,"{""MARAUDER"": 2, ""MARINE"": 4}","{""BANELING"": 2, ""ZERGLING"": 8}",2a9a6f4d0bf424519840ed63a9d16207773c7f770651db1929fbd97040842cae
r2g_blind_iid_1472,configs/blind_iid/r2g_blind_iid_1472.json,blind_iid,terran_vs_swarm_04,terran_vs_swarm,legacy_r2_1300,False,17,far,17.1777,SIMPLE,type_split,horizontal,6,10,400,300,1.3333,moderate_advantage,0.075758,"{""MARAUDER"": 2, ""MARINE"": 4}","{""BANELING"": 2, ""ZERGLING"": 8}",ba0ba1be523e12693c26007860b1a3d56e83947081e2190df20c6423c887df49
r2g_blind_iid_1473,configs/blind_iid/r2g_blind_iid_1473.json,blind_iid,terran_vs_swarm_05,terran_vs_swarm,legacy_r2_1300,False,15,near,8.8181,OCTAGON,compact,vertical,8,10,550,325,1.6923,strong_advantage,0.0,"{""MARAUDER"": 3, ""MARINE"": 5}","{""BANELING"": 3, ""ZERGLING"": 7}",f0e04e1192aaf0c87880e9f20dd7eb0417b7f0fe47de335b59a976bd88ca0996
r2g_blind_iid_1474,configs/blind_iid/r2g_blind_iid_1474.json,blind_iid,terran_vs_swarm_05,terran_vs_swarm,legacy_r2_1300,False,16,medium,12.874,NARROW,split,narrow_cross_gate,8,10,550,325,1.6923,strong_advantage,0.0,"{""MARAUDER"": 3, ""MARINE"": 5}","{""BANELING"": 3, ""ZERGLING"": 7}",705c77160b80c6f2185ddc614c17f8426025deff1d5c5056271a5b5e30ad4cba
r2g_blind_iid_1475,configs/blind_iid/r2g_blind_iid_1475.json,blind_iid,terran_vs_swarm_05,terran_vs_swarm,legacy_r2_1300,False,17,immediate,5.5134,OCTAGON,staggered,diag_down,8,10,550,325,1.6923,strong_advantage,0.0,"{""MARAUDER"": 3, ""MARINE"": 5}","{""BANELING"": 3, ""ZERGLING"": 7}",365d9e78361b43e7e53849a58932348b9ea2d278913db06c4fdfe9cc6ff99244
r2g_blind_iid_1476,configs/blind_iid/r2g_blind_iid_1476.json,blind_iid,mmm_mirror_01,mmm_mirror,legacy_r2_1300,False,15,near,8.8794,SIMPLE,type_split,diag_up,5,4,375,325,1.1538,moderate_advantage,0.402098,"{""MARAUDER"": 1, ""MARINE"": 3, ""MEDIVAC"": 1}","{""MARAUDER"": 1, ""MARINE"": 2, ""MEDIVAC"": 1}",606df6f5d844bc02b0dfef3e3b5a85bc0de7f7246ced57536f4473bf1cff57e9
r2g_blind_iid_1477,configs/blind_iid/r2g_blind_iid_1477.json,blind_iid,mmm_mirror_01,mmm_mirror,legacy_r2_1300,False,16,far,16.9887,SIMPLE,compact,horizontal,5,4,375,325,1.1538,moderate_advantage,0.402098,"{""MARAUDER"": 1, ""MARINE"": 3, ""MEDIVAC"": 1}","{""MARAUDER"": 1, ""MARINE"": 2, ""MEDIVAC"": 1}",76b41364ce0cf5a43d1e91d40c1f6ae46f86090b6c5b24d2673b81b9da1d4eb9
r2g_blind_iid_1478,configs/blind_iid/r2g_blind_iid_1478.json,blind_iid,mmm_mirror_01,mmm_mirror,legacy_r2_1300,False,17,medium,12.9933,SIMPLE,split,diag_down,5,4,375,325,1.1538,moderate_advantage,0.402098,"{""MARAUDER"": 1, ""MARINE"": 3, ""MEDIVAC"": 1}","{""MARAUDER"": 1, ""MARINE"": 2, ""MEDIVAC"": 1}",a9a4a66452a4922eea219a7b0cb3e6f4f38bb31a120ac5d0b22ecb338ec725b6
r2g_blind_iid_1479,configs/blind_iid/r2g_blind_iid_1479.json,blind_iid,mmm_mirror_02,mmm_mirror,legacy_r2_1300,False,15,immediate,5.3636,NARROW,staggered,narrow_same_side,6,5,475,375,1.2667,moderate_advantage,0.19697,"{""MARAUDER"": 2, ""MARINE"": 3, ""MEDIVAC"": 1}","{""MARAUDER"": 1, ""MARINE"": 3, ""MEDIVAC"": 1}",24604c8f67a907df99c61815c1029598f43cbc6a8fbd78741bf24c27bd66d2cf
r2g_blind_iid_1480,configs/blind_iid/r2g_blind_iid_1480.json,blind_iid,mmm_mirror_02,mmm_mirror,legacy_r2_1300,False,16,near,8.8727,NARROW,compact,narrow_same_side,6,5,475,375,1.2667,moderate_advantage,0.19697,"{""MARAUDER"": 2, ""MARINE"": 3, ""MEDIVAC"": 1}","{""MARAUDER"": 1, ""MARINE"": 3, ""MEDIVAC"": 1}",58cd70a86bc216f11e45982c660b6762be68e4facfd48a1d006be7af06c40ddb
r2g_blind_iid_1481,configs/blind_iid/r2g_blind_iid_1481.json,blind_iid,mmm_mirror_02,mmm_mirror,legacy_r2_1300,False,17,immediate,5.5947,OCTAGON,compact,horizontal,6,5,475,375,1.2667,moderate_advantage,0.19697,"{""MARAUDER"": 2, ""MARINE"": 3, ""MEDIVAC"": 1}","{""MARAUDER"": 1, ""MARINE"": 3, ""MEDIVAC"": 1}",69a4c9125ad0c25b596ce17b09c5e9ea4a457eb289aebed15bd4e0867e69214a
r2g_blind_iid_1482,configs/blind_iid/r2g_blind_iid_1482.json,blind_iid,mmm_mirror_03,mmm_mirror,legacy_r2_1300,False,15,near,8.6075,NARROW,split,narrow_same_side,7,6,525,475,1.1053,moderate_advantage,0.490431,"{""MARAUDER"": 2, ""MARINE"": 4, ""MEDIVAC"": 1}","{""MARAUDER"": 2, ""MARINE"": 3, ""MEDIVAC"": 1}",efeb321b97f223f87b16b71f58caaba7e24d6d9461b397caf9ea3862aad284d2
r2g_blind_iid_1483,configs/blind_iid/r2g_blind_iid_1483.json,blind_iid,mmm_mirror_03,mmm_mirror,legacy_r2_1300,False,16,medium,12.9324,OCTAGON,staggered,diag_up,7,6,525,475,1.1053,moderate_advantage,0.490431,"{""MARAUDER"": 2, ""MARINE"": 4, ""MEDIVAC"": 1}","{""MARAUDER"": 2, ""MARINE"": 3, ""MEDIVAC"": 1}",73f7eb653c768a3d5201cc52da75521fed392604f0bfb540f3454181d752c617
r2g_blind_iid_1484,configs/blind_iid/r2g_blind_iid_1484.json,blind_iid,mmm_mirror_03,mmm_mirror,legacy_r2_1300,False,17,far,17.1381,SIMPLE,type_split,horizontal,7,6,525,475,1.1053,moderate_advantage,0.490431,"{""MARAUDER"": 2, ""MARINE"": 4, ""MEDIVAC"": 1}","{""MARAUDER"": 2, ""MARINE"": 3, ""MEDIVAC"": 1}",ae322bbde4d82822b038c5b5afac7bf75a9556f94faae366b03bd96533325dc2
r2g_blind_iid_1485,configs/blind_iid/r2g_blind_iid_1485.json,blind_iid,mmm_mirror_04,mmm_mirror,legacy_r2_1300,False,15,near,8.6341,OCTAGON,compact,vertical,8,7,625,525,1.1905,moderate_advantage,0.335498,"{""MARAUDER"": 3, ""MARINE"": 4, ""MEDIVAC"": 1}","{""MARAUDER"": 2, ""MARINE"": 4, ""MEDIVAC"": 1}",5a0e91ad6c4bda8a2458c11ba32e59084af4d233d632982f222e164e19ca3a8b
r2g_blind_iid_1486,configs/blind_iid/r2g_blind_iid_1486.json,blind_iid,mmm_mirror_04,mmm_mirror,legacy_r2_1300,False,16,medium,12.807,NARROW,split,narrow_cross_gate,8,7,625,525,1.1905,moderate_advantage,0.335498,"{""MARAUDER"": 3, ""MARINE"": 4, ""MEDIVAC"": 1}","{""MARAUDER"": 2, ""MARINE"": 4, ""MEDIVAC"": 1}",e280d8d38e501da58133de451269350448775ce98dfd8ffa791ee137d6f77eca
r2g_blind_iid_1487,configs/blind_iid/r2g_blind_iid_1487.json,blind_iid,mmm_mirror_04,mmm_mirror,legacy_r2_1300,False,17,immediate,5.5354,OCTAGON,staggered,diag_down,8,7,625,525,1.1905,moderate_advantage,0.335498,"{""MARAUDER"": 3, ""MARINE"": 4, ""MEDIVAC"": 1}","{""MARAUDER"": 2, ""MARINE"": 4, ""MEDIVAC"": 1}",1360b806ab478e9bda83d30fcf3029b25daf11fdfff438ccfc28677c23a58dd0
r2g_blind_iid_1488,configs/blind_iid/r2g_blind_iid_1488.json,blind_iid,mmm_mirror_05,mmm_mirror,legacy_r2_1300,False,15,near,8.7961,SIMPLE,type_split,diag_up,9,8,675,625,1.08,balanced,0.536364,"{""MARAUDER"": 3, ""MARINE"": 5, ""MEDIVAC"": 1}","{""MARAUDER"": 3, ""MARINE"": 4, ""MEDIVAC"": 1}",a419d8a9943382fd6c75da07cf33d45fe6875a73568c5fc5b09580a732430743
r2g_blind_iid_1489,configs/blind_iid/r2g_blind_iid_1489.json,blind_iid,mmm_mirror_05,mmm_mirror,legacy_r2_1300,False,16,far,16.8466,SIMPLE,compact,horizontal,9,8,675,625,1.08,balanced,0.536364,"{""MARAUDER"": 3, ""MARINE"": 5, ""MEDIVAC"": 1}","{""MARAUDER"": 3, ""MARINE"": 4, ""MEDIVAC"": 1}",8cca59a4f6bf975016193da1e54b665a4dbcf21199d16b65ca76a685bb8d1e9c
r2g_blind_iid_1490,configs/blind_iid/r2g_blind_iid_1490.json,blind_iid,mmm_mirror_05,mmm_mirror,legacy_r2_1300,False,17,medium,12.7798,SIMPLE,split,diag_down,9,8,675,625,1.08,balanced,0.536364,"{""MARAUDER"": 3, ""MARINE"": 5, ""MEDIVAC"": 1}","{""MARAUDER"": 3, ""MARINE"": 4, ""MEDIVAC"": 1}",78e54a75ec5e851f48228ecc7b7154e1feb897cab704cbaf7c45bba21ad652dd
r2g_blind_iid_1491,configs/blind_iid/r2g_blind_iid_1491.json,blind_iid,stalker_zealot_mirror_01,stalker_zealot_mirror,legacy_r2_1300,False,15,immediate,5.2379,NARROW,staggered,narrow_same_side,4,3,450,350,1.2857,moderate_advantage,0.162338,"{""STALKER"": 2, ""ZEALOT"": 2}","{""STALKER"": 2, ""ZEALOT"": 1}",17bfd699d5821fdc118c21cd4bc5a59339063f02a716395f756d75a2545ad8a0
r2g_blind_iid_1492,configs/blind_iid/r2g_blind_iid_1492.json,blind_iid,stalker_zealot_mirror_01,stalker_zealot_mirror,legacy_r2_1300,False,16,near,8.9094,NARROW,compact,narrow_same_side,4,3,450,350,1.2857,moderate_advantage,0.162338,"{""STALKER"": 2, ""ZEALOT"": 2}","{""STALKER"": 2, ""ZEALOT"": 1}",236b1252ba2b61593d61f3a6ff52e0de17ced334e720383151f200729a2f15b4
r2g_blind_iid_1493,configs/blind_iid/r2g_blind_iid_1493.json,blind_iid,stalker_zealot_mirror_01,stalker_zealot_mirror,legacy_r2_1300,False,17,immediate,5.5532,OCTAGON,compact,horizontal,4,3,450,350,1.2857,moderate_advantage,0.162338,"{""STALKER"": 2, ""ZEALOT"": 2}","{""STALKER"": 2, ""ZEALOT"": 1}",b3bbd52e490b5fa67b95a3f6933a034f770086aabb169cba25d0d4510fb7e2cf
r2g_blind_iid_1494,configs/blind_iid/r2g_blind_iid_1494.json,blind_iid,stalker_zealot_mirror_02,stalker_zealot_mirror,legacy_r2_1300,False,15,near,8.6961,NARROW,split,narrow_same_side,5,4,575,450,1.2778,moderate_advantage,0.176768,"{""STALKER"": 3, ""ZEALOT"": 2}","{""STALKER"": 2, ""ZEALOT"": 2}",529deabce90193a8cbfbce1e33a69dde031605901ba22cbca98843de9cfaec0f
r2g_blind_iid_1495,configs/blind_iid/r2g_blind_iid_1495.json,blind_iid,stalker_zealot_mirror_02,stalker_zealot_mirror,legacy_r2_1300,False,16,medium,12.6438,OCTAGON,staggered,diag_up,5,4,575,450,1.2778,moderate_advantage,0.176768,"{""STALKER"": 3, ""ZEALOT"": 2}","{""STALKER"": 2, ""ZEALOT"": 2}",4e79498db22c08ec8a086b46582bcd9e0d85c89409c037874dbed9e237d4808a
r2g_blind_iid_1496,configs/blind_iid/r2g_blind_iid_1496.json,blind_iid,stalker_zealot_mirror_02,stalker_zealot_mirror,legacy_r2_1300,False,17,far,17.1993,SIMPLE,type_split,horizontal,5,4,575,450,1.2778,moderate_advantage,0.176768,"{""STALKER"": 3, ""ZEALOT"": 2}","{""STALKER"": 2, ""ZEALOT"": 2}",b2056c15c35b53623213f5a2e291a1f025655969aef9d8c1c3b00976013f5bd7
r2g_blind_iid_1497,configs/blind_iid/r2g_blind_iid_1497.json,blind_iid,stalker_zealot_mirror_03,stalker_zealot_mirror,legacy_r2_1300,False,15,near,8.9599,OCTAGON,compact,vertical,6,5,675,575,1.1739,moderate_advantage,0.365613,"{""STALKER"": 3, ""ZEALOT"": 3}","{""STALKER"": 3, ""ZEALOT"": 2}",db430d52cfbf5513730ce1137b9bb53eaaf5522bb4d8ad39b496777f3d28ac3b
r2g_blind_iid_1498,configs/blind_iid/r2g_blind_iid_1498.json,blind_iid,stalker_zealot_mirror_03,stalker_zealot_mirror,legacy_r2_1300,False,16,medium,12.6689,NARROW,split,narrow_cross_gate,6,5,675,575,1.1739,moderate_advantage,0.365613,"{""STALKER"": 3, ""ZEALOT"": 3}","{""STALKER"": 3, ""ZEALOT"": 2}",7baf82bef1377db808eedc38873814e9e370280b8f431190caaad53107c84dcb
r2g_blind_iid_1499,configs/blind_iid/r2g_blind_iid_1499.json,blind_iid,stalker_zealot_mirror_03,stalker_zealot_mirror,legacy_r2_1300,False,17,immediate,5.4089,OCTAGON,staggered,diag_down,6,5,675,575,1.1739,moderate_advantage,0.365613,"{""STALKER"": 3, ""ZEALOT"": 3}","{""STALKER"": 3, ""ZEALOT"": 2}",d5688d2101380b61959acb64397d34362bb38749eee043ce2bbceeba34e0ff0f
r2g_blind_iid_1500,configs/blind_iid/r2g_blind_iid_1500.json,blind_iid,stalker_zealot_mirror_04,stalker_zealot_mirror,legacy_r2_1300,False,15,near,8.9271,SIMPLE,type_split,diag_up,7,6,800,675,1.1852,moderate_advantage,0.345118,"{""STALKER"": 4, ""ZEALOT"": 3}","{""STALKER"": 3, ""ZEALOT"": 3}",56c2864324bd7eebda87b0ef298665c06c5e21b831abefbe275ca949b57077de
r2g_blind_iid_1501,configs/blind_iid/r2g_blind_iid_1501.json,blind_iid,stalker_zealot_mirror_04,stalker_zealot_mirror,legacy_r2_1300,False,16,far,17.1311,SIMPLE,compact,horizontal,7,6,800,675,1.1852,moderate_advantage,0.345118,"{""STALKER"": 4, ""ZEALOT"": 3}","{""STALKER"": 3, ""ZEALOT"": 3}",fb86495784a21998806db5af1044adbb2b0c5bc8d2591abd25a04c5da9b1f282
r2g_blind_iid_1502,configs/blind_iid/r2g_blind_iid_1502.json,blind_iid,stalker_zealot_mirror_04,stalker_zealot_mirror,legacy_r2_1300,False,17,medium,12.9874,SIMPLE,split,diag_down,7,6,800,675,1.1852,moderate_advantage,0.345118,"{""STALKER"": 4, ""ZEALOT"": 3}","{""STALKER"": 3, ""ZEALOT"": 3}",ac8ba0623c34fda39296cab8a9106ac1144dfae403e77d92ec35796caecba086
r2g_blind_iid_1503,configs/blind_iid/r2g_blind_iid_1503.json,blind_iid,stalker_zealot_mirror_05,stalker_zealot_mirror,legacy_r2_1300,False,15,immediate,5.2328,NARROW,staggered,narrow_same_side,9,8,1025,900,1.1389,moderate_advantage,0.429293,"{""STALKER"": 5, ""ZEALOT"": 4}","{""STALKER"": 4, ""ZEALOT"": 4}",8555ba8ef550ed5edd7772e0e4e63658fee00dbd47804214412165fbceeb05a3
r2g_blind_iid_1504,configs/blind_iid/r2g_blind_iid_1504.json,blind_iid,stalker_zealot_mirror_05,stalker_zealot_mirror,legacy_r2_1300,False,16,near,8.6123,NARROW,compact,narrow_same_side,9,8,1025,900,1.1389,moderate_advantage,0.429293,"{""STALKER"": 5, ""ZEALOT"": 4}","{""STALKER"": 4, ""ZEALOT"": 4}",71ccf976be97a46284bcf6fd97f712b1dd882ae329c16f54673b32c22b976d64
r2g_blind_iid_1505,configs/blind_iid/r2g_blind_iid_1505.json,blind_iid,stalker_zealot_mirror_05,stalker_zealot_mirror,legacy_r2_1300,False,17,immediate,5.5512,OCTAGON,compact,horizontal,9,8,1025,900,1.1389,moderate_advantage,0.429293,"{""STALKER"": 5, ""ZEALOT"": 4}","{""STALKER"": 4, ""ZEALOT"": 4}",f1f7c5d1cfe4ea13289098b45f8fc5295e07681e2fa8a94f5a81834ffc982697
r2g_blind_iid_1506,configs/blind_iid/r2g_blind_iid_1506.json,blind_iid,stalker_colossus_vs_swarm_01,stalker_colossus_vs_swarm,legacy_r2_1300,False,15,near,8.6966,NARROW,split,narrow_same_side,2,10,425,350,1.2143,moderate_advantage,0.292208,"{""COLOSSUS"": 1, ""STALKER"": 1}","{""BANELING"": 4, ""ZERGLING"": 6}",c7f750313ad6aa1d8d2a8c6868ff15d5525b56bc291137dee42e7e2b83406b5a
r2g_blind_iid_1507,configs/blind_iid/r2g_blind_iid_1507.json,blind_iid,stalker_colossus_vs_swarm_01,stalker_colossus_vs_swarm,legacy_r2_1300,False,16,medium,12.6158,OCTAGON,staggered,diag_up,2,10,425,350,1.2143,moderate_advantage,0.292208,"{""COLOSSUS"": 1, ""STALKER"": 1}","{""BANELING"": 4, ""ZERGLING"": 6}",3df4ddfff5694e558a9817dda2bb462adab9d352559cc2b3c0c9746ec09e7491
r2g_blind_iid_1508,configs/blind_iid/r2g_blind_iid_1508.json,blind_iid,stalker_colossus_vs_swarm_01,stalker_colossus_vs_swarm,legacy_r2_1300,False,17,far,16.9474,SIMPLE,type_split,horizontal,2,10,425,350,1.2143,moderate_advantage,0.292208,"{""COLOSSUS"": 1, ""STALKER"": 1}","{""BANELING"": 4, ""ZERGLING"": 6}",bb055e5ac8379a1bbbcd81b759a15b1feb3575182c04642080f7b20720702113
r2g_blind_iid_1509,configs/blind_iid/r2g_blind_iid_1509.json,blind_iid,stalker_colossus_vs_swarm_02,stalker_colossus_vs_swarm,legacy_r2_1300,False,15,near,8.729,OCTAGON,compact,vertical,2,10,425,400,1.0625,balanced,0.568182,"{""COLOSSUS"": 1, ""STALKER"": 1}","{""BANELING"": 6, ""ZERGLING"": 4}",de13378fc57497556274a5c751bb8cf2dcd6f905b5025e57f6fbaa7424177cea
r2g_blind_iid_1510,configs/blind_iid/r2g_blind_iid_1510.json,blind_iid,stalker_colossus_vs_swarm_02,stalker_colossus_vs_swarm,legacy_r2_1300,False,16,medium,12.9872,NARROW,split,narrow_cross_gate,2,10,425,400,1.0625,balanced,0.568182,"{""COLOSSUS"": 1, ""STALKER"": 1}","{""BANELING"": 6, ""ZERGLING"": 4}",848eed0a3b57f0f9a0270f39e89616d26d7f9158921c151a8e8cbab87aa29dfb
r2g_blind_iid_1511,configs/blind_iid/r2g_blind_iid_1511.json,blind_iid,stalker_colossus_vs_swarm_02,stalker_colossus_vs_swarm,legacy_r2_1300,False,17,immediate,5.3118,OCTAGON,staggered,diag_down,2,10,425,400,1.0625,balanced,0.568182,"{""COLOSSUS"": 1, ""STALKER"": 1}","{""BANELING"": 6, ""ZERGLING"": 4}",18bd5801547dd154765a265d53f9ff0b4306be372ae958aebcfdafcf64323b34
r2g_blind_iid_1512,configs/blind_iid/r2g_blind_iid_1512.json,blind_iid,stalker_colossus_vs_swarm_03,stalker_colossus_vs_swarm,legacy_r2_1300,False,15,near,8.6436,SIMPLE,type_split,diag_up,3,10,550,450,1.2222,moderate_advantage,0.277778,"{""COLOSSUS"": 1, ""STALKER"": 2}","{""BANELING"": 8, ""ZERGLING"": 2}",99237f6e7acacc78fcfe90646715a0e658b23ca62d572e5f17984b2f824514c8
r2g_blind_iid_1513,configs/blind_iid/r2g_blind_iid_1513.json,blind_iid,stalker_colossus_vs_swarm_03,stalker_colossus_vs_swarm,legacy_r2_1300,False,16,far,16.8138,SIMPLE,compact,horizontal,3,10,550,450,1.2222,moderate_advantage,0.277778,"{""COLOSSUS"": 1, ""STALKER"": 2}","{""BANELING"": 8, ""ZERGLING"": 2}",4e714b3d2ce4fb37e2ae1601a5ce0a7da23d7a016f210758bdb507c656359364
r2g_blind_iid_1514,configs/blind_iid/r2g_blind_iid_1514.json,blind_iid,stalker_colossus_vs_swarm_03,stalker_colossus_vs_swarm,legacy_r2_1300,False,17,medium,12.8289,SIMPLE,split,diag_down,3,10,550,450,1.2222,moderate_advantage,0.277778,"{""COLOSSUS"": 1, ""STALKER"": 2}","{""BANELING"": 8, ""ZERGLING"": 2}",eef871766a7facf804cac274bd17df094c1c19b7c7da9da28d36e92c0e15d246
r2g_blind_iid_1515,configs/blind_iid/r2g_blind_iid_1515.json,blind_iid,stalker_colossus_vs_swarm_04,stalker_colossus_vs_swarm,legacy_r2_1300,False,15,immediate,5.2792,NARROW,staggered,narrow_same_side,3,10,725,500,1.45,strong_advantage,0.0,"{""COLOSSUS"": 2, ""STALKER"": 1}","{""BANELING"": 10}",62585ee2458b127e978747c5e8536b9261475526f14b0f9bdb18ac93e9861cef
r2g_blind_iid_1516,configs/blind_iid/r2g_blind_iid_1516.json,blind_iid,stalker_colossus_vs_swarm_04,stalker_colossus_vs_swarm,legacy_r2_1300,False,16,near,8.7577,NARROW,compact,narrow_same_side,3,10,725,500,1.45,strong_advantage,0.0,"{""COLOSSUS"": 2, ""STALKER"": 1}","{""BANELING"": 10}",dc05561ff8d9199047e43d847bce738d267955533c95f8866eefbb5ad818bb22
r2g_blind_iid_1517,configs/blind_iid/r2g_blind_iid_1517.json,blind_iid,stalker_colossus_vs_swarm_04,stalker_colossus_vs_swarm,legacy_r2_1300,False,17,immediate,5.5679,OCTAGON,compact,horizontal,3,10,725,500,1.45,strong_advantage,0.0,"{""COLOSSUS"": 2, ""STALKER"": 1}","{""BANELING"": 10}",82a6b3e741ac120bae15e053f44622fd129a335ff5c2d5153ac7dbb0f8d17600
r2g_blind_iid_1518,configs/blind_iid/r2g_blind_iid_1518.json,blind_iid,stalker_colossus_vs_swarm_05,stalker_colossus_vs_swarm,legacy_r2_1300,False,15,near,8.8631,NARROW,split,narrow_same_side,4,10,850,500,1.7,strong_advantage,0.0,"{""COLOSSUS"": 2, ""STALKER"": 2}","{""BANELING"": 10}",751ad30f891f0b4094eb79559dbad7d15bf3051b8f31de16606a58ed5aabeb54
r2g_blind_iid_1519,configs/blind_iid/r2g_blind_iid_1519.json,blind_iid,stalker_colossus_vs_swarm_05,stalker_colossus_vs_swarm,legacy_r2_1300,False,16,medium,12.8305,OCTAGON,staggered,diag_up,4,10,850,500,1.7,strong_advantage,0.0,"{""COLOSSUS"": 2, ""STALKER"": 2}","{""BANELING"": 10}",2056339175616ff7c498673a1a5975b3d3059fc83e6ba192ef4f25945949c194
r2g_blind_iid_1520,configs/blind_iid/r2g_blind_iid_1520.json,blind_iid,stalker_colossus_vs_swarm_05,stalker_colossus_vs_swarm,legacy_r2_1300,False,17,far,17.1634,SIMPLE,type_split,horizontal,4,10,850,500,1.7,strong_advantage,0.0,"{""COLOSSUS"": 2, ""STALKER"": 2}","{""BANELING"": 10}",1284b8985efb02bae3f2f09029d8a022ace5229b1463712ded0b42e14b9fd2d1
r2g_blind_iid_1521,configs/blind_iid/r2g_blind_iid_1521.json,blind_iid,stalker_vs_spine_01,stalker_vs_spine,legacy_r2_1300,False,15,near,8.7354,OCTAGON,compact,vertical,2,1,250,175,1.4286,strong_advantage,0.0,"{""STALKER"": 2}","{""SPINE_CRAWLER"": 1}",66313e33651a3ffc4665b640ef85627900b0522c190456aca38b943e330c587b
r2g_blind_iid_1522,configs/blind_iid/r2g_blind_iid_1522.json,blind_iid,stalker_vs_spine_01,stalker_vs_spine,legacy_r2_1300,False,16,medium,12.922,NARROW,split,narrow_cross_gate,2,1,250,175,1.4286,strong_advantage,0.0,"{""STALKER"": 2}","{""SPINE_CRAWLER"": 1}",6293b30a0634ee0a10c3886fee2527cd40e7637ab46dbfd02601cff1ba64430f
r2g_blind_iid_1523,configs/blind_iid/r2g_blind_iid_1523.json,blind_iid,stalker_vs_spine_01,stalker_vs_spine,legacy_r2_1300,False,17,immediate,5.519,OCTAGON,staggered,diag_down,2,1,250,175,1.4286,strong_advantage,0.0,"{""STALKER"": 2}","{""SPINE_CRAWLER"": 1}",e1a0aa6668c71ed04b2a864037c4e35c6478539bcf4f1ee0a60f3c3d3ad796e5
r2g_blind_iid_1524,configs/blind_iid/r2g_blind_iid_1524.json,blind_iid,stalker_vs_spine_02,stalker_vs_spine,legacy_r2_1300,False,15,near,8.8184,SIMPLE,type_split,diag_up,4,2,500,350,1.4286,strong_advantage,0.0,"{""STALKER"": 4}","{""SPINE_CRAWLER"": 2}",904d4ac672cead2f07a022282e42be302ab82620b0e038cfaed5dbaced4e03cb
r2g_blind_iid_1525,configs/blind_iid/r2g_blind_iid_1525.json,blind_iid,stalker_vs_spine_02,stalker_vs_spine,legacy_r2_1300,False,16,far,17.0635,SIMPLE,compact,horizontal,4,2,500,350,1.4286,strong_advantage,0.0,"{""STALKER"": 4}","{""SPINE_CRAWLER"": 2}",7f999411467012b6c48461e57c2d2fa4ead846aa35211a8fb5955652092a1ead
r2g_blind_iid_1526,configs/blind_iid/r2g_blind_iid_1526.json,blind_iid,stalker_vs_spine_02,stalker_vs_spine,legacy_r2_1300,False,17,medium,12.7643,SIMPLE,split,diag_down,4,2,500,350,1.4286,strong_advantage,0.0,"{""STALKER"": 4}","{""SPINE_CRAWLER"": 2}",dc04c569743b1595daaf056e638ac667f5b1e3cc2b31d44625c5c8aed6142124
r2g_blind_iid_1527,configs/blind_iid/r2g_blind_iid_1527.json,blind_iid,stalker_vs_spine_03,stalker_vs_spine,legacy_r2_1300,False,15,immediate,5.26,NARROW,staggered,narrow_same_side,5,3,625,525,1.1905,moderate_advantage,0.335498,"{""STALKER"": 5}","{""SPINE_CRAWLER"": 3}",509ca946c789c14f5d9ae855e9a7f537434f4816c9d3cb5b698f19dd5a2a354a
r2g_blind_iid_1528,configs/blind_iid/r2g_blind_iid_1528.json,blind_iid,stalker_vs_spine_03,stalker_vs_spine,legacy_r2_1300,False,16,near,8.9583,NARROW,compact,narrow_same_side,5,3,625,525,1.1905,moderate_advantage,0.335498,"{""STALKER"": 5}","{""SPINE_CRAWLER"": 3}",e6fd30d110350d4eb948594d749a8748edb37bedf10cbc07aa7142bccffb9ce7
r2g_blind_iid_1529,configs/blind_iid/r2g_blind_iid_1529.json,blind_iid,stalker_vs_spine_03,stalker_vs_spine,legacy_r2_1300,False,17,immediate,5.402,OCTAGON,compact,horizontal,5,3,625,525,1.1905,moderate_advantage,0.335498,"{""STALKER"": 5}","{""SPINE_CRAWLER"": 3}",4198cee012e8cc54eda32e85605bf7e8882dd0e83822fa7fb84f2acb48958d05
r2g_blind_iid_1530,configs/blind_iid/r2g_blind_iid_1530.json,blind_iid,stalker_vs_spine_04,stalker_vs_spine,legacy_r2_1300,False,15,near,8.9993,NARROW,split,narrow_same_side,7,4,875,700,1.25,moderate_advantage,0.227273,"{""STALKER"": 7}","{""SPINE_CRAWLER"": 4}",f01e0e17eb831b4e5fd8d9c82b0468826ea58c3bca93efa7da698d8c68aba45b
r2g_blind_iid_1531,configs/blind_iid/r2g_blind_iid_1531.json,blind_iid,stalker_vs_spine_04,stalker_vs_spine,legacy_r2_1300,False,16,medium,12.8177,OCTAGON,staggered,diag_up,7,4,875,700,1.25,moderate_advantage,0.227273,"{""STALKER"": 7}","{""SPINE_CRAWLER"": 4}",d8ec364946245e4412d47dd0ceed82be0c5210f28d60942ac2e86f3c1f69af00
r2g_blind_iid_1532,configs/blind_iid/r2g_blind_iid_1532.json,blind_iid,stalker_vs_spine_04,stalker_vs_spine,legacy_r2_1300,False,17,far,17.1367,SIMPLE,type_split,horizontal,7,4,875,700,1.25,moderate_advantage,0.227273,"{""STALKER"": 7}","{""SPINE_CRAWLER"": 4}",a650f739d842719bd773c995384fd813ad793fc84fb9feb4d54213e1b985c22d
r2g_blind_iid_1533,configs/blind_iid/r2g_blind_iid_1533.json,blind_iid,stalker_vs_spine_05,stalker_vs_spine,legacy_r2_1300,False,15,near,8.6626,OCTAGON,compact,vertical,9,5,1125,875,1.2857,moderate_advantage,0.162338,"{""STALKER"": 9}","{""SPINE_CRAWLER"": 5}",1d4b0692f6495b99d9735e22ff12a032232c5466472f16e22daca78d35fd7302
r2g_blind_iid_1534,configs/blind_iid/r2g_blind_iid_1534.json,blind_iid,stalker_vs_spine_05,stalker_vs_spine,legacy_r2_1300,False,16,medium,12.894,NARROW,split,narrow_cross_gate,9,5,1125,875,1.2857,moderate_advantage,0.162338,"{""STALKER"": 9}","{""SPINE_CRAWLER"": 5}",5f589e4ef55d04a4ef3f876685a84633c9442c964f000e0f6c45170499dc2ecb
r2g_blind_iid_1535,configs/blind_iid/r2g_blind_iid_1535.json,blind_iid,stalker_vs_spine_05,stalker_vs_spine,legacy_r2_1300,False,17,immediate,5.4664,OCTAGON,staggered,diag_down,9,5,1125,875,1.2857,moderate_advantage,0.162338,"{""STALKER"": 9}","{""SPINE_CRAWLER"": 5}",2a9b34a2cd4503fc46f445eb01f1337be9e0f679caab98b6be663062c2138dde
r2g_blind_iid_1536,configs/blind_iid/r2g_blind_iid_1536.json,blind_iid,zealot_colossus_vs_terran_01,zealot_colossus_vs_terran,legacy_r2_1300,False,15,near,8.9967,SIMPLE,type_split,diag_up,3,4,500,300,1.6667,strong_advantage,0.0,"{""COLOSSUS"": 1, ""ZEALOT"": 2}","{""MARAUDER"": 2, ""MARINE"": 2}",8dee7d63d90ea62bb8c62f40b4ebb725090fd4225e91156725b6ce7f5f48ba85
r2g_blind_iid_1537,configs/blind_iid/r2g_blind_iid_1537.json,blind_iid,zealot_colossus_vs_terran_01,zealot_colossus_vs_terran,legacy_r2_1300,False,16,far,16.8571,SIMPLE,compact,horizontal,3,4,500,300,1.6667,strong_advantage,0.0,"{""COLOSSUS"": 1, ""ZEALOT"": 2}","{""MARAUDER"": 2, ""MARINE"": 2}",c1f524ad4a7115df44922f628a8526553b07b89a5f7de6033c38a474ab1ebc7c
r2g_blind_iid_1538,configs/blind_iid/r2g_blind_iid_1538.json,blind_iid,zealot_colossus_vs_terran_01,zealot_colossus_vs_terran,legacy_r2_1300,False,17,medium,12.7031,SIMPLE,split,diag_down,3,4,500,300,1.6667,strong_advantage,0.0,"{""COLOSSUS"": 1, ""ZEALOT"": 2}","{""MARAUDER"": 2, ""MARINE"": 2}",59191c39e3c608c9dccee4e2c9a3b4fd0072a959e3c9312c7d75fe00ee80c8d4
r2g_blind_iid_1539,configs/blind_iid/r2g_blind_iid_1539.json,blind_iid,zealot_colossus_vs_terran_02,zealot_colossus_vs_terran,legacy_r2_1300,False,15,immediate,5.548,NARROW,staggered,narrow_same_side,3,5,500,350,1.4286,strong_advantage,0.0,"{""COLOSSUS"": 1, ""ZEALOT"": 2}","{""MARAUDER"": 2, ""MARINE"": 3}",b9d0016fb40fd573f104f6544c7b284121a48e48d54b494a8f99cc6ea86ecfd5
r2g_blind_iid_1540,configs/blind_iid/r2g_blind_iid_1540.json,blind_iid,zealot_colossus_vs_terran_02,zealot_colossus_vs_terran,legacy_r2_1300,False,16,near,8.8788,NARROW,compact,narrow_same_side,3,5,500,350,1.4286,strong_advantage,0.0,"{""COLOSSUS"": 1, ""ZEALOT"": 2}","{""MARAUDER"": 2, ""MARINE"": 3}",9f560008ad9752e9c5478a75a0e870b65eff47c9b5c05ee024b7659b25b833ad
r2g_blind_iid_1541,configs/blind_iid/r2g_blind_iid_1541.json,blind_iid,zealot_colossus_vs_terran_02,zealot_colossus_vs_terran,legacy_r2_1300,False,17,immediate,5.3069,OCTAGON,compact,horizontal,3,5,500,350,1.4286,strong_advantage,0.0,"{""COLOSSUS"": 1, ""ZEALOT"": 2}","{""MARAUDER"": 2, ""MARINE"": 3}",998e6673fdd8f4c8b475013f463736ce91795e19aa0df9fd7d7df57125e0ce54
r2g_blind_iid_1542,configs/blind_iid/r2g_blind_iid_1542.json,blind_iid,zealot_colossus_vs_terran_03,zealot_colossus_vs_terran,legacy_r2_1300,False,15,near,8.6235,NARROW,split,narrow_same_side,4,6,600,400,1.5,strong_advantage,0.0,"{""COLOSSUS"": 1, ""ZEALOT"": 3}","{""MARAUDER"": 2, ""MARINE"": 4}",0ca32c5d702741aed4100739e60b387b20dd037cd8a87b9b6c331c73323dd14e
r2g_blind_iid_1543,configs/blind_iid/r2g_blind_iid_1543.json,blind_iid,zealot_colossus_vs_terran_03,zealot_colossus_vs_terran,legacy_r2_1300,False,16,medium,12.6501,OCTAGON,staggered,diag_up,4,6,600,400,1.5,strong_advantage,0.0,"{""COLOSSUS"": 1, ""ZEALOT"": 3}","{""MARAUDER"": 2, ""MARINE"": 4}",1b112cb7518ebd50886ff6a5b9514ffa917f3b83b2f8b2946bd913287b5b5b53
r2g_blind_iid_1544,configs/blind_iid/r2g_blind_iid_1544.json,blind_iid,zealot_colossus_vs_terran_03,zealot_colossus_vs_terran,legacy_r2_1300,False,17,far,16.8955,SIMPLE,type_split,horizontal,4,6,600,400,1.5,strong_advantage,0.0,"{""COLOSSUS"": 1, ""ZEALOT"": 3}","{""MARAUDER"": 2, ""MARINE"": 4}",060c59f78806e4c919329410b0c5cd7a1a6a140873b9a2192d23f778a9dd83f2
r2g_blind_iid_1545,configs/blind_iid/r2g_blind_iid_1545.json,blind_iid,zealot_colossus_vs_terran_04,zealot_colossus_vs_terran,legacy_r2_1300,False,15,near,8.7317,OCTAGON,compact,vertical,5,8,900,550,1.6364,strong_advantage,0.0,"{""COLOSSUS"": 2, ""ZEALOT"": 3}","{""MARAUDER"": 3, ""MARINE"": 5}",564188c2c7f7bf7e819a4bef7c6050e246bde8765fcfe2f5c09e86e188f6aab5
r2g_blind_iid_1546,configs/blind_iid/r2g_blind_iid_1546.json,blind_iid,zealot_colossus_vs_terran_04,zealot_colossus_vs_terran,legacy_r2_1300,False,16,medium,12.7876,NARROW,split,narrow_cross_gate,5,8,900,550,1.6364,strong_advantage,0.0,"{""COLOSSUS"": 2, ""ZEALOT"": 3}","{""MARAUDER"": 3, ""MARINE"": 5}",b89e9e7ae1929a8cbdd198611ef87c41301abf298854f3d88e85b2de017ab5d3
r2g_blind_iid_1547,configs/blind_iid/r2g_blind_iid_1547.json,blind_iid,zealot_colossus_vs_terran_04,zealot_colossus_vs_terran,legacy_r2_1300,False,17,immediate,5.401,OCTAGON,staggered,diag_down,5,8,900,550,1.6364,strong_advantage,0.0,"{""COLOSSUS"": 2, ""ZEALOT"": 3}","{""MARAUDER"": 3, ""MARINE"": 5}",e9e6f3434c6d9160a5f3f564cc3a865a3ec2b531d475066ecc3dd0bc5d04ce0d
r2g_blind_iid_1548,configs/blind_iid/r2g_blind_iid_1548.json,blind_iid,zealot_colossus_vs_terran_05,zealot_colossus_vs_terran,legacy_r2_1300,False,15,near,8.6784,SIMPLE,type_split,diag_up,6,9,1000,650,1.5385,strong_advantage,0.0,"{""COLOSSUS"": 2, ""ZEALOT"": 4}","{""MARAUDER"": 4, ""MARINE"": 5}",8c554a77390c8ef77dd7be69159911d2e77d67a6eaae157db74f17642daff4c7
r2g_blind_iid_1549,configs/blind_iid/r2g_blind_iid_1549.json,blind_iid,zealot_colossus_vs_terran_05,zealot_colossus_vs_terran,legacy_r2_1300,False,16,far,16.9325,SIMPLE,compact,horizontal,6,9,1000,650,1.5385,strong_advantage,0.0,"{""COLOSSUS"": 2, ""ZEALOT"": 4}","{""MARAUDER"": 4, ""MARINE"": 5}",f95e75774c770e2a41719110394e2374ce47e5202d2a434b7c8ec8334cbf441f
r2g_blind_iid_1550,configs/blind_iid/r2g_blind_iid_1550.json,blind_iid,zealot_colossus_vs_terran_05,zealot_colossus_vs_terran,legacy_r2_1300,False,17,medium,12.7056,SIMPLE,split,diag_down,6,9,1000,650,1.5385,strong_advantage,0.0,"{""COLOSSUS"": 2, ""ZEALOT"": 4}","{""MARAUDER"": 4, ""MARINE"": 5}",2eed5d460b60404f68ae49989b32d2979fa31542e9ad45d2711932ddc0cad7eb
r2g_blind_iid_1551,configs/blind_iid/r2g_blind_iid_1551.json,blind_iid,gen_marauder_mirror_01,marauder_mirror,general_v2,False,15,immediate,5.5152,NARROW,staggered,narrow_same_side,2,2,200,200,1.0,balanced,0.681818,"{""MARAUDER"": 2}","{""MARAUDER"": 2}",5ee1550c54a44b0951de1952e5a0c9ba3486f5387a5eadb05de4ee394ac14838
r2g_blind_iid_1552,configs/blind_iid/r2g_blind_iid_1552.json,blind_iid,gen_marauder_mirror_01,marauder_mirror,general_v2,False,16,near,8.8101,NARROW,compact,narrow_same_side,2,2,200,200,1.0,balanced,0.681818,"{""MARAUDER"": 2}","{""MARAUDER"": 2}",47c1c3ceeedf09b7c75c22db8f24a5203e13388b370b4c4f259b369a650b181f
r2g_blind_iid_1553,configs/blind_iid/r2g_blind_iid_1553.json,blind_iid,gen_marauder_mirror_01,marauder_mirror,general_v2,False,17,immediate,5.5692,OCTAGON,compact,horizontal,2,2,200,200,1.0,balanced,0.681818,"{""MARAUDER"": 2}","{""MARAUDER"": 2}",12a6592a139ddeb403c4fa2db304809c5f9b80d043a0164e5fa871467c2fef75
r2g_blind_iid_1554,configs/blind_iid/r2g_blind_iid_1554.json,blind_iid,gen_marauder_mirror_02,marauder_mirror,general_v2,False,15,near,8.6811,NARROW,split,narrow_same_side,4,4,400,400,1.0,balanced,0.681818,"{""MARAUDER"": 4}","{""MARAUDER"": 4}",54d2e586081aab836f0e04c6fbdded345ca34a1ba9cc42d172d4055824ffe4fc
r2g_blind_iid_1555,configs/blind_iid/r2g_blind_iid_1555.json,blind_iid,gen_marauder_mirror_02,marauder_mirror,general_v2,False,16,medium,12.6334,OCTAGON,staggered,diag_up,4,4,400,400,1.0,balanced,0.681818,"{""MARAUDER"": 4}","{""MARAUDER"": 4}",1c0295e0bb2894140b56a62bdaae0304d2ff940f2b96a5a2caf6f0b151bef43d
r2g_blind_iid_1556,configs/blind_iid/r2g_blind_iid_1556.json,blind_iid,gen_marauder_mirror_02,marauder_mirror,general_v2,False,17,far,16.9565,SIMPLE,type_split,horizontal,4,4,400,400,1.0,balanced,0.681818,"{""MARAUDER"": 4}","{""MARAUDER"": 4}",a29b381d12c92cccb838fe5a3472dcc5b07050cfd2ac6ea7b9f577a4b4d78784
r2g_blind_iid_1557,configs/blind_iid/r2g_blind_iid_1557.json,blind_iid,gen_marauder_mirror_03,marauder_mirror,general_v2,False,15,near,8.7441,OCTAGON,compact,vertical,7,6,700,600,1.1667,moderate_advantage,0.378788,"{""MARAUDER"": 7}","{""MARAUDER"": 6}",96c691029210904384d4c6fcea6519ef5c152def8600f3781bc0c899c1166453
r2g_blind_iid_1558,configs/blind_iid/r2g_blind_iid_1558.json,blind_iid,gen_marauder_mirror_03,marauder_mirror,general_v2,False,16,medium,12.935,NARROW,split,narrow_cross_gate,7,6,700,600,1.1667,moderate_advantage,0.378788,"{""MARAUDER"": 7}","{""MARAUDER"": 6}",4437daf9227cceb0d8179e15221f7ac543c6ca06542870a17a87b68d431f6379
r2g_blind_iid_1559,configs/blind_iid/r2g_blind_iid_1559.json,blind_iid,gen_marauder_mirror_03,marauder_mirror,general_v2,False,17,immediate,5.5385,OCTAGON,staggered,diag_down,7,6,700,600,1.1667,moderate_advantage,0.378788,"{""MARAUDER"": 7}","{""MARAUDER"": 6}",f1bf8903912054529cdf648857c72d1c74ba940e43e85cc1bd156e15e47ce1b8
r2g_blind_iid_1560,configs/blind_iid/r2g_blind_iid_1560.json,blind_iid,gen_marauder_mirror_04,marauder_mirror,general_v2,False,15,near,8.9746,SIMPLE,type_split,diag_up,9,7,900,700,1.2857,moderate_advantage,0.162338,"{""MARAUDER"": 9}","{""MARAUDER"": 7}",f634e388cb6f6203057f3e330a162b77cfce6377b36b52d4e6b9973f2c6e5e99
r2g_blind_iid_1561,configs/blind_iid/r2g_blind_iid_1561.json,blind_iid,gen_marauder_mirror_04,marauder_mirror,general_v2,False,16,far,17.187,SIMPLE,compact,horizontal,9,7,900,700,1.2857,moderate_advantage,0.162338,"{""MARAUDER"": 9}","{""MARAUDER"": 7}",d038a340fb220ff6f32efb67b15992e1c66836152dee52d730c36064700b1f24
r2g_blind_iid_1562,configs/blind_iid/r2g_blind_iid_1562.json,blind_iid,gen_marauder_mirror_04,marauder_mirror,general_v2,False,17,medium,12.778,SIMPLE,split,diag_down,9,7,900,700,1.2857,moderate_advantage,0.162338,"{""MARAUDER"": 9}","{""MARAUDER"": 7}",22050115d90ae2b0c3a76959b64aca1ab2c2efa8f4f2d75df40ee9ce6db91e7a
r2g_blind_iid_1563,configs/blind_iid/r2g_blind_iid_1563.json,blind_iid,gen_marauder_mirror_05,marauder_mirror,general_v2,False,15,immediate,5.3822,NARROW,staggered,narrow_same_side,9,6,900,600,1.5,strong_advantage,0.0,"{""MARAUDER"": 9}","{""MARAUDER"": 6}",9391e314515224b5f9b4be1442ac12b0e4dbd4374d699715e087ffe4a742d008
r2g_blind_iid_1564,configs/blind_iid/r2g_blind_iid_1564.json,blind_iid,gen_marauder_mirror_05,marauder_mirror,general_v2,False,16,near,8.7331,NARROW,compact,narrow_same_side,9,6,900,600,1.5,strong_advantage,0.0,"{""MARAUDER"": 9}","{""MARAUDER"": 6}",73523031ec89d9cdbaa7a979b98d199df4cb641cbbfc1fd35c7c968adf82dc5b
r2g_blind_iid_1565,configs/blind_iid/r2g_blind_iid_1565.json,blind_iid,gen_marauder_mirror_05,marauder_mirror,general_v2,False,17,immediate,5.5247,OCTAGON,compact,horizontal,9,6,900,600,1.5,strong_advantage,0.0,"{""MARAUDER"": 9}","{""MARAUDER"": 6}",b492e9886b62586733f133bf81f7cb0663515a748b23a5ead06dde00db1ed220
r2g_blind_iid_1566,configs/blind_iid/r2g_blind_iid_1566.json,blind_iid,gen_zealot_mirror_01,zealot_mirror,general_v2,False,15,near,8.6531,NARROW,split,narrow_same_side,2,2,200,200,1.0,balanced,0.681818,"{""ZEALOT"": 2}","{""ZEALOT"": 2}",d7dea41fd47463a218ca63748259ec284014128e8aa310b0cf33610e2c46632c
r2g_blind_iid_1567,configs/blind_iid/r2g_blind_iid_1567.json,blind_iid,gen_zealot_mirror_01,zealot_mirror,general_v2,False,16,medium,12.8571,OCTAGON,staggered,diag_up,2,2,200,200,1.0,balanced,0.681818,"{""ZEALOT"": 2}","{""ZEALOT"": 2}",503ce89b586be2c3f0eada674c4f1cb6d2cc974dd0cfc306415bd158769f6c4c
r2g_blind_iid_1568,configs/blind_iid/r2g_blind_iid_1568.json,blind_iid,gen_zealot_mirror_01,zealot_mirror,general_v2,False,17,far,16.8561,SIMPLE,type_split,horizontal,2,2,200,200,1.0,balanced,0.681818,"{""ZEALOT"": 2}","{""ZEALOT"": 2}",fae14a8ef587bf566fd79bae453f4487a5f95ab38b7c7abfbaa60d2c2f716f55
r2g_blind_iid_1569,configs/blind_iid/r2g_blind_iid_1569.json,blind_iid,gen_zealot_mirror_02,zealot_mirror,general_v2,False,15,near,8.8661,OCTAGON,compact,vertical,4,4,400,400,1.0,balanced,0.681818,"{""ZEALOT"": 4}","{""ZEALOT"": 4}",74299535981845ab3680afa6d439ca65e978efd3da97226c168b36e102600073
r2g_blind_iid_1570,configs/blind_iid/r2g_blind_iid_1570.json,blind_iid,gen_zealot_mirror_02,zealot_mirror,general_v2,False,16,medium,12.6161,NARROW,split,narrow_cross_gate,4,4,400,400,1.0,balanced,0.681818,"{""ZEALOT"": 4}","{""ZEALOT"": 4}",10372bbb789c33e28071110e8f17dd4a63f9f9265e1d079a72ca48e94da55f2a
r2g_blind_iid_1571,configs/blind_iid/r2g_blind_iid_1571.json,blind_iid,gen_zealot_mirror_02,zealot_mirror,general_v2,False,17,immediate,5.2373,OCTAGON,staggered,diag_down,4,4,400,400,1.0,balanced,0.681818,"{""ZEALOT"": 4}","{""ZEALOT"": 4}",ab7b9feea9f256a19d4b5d39b840210e09ff60e5d0c2db4010e3ce5f8924890d
r2g_blind_iid_1572,configs/blind_iid/r2g_blind_iid_1572.json,blind_iid,gen_zealot_mirror_03,zealot_mirror,general_v2,False,15,near,8.7373,SIMPLE,type_split,diag_up,7,6,700,600,1.1667,moderate_advantage,0.378788,"{""ZEALOT"": 7}","{""ZEALOT"": 6}",bc74135c4ae3a7311279cdff8102c10bfc57d17684e14792ad68239fccc8651a
r2g_blind_iid_1573,configs/blind_iid/r2g_blind_iid_1573.json,blind_iid,gen_zealot_mirror_03,zealot_mirror,general_v2,False,16,far,17.1093,SIMPLE,compact,horizontal,7,6,700,600,1.1667,moderate_advantage,0.378788,"{""ZEALOT"": 7}","{""ZEALOT"": 6}",b576d1c4fc1e158040fc39e3701352170a6cc5b103c7a50b5b109f6ab6dc364b
r2g_blind_iid_1574,configs/blind_iid/r2g_blind_iid_1574.json,blind_iid,gen_zealot_mirror_03,zealot_mirror,general_v2,False,17,medium,12.9231,SIMPLE,split,diag_down,7,6,700,600,1.1667,moderate_advantage,0.378788,"{""ZEALOT"": 7}","{""ZEALOT"": 6}",1c714e4356a554387c87fadf9a39c9b20fe5dce88e6dbcb2d54f02e4177ab156
r2g_blind_iid_1575,configs/blind_iid/r2g_blind_iid_1575.json,blind_iid,gen_zealot_mirror_04,zealot_mirror,general_v2,False,15,immediate,5.4862,NARROW,staggered,narrow_same_side,9,7,900,700,1.2857,moderate_advantage,0.162338,"{""ZEALOT"": 9}","{""ZEALOT"": 7}",c493b2d7527e70dc65ef752d301eae378b993dc4c61a1d9a6ffaad084a7e7e8f
r2g_blind_iid_1576,configs/blind_iid/r2g_blind_iid_1576.json,blind_iid,gen_zealot_mirror_04,zealot_mirror,general_v2,False,16,near,8.6426,NARROW,compact,narrow_same_side,9,7,900,700,1.2857,moderate_advantage,0.162338,"{""ZEALOT"": 9}","{""ZEALOT"": 7}",63cd57a6819997ea9f90b6df6414320034c2e537ca3a71a26af76ab518840424
r2g_blind_iid_1577,configs/blind_iid/r2g_blind_iid_1577.json,blind_iid,gen_zealot_mirror_04,zealot_mirror,general_v2,False,17,immediate,5.416,OCTAGON,compact,horizontal,9,7,900,700,1.2857,moderate_advantage,0.162338,"{""ZEALOT"": 9}","{""ZEALOT"": 7}",f9da7ff46ef57a26cea571a4be182b2d5c50014de989f9ffc42562d6b7299cf4
r2g_blind_iid_1578,configs/blind_iid/r2g_blind_iid_1578.json,blind_iid,gen_zealot_mirror_05,zealot_mirror,general_v2,False,15,near,8.9541,NARROW,split,narrow_same_side,9,6,900,600,1.5,strong_advantage,0.0,"{""ZEALOT"": 9}","{""ZEALOT"": 6}",02a760061e604f61a421047442b917533091e7ab4ad66907b134af6e432fbf7f
r2g_blind_iid_1579,configs/blind_iid/r2g_blind_iid_1579.json,blind_iid,gen_zealot_mirror_05,zealot_mirror,general_v2,False,16,medium,12.9272,OCTAGON,staggered,diag_up,9,6,900,600,1.5,strong_advantage,0.0,"{""ZEALOT"": 9}","{""ZEALOT"": 6}",4055b306c68f4af44e20ab6f0951dbad12e15827f2690b87f9fc0965959c79ba
r2g_blind_iid_1580,configs/blind_iid/r2g_blind_iid_1580.json,blind_iid,gen_zealot_mirror_05,zealot_mirror,general_v2,False,17,far,17.1467,SIMPLE,type_split,horizontal,9,6,900,600,1.5,strong_advantage,0.0,"{""ZEALOT"": 9}","{""ZEALOT"": 6}",14159a0288fbeb35b86a1168ba3ab4543662a207ef60270b9b6d9103db1b769d
r2g_blind_iid_1581,configs/blind_iid/r2g_blind_iid_1581.json,blind_iid,gen_zergling_mirror_01,zergling_mirror,general_v2,False,15,near,8.9296,OCTAGON,compact,vertical,3,3,75,75,1.0,balanced,0.681818,"{""ZERGLING"": 3}","{""ZERGLING"": 3}",a8a60809f12bb9f128910c41d1137ca16c3956de439003cb679ee7d07d9468d5
r2g_blind_iid_1582,configs/blind_iid/r2g_blind_iid_1582.json,blind_iid,gen_zergling_mirror_01,zergling_mirror,general_v2,False,16,medium,12.7102,NARROW,split,narrow_cross_gate,3,3,75,75,1.0,balanced,0.681818,"{""ZERGLING"": 3}","{""ZERGLING"": 3}",a8697a573dad8a00bcd20fdfb4385bbce6d10bf1a15a150315afac472ac78590
r2g_blind_iid_1583,configs/blind_iid/r2g_blind_iid_1583.json,blind_iid,gen_zergling_mirror_01,zergling_mirror,general_v2,False,17,immediate,5.339,OCTAGON,staggered,diag_down,3,3,75,75,1.0,balanced,0.681818,"{""ZERGLING"": 3}","{""ZERGLING"": 3}",c3ca384cf2d3d94da613b884d4e8511b625221ead84adfdb4463a3f3d4207109
r2g_blind_iid_1584,configs/blind_iid/r2g_blind_iid_1584.json,blind_iid,gen_zergling_mirror_02,zergling_mirror,general_v2,False,15,near,8.8182,SIMPLE,type_split,diag_up,5,5,125,125,1.0,balanced,0.681818,"{""ZERGLING"": 5}","{""ZERGLING"": 5}",c278cc02dae5d3d9918c35dd813633b03f45872a3413a64acde8d82cf1a3ccc9
r2g_blind_iid_1585,configs/blind_iid/r2g_blind_iid_1585.json,blind_iid,gen_zergling_mirror_02,zergling_mirror,general_v2,False,16,far,16.8155,SIMPLE,compact,horizontal,5,5,125,125,1.0,balanced,0.681818,"{""ZERGLING"": 5}","{""ZERGLING"": 5}",4b2f68781710a355b0459af07255959d6674c78912cb1f7fbb2dbd3c742e1c6b
r2g_blind_iid_1586,configs/blind_iid/r2g_blind_iid_1586.json,blind_iid,gen_zergling_mirror_02,zergling_mirror,general_v2,False,17,medium,12.9505,SIMPLE,split,diag_down,5,5,125,125,1.0,balanced,0.681818,"{""ZERGLING"": 5}","{""ZERGLING"": 5}",7434ec5dd97eead5f4a3ee2dd11c7c9508b61685044db22dcf61b0360a5813d1
r2g_blind_iid_1587,configs/blind_iid/r2g_blind_iid_1587.json,blind_iid,gen_zergling_mirror_03,zergling_mirror,general_v2,False,15,immediate,5.4312,NARROW,staggered,narrow_same_side,7,6,175,150,1.1667,moderate_advantage,0.378788,"{""ZERGLING"": 7}","{""ZERGLING"": 6}",736df8c1dc876fffec0ecc0a0ef899e611603359966d6d7122177c48b4ed1462
r2g_blind_iid_1588,configs/blind_iid/r2g_blind_iid_1588.json,blind_iid,gen_zergling_mirror_03,zergling_mirror,general_v2,False,16,near,8.6816,NARROW,compact,narrow_same_side,7,6,175,150,1.1667,moderate_advantage,0.378788,"{""ZERGLING"": 7}","{""ZERGLING"": 6}",a352b0652221f0f0c812f8f8258bd44398cf02195af6d62ec66a7478662add77
r2g_blind_iid_1589,configs/blind_iid/r2g_blind_iid_1589.json,blind_iid,gen_zergling_mirror_03,zergling_mirror,general_v2,False,17,immediate,5.4968,OCTAGON,compact,horizontal,7,6,175,150,1.1667,moderate_advantage,0.378788,"{""ZERGLING"": 7}","{""ZERGLING"": 6}",bbe6e95285b7ad49cb0837b8707193658ffadf5731ccd8cbecf5f415533524c3
r2g_blind_iid_1590,configs/blind_iid/r2g_blind_iid_1590.json,blind_iid,gen_zergling_mirror_04,zergling_mirror,general_v2,False,15,near,8.8511,NARROW,split,narrow_same_side,9,7,225,175,1.2857,moderate_advantage,0.162338,"{""ZERGLING"": 9}","{""ZERGLING"": 7}",6ecb61fa6768bb9f97a92416ca98fe0e480152fb70c56f18d505ad51621a3c2f
r2g_blind_iid_1591,configs/blind_iid/r2g_blind_iid_1591.json,blind_iid,gen_zergling_mirror_04,zergling_mirror,general_v2,False,16,medium,12.8054,OCTAGON,staggered,diag_up,9,7,225,175,1.2857,moderate_advantage,0.162338,"{""ZERGLING"": 9}","{""ZERGLING"": 7}",9063ad7fee4b223b7f0c35d777159ad0e5f9e22389fe1aeb70f0d800bec146ff
r2g_blind_iid_1592,configs/blind_iid/r2g_blind_iid_1592.json,blind_iid,gen_zergling_mirror_04,zergling_mirror,general_v2,False,17,far,16.9634,SIMPLE,type_split,horizontal,9,7,225,175,1.2857,moderate_advantage,0.162338,"{""ZERGLING"": 9}","{""ZERGLING"": 7}",b3b22170629ab0694f85d1dcf636624f762bb7345862228d612b2a84da079895
r2g_blind_iid_1593,configs/blind_iid/r2g_blind_iid_1593.json,blind_iid,gen_zergling_mirror_05,zergling_mirror,general_v2,False,15,near,8.9426,OCTAGON,compact,vertical,9,6,225,150,1.5,strong_advantage,0.0,"{""ZERGLING"": 9}","{""ZERGLING"": 6}",ae78424a90aec72f12bfea7c67362209dcc5c9fd45d589ceb01f60ac8f644528
r2g_blind_iid_1594,configs/blind_iid/r2g_blind_iid_1594.json,blind_iid,gen_zergling_mirror_05,zergling_mirror,general_v2,False,16,medium,12.8944,NARROW,split,narrow_cross_gate,9,6,225,150,1.5,strong_advantage,0.0,"{""ZERGLING"": 9}","{""ZERGLING"": 6}",acfbbc05e12d4cc2a0735cbc2ca6687a64dbeb38b37459f24e925c829f97eaf3
r2g_blind_iid_1595,configs/blind_iid/r2g_blind_iid_1595.json,blind_iid,gen_zergling_mirror_05,zergling_mirror,general_v2,False,17,immediate,5.4621,OCTAGON,staggered,diag_down,9,6,225,150,1.5,strong_advantage,0.0,"{""ZERGLING"": 9}","{""ZERGLING"": 6}",519e40d043799ca9541209f01095c6f017f78a9122929c25ea8e6465cb5478c2
r2g_blind_iid_1596,configs/blind_iid/r2g_blind_iid_1596.json,blind_iid,gen_marine_vs_zergling_01,marine_vs_zergling,general_v2,False,15,near,8.7128,SIMPLE,type_split,diag_up,2,4,100,100,1.0,balanced,0.681818,"{""MARINE"": 2}","{""ZERGLING"": 4}",93beb0f58187b94069c6148e084c0a7f5730b15d1eb4a8e528eaa63797b7d8ce
r2g_blind_iid_1597,configs/blind_iid/r2g_blind_iid_1597.json,blind_iid,gen_marine_vs_zergling_01,marine_vs_zergling,general_v2,False,16,far,16.8832,SIMPLE,compact,horizontal,2,4,100,100,1.0,balanced,0.681818,"{""MARINE"": 2}","{""ZERGLING"": 4}",9083ac42fdc2757efa53139c207fb8c506796ba3ffa8ba0a1212ac6195ad24e8
r2g_blind_iid_1598,configs/blind_iid/r2g_blind_iid_1598.json,blind_iid,gen_marine_vs_zergling_01,marine_vs_zergling,general_v2,False,17,medium,12.7448,SIMPLE,split,diag_down,2,4,100,100,1.0,balanced,0.681818,"{""MARINE"": 2}","{""ZERGLING"": 4}",0c8e371efff5b3743bc3e98b0015264847899a4de56cef6ac0da76eed0bf6786
r2g_blind_iid_1599,configs/blind_iid/r2g_blind_iid_1599.json,blind_iid,gen_marine_vs_zergling_02,marine_vs_zergling,general_v2,False,15,immediate,5.4361,NARROW,staggered,narrow_same_side,3,6,150,150,1.0,balanced,0.681818,"{""MARINE"": 3}","{""ZERGLING"": 6}",83a43e3393cfb07751ad20249b24be46bae50fbd5c8fdd076915cf4f1e85cedf
r2g_blind_iid_1600,configs/blind_iid/r2g_blind_iid_1600.json,blind_iid,gen_marine_vs_zergling_02,marine_vs_zergling,general_v2,False,16,near,8.758,NARROW,compact,narrow_same_side,3,6,150,150,1.0,balanced,0.681818,"{""MARINE"": 3}","{""ZERGLING"": 6}",22fed5a84d30e1484ac2af004a963feab6a737dd10c40926935536d20a597f02
r2g_blind_iid_1601,configs/blind_iid/r2g_blind_iid_1601.json,blind_iid,gen_marine_vs_zergling_02,marine_vs_zergling,general_v2,False,17,immediate,5.5481,OCTAGON,compact,horizontal,3,6,150,150,1.0,balanced,0.681818,"{""MARINE"": 3}","{""ZERGLING"": 6}",f5cd20bf8122b27b40584a9087ff7c8e471f12ccc1dc7ef34b8033d5f117e689
r2g_blind_iid_1602,configs/blind_iid/r2g_blind_iid_1602.json,blind_iid,gen_marine_vs_zergling_03,marine_vs_zergling,general_v2,False,15,near,8.8731,NARROW,split,narrow_same_side,4,7,200,175,1.1429,moderate_advantage,0.422078,"{""MARINE"": 4}","{""ZERGLING"": 7}",87bfcc5c0c45ad7ea1ef63c92b032f30c04f44497de943b39b39c1ca92f6f381
r2g_blind_iid_1603,configs/blind_iid/r2g_blind_iid_1603.json,blind_iid,gen_marine_vs_zergling_03,marine_vs_zergling,general_v2,False,16,medium,12.9309,OCTAGON,staggered,diag_up,4,7,200,175,1.1429,moderate_advantage,0.422078,"{""MARINE"": 4}","{""ZERGLING"": 7}",a3cb954b8d91464964f857f5b8ce8ea5c19e9a51c64b38d27c89e2857b1f11eb
r2g_blind_iid_1604,configs/blind_iid/r2g_blind_iid_1604.json,blind_iid,gen_marine_vs_zergling_03,marine_vs_zergling,general_v2,False,17,far,16.905,SIMPLE,type_split,horizontal,4,7,200,175,1.1429,moderate_advantage,0.422078,"{""MARINE"": 4}","{""ZERGLING"": 7}",8104da633a4a56c0714e8ec3ee5818560b0c46f6a412cf68112dd806ba4b8c51
r2g_blind_iid_1605,configs/blind_iid/r2g_blind_iid_1605.json,blind_iid,gen_marine_vs_zergling_04,marine_vs_zergling,general_v2,False,15,near,8.7776,OCTAGON,compact,vertical,6,9,300,225,1.3333,moderate_advantage,0.075758,"{""MARINE"": 6}","{""ZERGLING"": 9}",18239f03cca61bfd9f390dce653bae98e777adf8dbc16e8a609997b7a1919456
r2g_blind_iid_1606,configs/blind_iid/r2g_blind_iid_1606.json,blind_iid,gen_marine_vs_zergling_04,marine_vs_zergling,general_v2,False,16,medium,12.7747,NARROW,split,narrow_cross_gate,6,9,300,225,1.3333,moderate_advantage,0.075758,"{""MARINE"": 6}","{""ZERGLING"": 9}",a345ddcd1070a7497270786f1521ed8e9d19c3f01383fbfa9116edf8d84dc52c
r2g_blind_iid_1607,configs/blind_iid/r2g_blind_iid_1607.json,blind_iid,gen_marine_vs_zergling_04,marine_vs_zergling,general_v2,False,17,immediate,5.3994,OCTAGON,staggered,diag_down,6,9,300,225,1.3333,moderate_advantage,0.075758,"{""MARINE"": 6}","{""ZERGLING"": 9}",24aafdc6f33a7ff69ce3b6dd125ae59d1329501e4e63b62c7e55bdc75bc77c95
r2g_blind_iid_1608,configs/blind_iid/r2g_blind_iid_1608.json,blind_iid,gen_marine_vs_zergling_05,marine_vs_zergling,general_v2,False,15,near,8.7043,SIMPLE,type_split,diag_up,8,10,400,250,1.6,strong_advantage,0.0,"{""MARINE"": 8}","{""ZERGLING"": 10}",18b6614dea801771ca578b2e781cb6a5ef0a48b1c5c72c6c801348c38b00397f
r2g_blind_iid_1609,configs/blind_iid/r2g_blind_iid_1609.json,blind_iid,gen_marine_vs_zergling_05,marine_vs_zergling,general_v2,False,16,far,17.051,SIMPLE,compact,horizontal,8,10,400,250,1.6,strong_advantage,0.0,"{""MARINE"": 8}","{""ZERGLING"": 10}",ce0d67ffde0d27536e0043b72b7761c9eb722020cd87f8aa27af65dbd1a524f8
r2g_blind_iid_1610,configs/blind_iid/r2g_blind_iid_1610.json,blind_iid,gen_marine_vs_zergling_05,marine_vs_zergling,general_v2,False,17,medium,12.6182,SIMPLE,split,diag_down,8,10,400,250,1.6,strong_advantage,0.0,"{""MARINE"": 8}","{""ZERGLING"": 10}",50b03819e753e0aac1cf379047dc8841ff3360aada0d225a4a8e5c580f7da674
r2g_blind_iid_1611,configs/blind_iid/r2g_blind_iid_1611.json,blind_iid,gen_stalker_vs_marine_01,stalker_vs_marine,general_v2,False,15,immediate,5.3992,NARROW,staggered,narrow_same_side,2,5,250,250,1.0,balanced,0.681818,"{""STALKER"": 2}","{""MARINE"": 5}",ed9b9911cb93a00fcdb5001eb130f46d8fad9c861ff1bb4dd70e2fc2fbaaa25f
r2g_blind_iid_1612,configs/blind_iid/r2g_blind_iid_1612.json,blind_iid,gen_stalker_vs_marine_01,stalker_vs_marine,general_v2,False,16,near,8.7073,NARROW,compact,narrow_same_side,2,5,250,250,1.0,balanced,0.681818,"{""STALKER"": 2}","{""MARINE"": 5}",0325933fe04608bba0e5cf59aabfdf679c36ce0f5beefba877da75d556862a2a
r2g_blind_iid_1613,configs/blind_iid/r2g_blind_iid_1613.json,blind_iid,gen_stalker_vs_marine_01,stalker_vs_marine,general_v2,False,17,immediate,5.3021,OCTAGON,compact,horizontal,2,5,250,250,1.0,balanced,0.681818,"{""STALKER"": 2}","{""MARINE"": 5}",05c6e0b730fe649f35845979287c547347b4e1406ca3cb95f480140bb250a087
r2g_blind_iid_1614,configs/blind_iid/r2g_blind_iid_1614.json,blind_iid,gen_stalker_vs_marine_02,stalker_vs_marine,general_v2,False,15,near,8.9807,NARROW,split,narrow_same_side,3,7,375,350,1.0714,balanced,0.551948,"{""STALKER"": 3}","{""MARINE"": 7}",d0edfb98f79cafc50e1272a3fa13448dd1a141648609ca9e8e12d05da5cb645f
r2g_blind_iid_1615,configs/blind_iid/r2g_blind_iid_1615.json,blind_iid,gen_stalker_vs_marine_02,stalker_vs_marine,general_v2,False,16,medium,12.6225,OCTAGON,staggered,diag_up,3,7,375,350,1.0714,balanced,0.551948,"{""STALKER"": 3}","{""MARINE"": 7}",72f4fa56477ef44ff7867d7279f571713e48cd779ca20696881bd555dae369cd
r2g_blind_iid_1616,configs/blind_iid/r2g_blind_iid_1616.json,blind_iid,gen_stalker_vs_marine_02,stalker_vs_marine,general_v2,False,17,far,17.0758,SIMPLE,type_split,horizontal,3,7,375,350,1.0714,balanced,0.551948,"{""STALKER"": 3}","{""MARINE"": 7}",b1433277e4b36474f5e6c7303e2585ec05ee88e0d4fc4153712a9965ce1b23a5
r2g_blind_iid_1617,configs/blind_iid/r2g_blind_iid_1617.json,blind_iid,gen_stalker_vs_marine_03,stalker_vs_marine,general_v2,False,15,near,8.6353,OCTAGON,compact,vertical,4,9,500,450,1.1111,moderate_advantage,0.479798,"{""STALKER"": 4}","{""MARINE"": 9}",48c7eea70ccb943e25171e211f6bed266b7c32f3331e32326d9cd99f61e5da09
r2g_blind_iid_1618,configs/blind_iid/r2g_blind_iid_1618.json,blind_iid,gen_stalker_vs_marine_03,stalker_vs_marine,general_v2,False,16,medium,12.623,NARROW,split,narrow_cross_gate,4,9,500,450,1.1111,moderate_advantage,0.479798,"{""STALKER"": 4}","{""MARINE"": 9}",39ad54051e4701e7b6b60436f827e17f4aa8c09bd22d6ce8f74fc1446367c4d9
r2g_blind_iid_1619,configs/blind_iid/r2g_blind_iid_1619.json,blind_iid,gen_stalker_vs_marine_03,stalker_vs_marine,general_v2,False,17,immediate,5.5751,OCTAGON,staggered,diag_down,4,9,500,450,1.1111,moderate_advantage,0.479798,"{""STALKER"": 4}","{""MARINE"": 9}",357d34bd6cb10470f3e82d04f1b69f53132448212c1690e0f251970f49c68345
r2g_blind_iid_1620,configs/blind_iid/r2g_blind_iid_1620.json,blind_iid,gen_stalker_vs_marine_04,stalker_vs_marine,general_v2,False,15,near,8.8484,SIMPLE,type_split,diag_up,4,8,500,400,1.25,moderate_advantage,0.227273,"{""STALKER"": 4}","{""MARINE"": 8}",205162201764e9dd1068cd4f5421d0a986f0438b7d59854866a091d56990d067
r2g_blind_iid_1621,configs/blind_iid/r2g_blind_iid_1621.json,blind_iid,gen_stalker_vs_marine_04,stalker_vs_marine,general_v2,False,16,far,16.9707,SIMPLE,compact,horizontal,4,8,500,400,1.25,moderate_advantage,0.227273,"{""STALKER"": 4}","{""MARINE"": 8}",484def2472f552f96ea1fddb0552ff40ea53aa3dca88ab7e92a309f93e8304d7
r2g_blind_iid_1622,configs/blind_iid/r2g_blind_iid_1622.json,blind_iid,gen_stalker_vs_marine_04,stalker_vs_marine,general_v2,False,17,medium,12.9372,SIMPLE,split,diag_down,4,8,500,400,1.25,moderate_advantage,0.227273,"{""STALKER"": 4}","{""MARINE"": 8}",4970d87ac8c2023841bf0dbc16f04363a6a35ffeacdaca95d9a97eb1c1eb7f29
r2g_blind_iid_1623,configs/blind_iid/r2g_blind_iid_1623.json,blind_iid,gen_stalker_vs_marine_05,stalker_vs_marine,general_v2,False,15,immediate,5.5666,NARROW,staggered,narrow_same_side,5,8,625,400,1.5625,strong_advantage,0.0,"{""STALKER"": 5}","{""MARINE"": 8}",655f87c7ad56dd324005e179e6be3ad3f61f30d739e7da0559bf736c0617f60d
r2g_blind_iid_1624,configs/blind_iid/r2g_blind_iid_1624.json,blind_iid,gen_stalker_vs_marine_05,stalker_vs_marine,general_v2,False,16,near,8.6326,NARROW,compact,narrow_same_side,5,8,625,400,1.5625,strong_advantage,0.0,"{""STALKER"": 5}","{""MARINE"": 8}",707918f8474a02b275b5c09ad753bd7a0fb5da8e86bbe0bebb9e3f0ae5b198b3
r2g_blind_iid_1625,configs/blind_iid/r2g_blind_iid_1625.json,blind_iid,gen_stalker_vs_marine_05,stalker_vs_marine,general_v2,False,17,immediate,5.2992,OCTAGON,compact,horizontal,5,8,625,400,1.5625,strong_advantage,0.0,"{""STALKER"": 5}","{""MARINE"": 8}",086317f31fa6fb6c34dd3e95aacf3bbed5a689060e176151a79b7ea4ed282fb6
r2g_blind_iid_1626,configs/blind_iid/r2g_blind_iid_1626.json,blind_iid,gen_marauder_vs_zealot_01,marauder_vs_zealot,general_v2,False,15,near,8.753,NARROW,split,narrow_same_side,2,2,200,200,1.0,balanced,0.681818,"{""MARAUDER"": 2}","{""ZEALOT"": 2}",2c5f2ac71ed4d5ce83dd5b5c329018e9bc6ad8e070c4bbcec873eb9183361ca4
r2g_blind_iid_1627,configs/blind_iid/r2g_blind_iid_1627.json,blind_iid,gen_marauder_vs_zealot_01,marauder_vs_zealot,general_v2,False,16,medium,12.6291,OCTAGON,staggered,diag_up,2,2,200,200,1.0,balanced,0.681818,"{""MARAUDER"": 2}","{""ZEALOT"": 2}",9c17638352af78ebe15fae117d345a1528c7ebf2246efd7d34bbe4ce8cc2a5f3
r2g_blind_iid_1628,configs/blind_iid/r2g_blind_iid_1628.json,blind_iid,gen_marauder_vs_zealot_01,marauder_vs_zealot,general_v2,False,17,far,17.1756,SIMPLE,type_split,horizontal,2,2,200,200,1.0,balanced,0.681818,"{""MARAUDER"": 2}","{""ZEALOT"": 2}",96a96c594cbc5a8c67bf34bd53284b2ea6f5393e52fe9cb9b7b3cb9ca731cf49
r2g_blind_iid_1629,configs/blind_iid/r2g_blind_iid_1629.json,blind_iid,gen_marauder_vs_zealot_02,marauder_vs_zealot,general_v2,False,15,near,8.6535,OCTAGON,compact,vertical,4,4,400,400,1.0,balanced,0.681818,"{""MARAUDER"": 4}","{""ZEALOT"": 4}",6946d7704dac06354b1746fdc140b9053edfa78a56686e6c629881154be15bfd
r2g_blind_iid_1630,configs/blind_iid/r2g_blind_iid_1630.json,blind_iid,gen_marauder_vs_zealot_02,marauder_vs_zealot,general_v2,False,16,medium,12.7656,NARROW,split,narrow_cross_gate,4,4,400,400,1.0,balanced,0.681818,"{""MARAUDER"": 4}","{""ZEALOT"": 4}",c6bc51f6471c0ce50fbbd71e7317d5ca0e1097758d2a04f5798679f46f815846
r2g_blind_iid_1631,configs/blind_iid/r2g_blind_iid_1631.json,blind_iid,gen_marauder_vs_zealot_02,marauder_vs_zealot,general_v2,False,17,immediate,5.4614,OCTAGON,staggered,diag_down,4,4,400,400,1.0,balanced,0.681818,"{""MARAUDER"": 4}","{""ZEALOT"": 4}",ef746871c40caa6b7265e1a7ad8de8a33e43022c916f286b6e7c035cd0d7339a
r2g_blind_iid_1632,configs/blind_iid/r2g_blind_iid_1632.json,blind_iid,gen_marauder_vs_zealot_03,marauder_vs_zealot,general_v2,False,15,near,8.8315,SIMPLE,type_split,diag_up,7,6,700,600,1.1667,moderate_advantage,0.378788,"{""MARAUDER"": 7}","{""ZEALOT"": 6}",3d1a60d8079cf5ecdcec83c0ab3b5c21d786c5873a30c03c8eb4be8cfe2cb4e0
r2g_blind_iid_1633,configs/blind_iid/r2g_blind_iid_1633.json,blind_iid,gen_marauder_vs_zealot_03,marauder_vs_zealot,general_v2,False,16,far,17.1633,SIMPLE,compact,horizontal,7,6,700,600,1.1667,moderate_advantage,0.378788,"{""MARAUDER"": 7}","{""ZEALOT"": 6}",f889702510cf2f2df5e04b13f82e286bc234d20a0ed7ffceebb7e22a2927a5e1
r2g_blind_iid_1634,configs/blind_iid/r2g_blind_iid_1634.json,blind_iid,gen_marauder_vs_zealot_03,marauder_vs_zealot,general_v2,False,17,medium,12.6704,SIMPLE,split,diag_down,7,6,700,600,1.1667,moderate_advantage,0.378788,"{""MARAUDER"": 7}","{""ZEALOT"": 6}",cfdf8fb7a74172d5634975bf17f3bea9b9ea7b98fb383cd87b61e87ed4b1a586
r2g_blind_iid_1635,configs/blind_iid/r2g_blind_iid_1635.json,blind_iid,gen_marauder_vs_zealot_04,marauder_vs_zealot,general_v2,False,15,immediate,5.5115,NARROW,staggered,narrow_same_side,9,7,900,700,1.2857,moderate_advantage,0.162338,"{""MARAUDER"": 9}","{""ZEALOT"": 7}",5ff129eb7c35da2f6c9a9dbb44f4635a19f9aa1da3735f3d1d40fee2f802ca42
r2g_blind_iid_1636,configs/blind_iid/r2g_blind_iid_1636.json,blind_iid,gen_marauder_vs_zealot_04,marauder_vs_zealot,general_v2,False,16,near,8.6399,NARROW,compact,narrow_same_side,9,7,900,700,1.2857,moderate_advantage,0.162338,"{""MARAUDER"": 9}","{""ZEALOT"": 7}",b119c0f74031a6eb6fedd4d413064a9024664f9c0cfda6fa8593a5efd546973f
r2g_blind_iid_1637,configs/blind_iid/r2g_blind_iid_1637.json,blind_iid,gen_marauder_vs_zealot_04,marauder_vs_zealot,general_v2,False,17,immediate,5.211,OCTAGON,compact,horizontal,9,7,900,700,1.2857,moderate_advantage,0.162338,"{""MARAUDER"": 9}","{""ZEALOT"": 7}",b081bf7c001a2d0e490a7ff787fa0212b10390f0a5488165c5d3a0117ea2ec0f
r2g_blind_iid_1638,configs/blind_iid/r2g_blind_iid_1638.json,blind_iid,gen_marauder_vs_zealot_05,marauder_vs_zealot,general_v2,False,15,near,8.6122,NARROW,split,narrow_same_side,9,6,900,600,1.5,strong_advantage,0.0,"{""MARAUDER"": 9}","{""ZEALOT"": 6}",de1c6ec0334ad4b62b06328ba97e1794e87259de5483cb78f78abe4b4362343f
r2g_blind_iid_1639,configs/blind_iid/r2g_blind_iid_1639.json,blind_iid,gen_marauder_vs_zealot_05,marauder_vs_zealot,general_v2,False,16,medium,12.8507,OCTAGON,staggered,diag_up,9,6,900,600,1.5,strong_advantage,0.0,"{""MARAUDER"": 9}","{""ZEALOT"": 6}",20ca7b7164211f9b00806341a1b4e48144ed9b839a3aaf77019c457cc899bd4c
r2g_blind_iid_1640,configs/blind_iid/r2g_blind_iid_1640.json,blind_iid,gen_marauder_vs_zealot_05,marauder_vs_zealot,general_v2,False,17,far,16.8884,SIMPLE,type_split,horizontal,9,6,900,600,1.5,strong_advantage,0.0,"{""MARAUDER"": 9}","{""ZEALOT"": 6}",c7bcc870457fd0bc60c4dca5cc25a3c3713071e482bb81b68167517dc2cb2388
r2g_blind_iid_1641,configs/blind_iid/r2g_blind_iid_1641.json,blind_iid,gen_swarm_vs_bio_01,swarm_vs_bio,general_v2,False,15,near,8.7181,OCTAGON,compact,vertical,5,3,200,200,1.0,balanced,0.681818,"{""BANELING"": 3, ""ZERGLING"": 2}","{""MARAUDER"": 1, ""MARINE"": 2}",8b4da4afe22d470c8bdb13144acc6122fc2c002a351fe3e8669fcde2e0d6d477
r2g_blind_iid_1642,configs/blind_iid/r2g_blind_iid_1642.json,blind_iid,gen_swarm_vs_bio_01,swarm_vs_bio,general_v2,False,16,medium,12.5997,NARROW,split,narrow_cross_gate,5,3,200,200,1.0,balanced,0.681818,"{""BANELING"": 3, ""ZERGLING"": 2}","{""MARAUDER"": 1, ""MARINE"": 2}",98db7b2dd3b8a03454ca64d8c8835ca846967af25fcb9fc0dd0fe269ecad3c6f
r2g_blind_iid_1643,configs/blind_iid/r2g_blind_iid_1643.json,blind_iid,gen_swarm_vs_bio_01,swarm_vs_bio,general_v2,False,17,immediate,5.2807,OCTAGON,staggered,diag_down,5,3,200,200,1.0,balanced,0.681818,"{""BANELING"": 3, ""ZERGLING"": 2}","{""MARAUDER"": 1, ""MARINE"": 2}",ead8834b75eafefd14eb621e0fc3cf65e117543bd654aff001dee3f5eb7d072f
r2g_blind_iid_1644,configs/blind_iid/r2g_blind_iid_1644.json,blind_iid,gen_swarm_vs_bio_02,swarm_vs_bio,general_v2,False,15,near,8.7511,SIMPLE,type_split,diag_up,7,3,200,200,1.0,balanced,0.681818,"{""BANELING"": 1, ""ZERGLING"": 6}","{""MARAUDER"": 1, ""MARINE"": 2}",765c41067641dff5b487aa14fa5292e39c08ed745e09ff234dd5f3ccf3b4d0c3
r2g_blind_iid_1645,configs/blind_iid/r2g_blind_iid_1645.json,blind_iid,gen_swarm_vs_bio_02,swarm_vs_bio,general_v2,False,16,far,16.9112,SIMPLE,compact,horizontal,7,3,200,200,1.0,balanced,0.681818,"{""BANELING"": 1, ""ZERGLING"": 6}","{""MARAUDER"": 1, ""MARINE"": 2}",6e829a587d9918dc1253498fd767ef1167f7dea05f10c0239127f6215370d82b
r2g_blind_iid_1646,configs/blind_iid/r2g_blind_iid_1646.json,blind_iid,gen_swarm_vs_bio_02,swarm_vs_bio,general_v2,False,17,medium,12.6817,SIMPLE,split,diag_down,7,3,200,200,1.0,balanced,0.681818,"{""BANELING"": 1, ""ZERGLING"": 6}","{""MARAUDER"": 1, ""MARINE"": 2}",e26da09088217983b9b418048df0fa11ed256b0446fc020289042e955baeda43
r2g_blind_iid_1647,configs/blind_iid/r2g_blind_iid_1647.json,blind_iid,gen_swarm_vs_bio_03,swarm_vs_bio,general_v2,False,15,immediate,5.5858,NARROW,staggered,narrow_same_side,9,3,275,250,1.1,moderate_advantage,0.5,"{""BANELING"": 2, ""ZERGLING"": 7}","{""MARAUDER"": 2, ""MARINE"": 1}",99bb7347f20ec06057fcb904f6c21c0a1dd938f0ab292beccd2c926186d48f15
r2g_blind_iid_1648,configs/blind_iid/r2g_blind_iid_1648.json,blind_iid,gen_swarm_vs_bio_03,swarm_vs_bio,general_v2,False,16,near,8.9674,NARROW,compact,narrow_same_side,9,3,275,250,1.1,moderate_advantage,0.5,"{""BANELING"": 2, ""ZERGLING"": 7}","{""MARAUDER"": 2, ""MARINE"": 1}",7263a9cd1f1dec0120e93f88aebb54face77b875e3565ddd04555f9d797052ca
r2g_blind_iid_1649,configs/blind_iid/r2g_blind_iid_1649.json,blind_iid,gen_swarm_vs_bio_03,swarm_vs_bio,general_v2,False,17,immediate,5.4601,OCTAGON,compact,horizontal,9,3,275,250,1.1,moderate_advantage,0.5,"{""BANELING"": 2, ""ZERGLING"": 7}","{""MARAUDER"": 2, ""MARINE"": 1}",5e1f802260c2df628dfc3c0a9fe08bb643029df2b3ac6885c4a6878b1c05921d
r2g_blind_iid_1650,configs/blind_iid/r2g_blind_iid_1650.json,blind_iid,gen_swarm_vs_bio_04,swarm_vs_bio,general_v2,False,15,near,8.8161,NARROW,split,narrow_same_side,9,4,325,250,1.3,moderate_advantage,0.136364,"{""BANELING"": 4, ""ZERGLING"": 5}","{""MARAUDER"": 1, ""MARINE"": 3}",6d386082fa4ac297ccae5275b2d5183f86780e5d98864154614dbef27f21d96c
r2g_blind_iid_1651,configs/blind_iid/r2g_blind_iid_1651.json,blind_iid,gen_swarm_vs_bio_04,swarm_vs_bio,general_v2,False,16,medium,12.741,OCTAGON,staggered,diag_up,9,4,325,250,1.3,moderate_advantage,0.136364,"{""BANELING"": 4, ""ZERGLING"": 5}","{""MARAUDER"": 1, ""MARINE"": 3}",7ab2190b1641fc864629b2960b0457616006ed26f020ceda576c377e0aaebe97
r2g_blind_iid_1652,configs/blind_iid/r2g_blind_iid_1652.json,blind_iid,gen_swarm_vs_bio_04,swarm_vs_bio,general_v2,False,17,far,17.0739,SIMPLE,type_split,horizontal,9,4,325,250,1.3,moderate_advantage,0.136364,"{""BANELING"": 4, ""ZERGLING"": 5}","{""MARAUDER"": 1, ""MARINE"": 3}",b917dc31de98dac82baa3131dc955cf18d63157eb7470cc04ab079cc00988551
r2g_blind_iid_1653,configs/blind_iid/r2g_blind_iid_1653.json,blind_iid,gen_swarm_vs_bio_05,swarm_vs_bio,general_v2,False,15,near,8.7061,OCTAGON,compact,vertical,9,3,300,200,1.5,strong_advantage,0.0,"{""BANELING"": 3, ""ZERGLING"": 6}","{""MARAUDER"": 1, ""MARINE"": 2}",ca7d355fcc64e43cee6d8a89cbf54367bc74840a796124a7e496508e55a51346
r2g_blind_iid_1654,configs/blind_iid/r2g_blind_iid_1654.json,blind_iid,gen_swarm_vs_bio_05,swarm_vs_bio,general_v2,False,16,medium,12.832,NARROW,split,narrow_cross_gate,9,3,300,200,1.5,strong_advantage,0.0,"{""BANELING"": 3, ""ZERGLING"": 6}","{""MARAUDER"": 1, ""MARINE"": 2}",7f31fe2c1c2e5e82a4d07b2812a371ff3500b01f6552c6be9a3fda28efee00de
r2g_blind_iid_1655,configs/blind_iid/r2g_blind_iid_1655.json,blind_iid,gen_swarm_vs_bio_05,swarm_vs_bio,general_v2,False,17,immediate,5.3973,OCTAGON,staggered,diag_down,9,3,300,200,1.5,strong_advantage,0.0,"{""BANELING"": 3, ""ZERGLING"": 6}","{""MARAUDER"": 1, ""MARINE"": 2}",b31153b050dde2b99323a347be7e6447dc78513f5fddd90e1e150d726ceb938b
r2g_blind_iid_1656,configs/blind_iid/r2g_blind_iid_1656.json,blind_iid,gen_bio_vs_stalker_zealot_01,bio_vs_stalker_zealot,general_v2,False,15,near,8.7632,SIMPLE,type_split,diag_up,4,3,300,325,0.9231,slight_disadvantage,0.821678,"{""MARAUDER"": 2, ""MARINE"": 2}","{""STALKER"": 1, ""ZEALOT"": 2}",22e2a3db3d858aed6b22afb605e15838088e1d810fad1716e6e5523b9a67409f
r2g_blind_iid_1657,configs/blind_iid/r2g_blind_iid_1657.json,blind_iid,gen_bio_vs_stalker_zealot_01,bio_vs_stalker_zealot,general_v2,False,16,far,17.08,SIMPLE,compact,horizontal,4,3,300,325,0.9231,slight_disadvantage,0.821678,"{""MARAUDER"": 2, ""MARINE"": 2}","{""STALKER"": 1, ""ZEALOT"": 2}",b3178aeb8731a8dcd5ef391ed9e2b8ba76dbb6402bbf7aa3a0136a0424812149
r2g_blind_iid_1658,configs/blind_iid/r2g_blind_iid_1658.json,blind_iid,gen_bio_vs_stalker_zealot_01,bio_vs_stalker_zealot,general_v2,False,17,medium,12.6923,SIMPLE,split,diag_down,4,3,300,325,0.9231,slight_disadvantage,0.821678,"{""MARAUDER"": 2, ""MARINE"": 2}","{""STALKER"": 1, ""ZEALOT"": 2}",77c537ede903a8170d6abbd8af8e0c6e970b827a829e635fe2829b99a851963e
r2g_blind_iid_1659,configs/blind_iid/r2g_blind_iid_1659.json,blind_iid,gen_bio_vs_stalker_zealot_02,bio_vs_stalker_zealot,general_v2,False,15,immediate,5.367,NARROW,staggered,narrow_same_side,6,4,500,475,1.0526,balanced,0.586124,"{""MARAUDER"": 4, ""MARINE"": 2}","{""STALKER"": 3, ""ZEALOT"": 1}",5c1138eedca5eb535add0a60354f9b5cad690cf2e95e14d6d5d565b45ca8d941
r2g_blind_iid_1660,configs/blind_iid/r2g_blind_iid_1660.json,blind_iid,gen_bio_vs_stalker_zealot_02,bio_vs_stalker_zealot,general_v2,False,16,near,8.8442,NARROW,compact,narrow_same_side,6,4,500,475,1.0526,balanced,0.586124,"{""MARAUDER"": 4, ""MARINE"": 2}","{""STALKER"": 3, ""ZEALOT"": 1}",1a376fc48ec59e29f5b4336f05133a174e5e8708a1e5158b143a46ace9200444
r2g_blind_iid_1661,configs/blind_iid/r2g_blind_iid_1661.json,blind_iid,gen_bio_vs_stalker_zealot_02,bio_vs_stalker_zealot,general_v2,False,17,immediate,5.3757,OCTAGON,compact,horizontal,6,4,500,475,1.0526,balanced,0.586124,"{""MARAUDER"": 4, ""MARINE"": 2}","{""STALKER"": 3, ""ZEALOT"": 1}",7b70971bbf80039be5a3c57d6c51568997ee40decaf5414ff3891578771c3876
r2g_blind_iid_1662,configs/blind_iid/r2g_blind_iid_1662.json,blind_iid,gen_bio_vs_stalker_zealot_03,bio_vs_stalker_zealot,general_v2,False,15,near,8.6658,NARROW,split,narrow_same_side,7,4,550,475,1.1579,moderate_advantage,0.394737,"{""MARAUDER"": 4, ""MARINE"": 3}","{""STALKER"": 3, ""ZEALOT"": 1}",4988f8f3eef3649503747d12b80fcbdb6845a62032b4a2368a80d82a81665c16
r2g_blind_iid_1663,configs/blind_iid/r2g_blind_iid_1663.json,blind_iid,gen_bio_vs_stalker_zealot_03,bio_vs_stalker_zealot,general_v2,False,16,medium,12.7317,OCTAGON,staggered,diag_up,7,4,550,475,1.1579,moderate_advantage,0.394737,"{""MARAUDER"": 4, ""MARINE"": 3}","{""STALKER"": 3, ""ZEALOT"": 1}",24c1a6b2d5e2782f8127b0c9f9f698f048c97f3c8248475a7ec0d729f4f47f72
r2g_blind_iid_1664,configs/blind_iid/r2g_blind_iid_1664.json,blind_iid,gen_bio_vs_stalker_zealot_03,bio_vs_stalker_zealot,general_v2,False,17,far,16.9096,SIMPLE,type_split,horizontal,7,4,550,475,1.1579,moderate_advantage,0.394737,"{""MARAUDER"": 4, ""MARINE"": 3}","{""STALKER"": 3, ""ZEALOT"": 1}",839683bfdc41e178a07ef4b0990d07f03eda8b40b6363058a82fdb1a32c31ee4
r2g_blind_iid_1665,configs/blind_iid/r2g_blind_iid_1665.json,blind_iid,gen_bio_vs_stalker_zealot_04,bio_vs_stalker_zealot,general_v2,False,15,near,8.8869,OCTAGON,compact,vertical,9,4,600,450,1.3333,moderate_advantage,0.075758,"{""MARAUDER"": 3, ""MARINE"": 6}","{""STALKER"": 2, ""ZEALOT"": 2}",c7f9558fb751f6195f2a1184abc9293944da42743771e5ad212b54950da2a957
r2g_blind_iid_1666,configs/blind_iid/r2g_blind_iid_1666.json,blind_iid,gen_bio_vs_stalker_zealot_04,bio_vs_stalker_zealot,general_v2,False,16,medium,12.7914,NARROW,split,narrow_cross_gate,9,4,600,450,1.3333,moderate_advantage,0.075758,"{""MARAUDER"": 3, ""MARINE"": 6}","{""STALKER"": 2, ""ZEALOT"": 2}",8ce58080accfafe1b392d001bbeda93f80caae61b9b758e0657608d61d75d6b9
r2g_blind_iid_1667,configs/blind_iid/r2g_blind_iid_1667.json,blind_iid,gen_bio_vs_stalker_zealot_04,bio_vs_stalker_zealot,general_v2,False,17,immediate,5.4643,OCTAGON,staggered,diag_down,9,4,600,450,1.3333,moderate_advantage,0.075758,"{""MARAUDER"": 3, ""MARINE"": 6}","{""STALKER"": 2, ""ZEALOT"": 2}",b86bf4e9a5aa440db003367e1d2fda62a7ed480e712b2f82926373a1d309fa74
r2g_blind_iid_1668,configs/blind_iid/r2g_blind_iid_1668.json,blind_iid,gen_bio_vs_stalker_zealot_05,bio_vs_stalker_zealot,general_v2,False,15,near,8.9134,SIMPLE,type_split,diag_up,9,4,650,425,1.5294,strong_advantage,0.0,"{""MARAUDER"": 4, ""MARINE"": 5}","{""STALKER"": 1, ""ZEALOT"": 3}",58b8addc8c0f320b1b8923d090aab55b6e76f00cb08b1a98736ffa9222eebc4a
r2g_blind_iid_1669,configs/blind_iid/r2g_blind_iid_1669.json,blind_iid,gen_bio_vs_stalker_zealot_05,bio_vs_stalker_zealot,general_v2,False,16,far,17.1482,SIMPLE,compact,horizontal,9,4,650,425,1.5294,strong_advantage,0.0,"{""MARAUDER"": 4, ""MARINE"": 5}","{""STALKER"": 1, ""ZEALOT"": 3}",88e4f2af5cea2af27478adeff41c69eb3f9a96bd8198792643c8eaf9e62091c6
r2g_blind_iid_1670,configs/blind_iid/r2g_blind_iid_1670.json,blind_iid,gen_bio_vs_stalker_zealot_05,bio_vs_stalker_zealot,general_v2,False,17,medium,12.9244,SIMPLE,split,diag_down,9,4,650,425,1.5294,strong_advantage,0.0,"{""MARAUDER"": 4, ""MARINE"": 5}","{""STALKER"": 1, ""ZEALOT"": 3}",8a05a573210e65b86564ee868db00d9dd49e70d6d74d04832f51fef5f9eb9190
r2g_blind_iid_1671,configs/blind_iid/r2g_blind_iid_1671.json,blind_iid,gen_protoss_triad_vs_bio_01,protoss_triad_vs_bio,general_v2,False,15,immediate,5.2371,NARROW,staggered,narrow_same_side,4,9,625,650,0.9615,slight_disadvantage,0.751748,"{""COLOSSUS"": 1, ""STALKER"": 1, ""ZEALOT"": 2}","{""MARAUDER"": 4, ""MARINE"": 5}",65f8474650eea3d90ed124bc71527fbba00e8117852a6f5aee1f4be6b876487a
r2g_blind_iid_1672,configs/blind_iid/r2g_blind_iid_1672.json,blind_iid,gen_protoss_triad_vs_bio_01,protoss_triad_vs_bio,general_v2,False,16,near,8.7904,NARROW,compact,narrow_same_side,4,9,625,650,0.9615,slight_disadvantage,0.751748,"{""COLOSSUS"": 1, ""STALKER"": 1, ""ZEALOT"": 2}","{""MARAUDER"": 4, ""MARINE"": 5}",308b4ab34e22b3aee0f64877c1824625c3a4aad9e0cb4d2e6e974872644699ab
r2g_blind_iid_1673,configs/blind_iid/r2g_blind_iid_1673.json,blind_iid,gen_protoss_triad_vs_bio_01,protoss_triad_vs_bio,general_v2,False,17,immediate,5.3381,OCTAGON,compact,horizontal,4,9,625,650,0.9615,slight_disadvantage,0.751748,"{""COLOSSUS"": 1, ""STALKER"": 1, ""ZEALOT"": 2}","{""MARAUDER"": 4, ""MARINE"": 5}",8fd0509f2782c8baf53bec39c55c739f6566261f841b0203b91c8c18a6788e9c
r2g_blind_iid_1674,configs/blind_iid/r2g_blind_iid_1674.json,blind_iid,gen_protoss_triad_vs_bio_02,protoss_triad_vs_bio,general_v2,False,15,near,8.7018,NARROW,split,narrow_same_side,4,8,625,600,1.0417,balanced,0.606061,"{""COLOSSUS"": 1, ""STALKER"": 1, ""ZEALOT"": 2}","{""MARAUDER"": 4, ""MARINE"": 4}",9886fd2c685ef9732349ccd0aa86f9a69973c30e1629f10f27ebd2cc2f37de02
r2g_blind_iid_1675,configs/blind_iid/r2g_blind_iid_1675.json,blind_iid,gen_protoss_triad_vs_bio_02,protoss_triad_vs_bio,general_v2,False,16,medium,12.8338,OCTAGON,staggered,diag_up,4,8,625,600,1.0417,balanced,0.606061,"{""COLOSSUS"": 1, ""STALKER"": 1, ""ZEALOT"": 2}","{""MARAUDER"": 4, ""MARINE"": 4}",e98c5e6875e09b5269c660d8de6808a08a78bb1e20a6e7fd204502b25e57a71f
r2g_blind_iid_1676,configs/blind_iid/r2g_blind_iid_1676.json,blind_iid,gen_protoss_triad_vs_bio_02,protoss_triad_vs_bio,general_v2,False,17,far,16.9248,SIMPLE,type_split,horizontal,4,8,625,600,1.0417,balanced,0.606061,"{""COLOSSUS"": 1, ""STALKER"": 1, ""ZEALOT"": 2}","{""MARAUDER"": 4, ""MARINE"": 4}",11de5b0e4d78fee472527abdf0b4884fbc5d948cc164fca9e6138442a3be1a91
r2g_blind_iid_1677,configs/blind_iid/r2g_blind_iid_1677.json,blind_iid,gen_protoss_triad_vs_bio_03,protoss_triad_vs_bio,general_v2,False,15,near,8.6288,OCTAGON,compact,vertical,4,8,625,550,1.1364,moderate_advantage,0.433884,"{""COLOSSUS"": 1, ""STALKER"": 1, ""ZEALOT"": 2}","{""MARAUDER"": 3, ""MARINE"": 5}",d0fad49042a52f219b7da37c377ba9348e016f8cefd7c5baadac9d1fefde4ce6
r2g_blind_iid_1678,configs/blind_iid/r2g_blind_iid_1678.json,blind_iid,gen_protoss_triad_vs_bio_03,protoss_triad_vs_bio,general_v2,False,16,medium,12.8515,NARROW,split,narrow_cross_gate,4,8,625,550,1.1364,moderate_advantage,0.433884,"{""COLOSSUS"": 1, ""STALKER"": 1, ""ZEALOT"": 2}","{""MARAUDER"": 3, ""MARINE"": 5}",20323b99cfeee73203136902935e3a414d5c33d35b07d6d05ecf510297840ca5
r2g_blind_iid_1679,configs/blind_iid/r2g_blind_iid_1679.json,blind_iid,gen_protoss_triad_vs_bio_03,protoss_triad_vs_bio,general_v2,False,17,immediate,5.4292,OCTAGON,staggered,diag_down,4,8,625,550,1.1364,moderate_advantage,0.433884,"{""COLOSSUS"": 1, ""STALKER"": 1, ""ZEALOT"": 2}","{""MARAUDER"": 3, ""MARINE"": 5}",1a36796dc716e9375c49525a306c3aad998d11e19c15e87550476d90093438b6
r2g_blind_iid_1680,configs/blind_iid/r2g_blind_iid_1680.json,blind_iid,gen_protoss_triad_vs_bio_04,protoss_triad_vs_bio,general_v2,False,15,near,8.6643,SIMPLE,type_split,diag_up,5,9,775,600,1.2917,moderate_advantage,0.151515,"{""COLOSSUS"": 1, ""STALKER"": 3, ""ZEALOT"": 1}","{""MARAUDER"": 3, ""MARINE"": 6}",877eb18f0d5b7dad410c8ef0c74a8e40390fbd82548b10aa4756de951528df3c
r2g_blind_iid_1681,configs/blind_iid/r2g_blind_iid_1681.json,blind_iid,gen_protoss_triad_vs_bio_04,protoss_triad_vs_bio,general_v2,False,16,far,16.8109,SIMPLE,compact,horizontal,5,9,775,600,1.2917,moderate_advantage,0.151515,"{""COLOSSUS"": 1, ""STALKER"": 3, ""ZEALOT"": 1}","{""MARAUDER"": 3, ""MARINE"": 6}",7561cc4a751a83f229390b771b9f47e57d1c26ef0ac68e06d75d9125b1188d4b
r2g_blind_iid_1682,configs/blind_iid/r2g_blind_iid_1682.json,blind_iid,gen_protoss_triad_vs_bio_04,protoss_triad_vs_bio,general_v2,False,17,medium,12.7694,SIMPLE,split,diag_down,5,9,775,600,1.2917,moderate_advantage,0.151515,"{""COLOSSUS"": 1, ""STALKER"": 3, ""ZEALOT"": 1}","{""MARAUDER"": 3, ""MARINE"": 6}",94cc25823202332842977ec0953e8fb02a6a568c29d5668375675d25b64dfd8f
r2g_blind_iid_1683,configs/blind_iid/r2g_blind_iid_1683.json,blind_iid,gen_protoss_triad_vs_bio_05,protoss_triad_vs_bio,general_v2,False,15,immediate,5.236,NARROW,staggered,narrow_same_side,7,9,975,650,1.5,strong_advantage,0.0,"{""COLOSSUS"": 1, ""STALKER"": 3, ""ZEALOT"": 3}","{""MARAUDER"": 4, ""MARINE"": 5}",71ad166f6a3bff6896af83139b55b3b8064dd91c3266314d6b6b86b97ce40702
r2g_blind_iid_1684,configs/blind_iid/r2g_blind_iid_1684.json,blind_iid,gen_protoss_triad_vs_bio_05,protoss_triad_vs_bio,general_v2,False,16,near,8.8125,NARROW,compact,narrow_same_side,7,9,975,650,1.5,strong_advantage,0.0,"{""COLOSSUS"": 1, ""STALKER"": 3, ""ZEALOT"": 3}","{""MARAUDER"": 4, ""MARINE"": 5}",fadc074787675c8405496bf6b3399d13efad977a1118d270146c957a1f372a4f
r2g_blind_iid_1685,configs/blind_iid/r2g_blind_iid_1685.json,blind_iid,gen_protoss_triad_vs_bio_05,protoss_triad_vs_bio,general_v2,False,17,immediate,5.292,OCTAGON,compact,horizontal,7,9,975,650,1.5,strong_advantage,0.0,"{""COLOSSUS"": 1, ""STALKER"": 3, ""ZEALOT"": 3}","{""MARAUDER"": 4, ""MARINE"": 5}",ce053a3f7300e37a7d1e01dac2a678e9f8b0e26ad79dc4bede7bf19b51bf5287
r2g_blind_iid_1686,configs/blind_iid/r2g_blind_iid_1686.json,blind_iid,gen_bio_vs_spine_swarm_01,bio_vs_spine_swarm,general_v2,False,15,near,8.635,NARROW,split,narrow_same_side,3,4,250,250,1.0,balanced,0.681818,"{""MARAUDER"": 2, ""MARINE"": 1}","{""SPINE_CRAWLER"": 1, ""ZERGLING"": 3}",51425499bb43629f69b96b25a4bf21771d4625e3f3bb27e58a4d66ce9a5b6ee3
r2g_blind_iid_1687,configs/blind_iid/r2g_blind_iid_1687.json,blind_iid,gen_bio_vs_spine_swarm_01,bio_vs_spine_swarm,general_v2,False,16,medium,12.943,OCTAGON,staggered,diag_up,3,4,250,250,1.0,balanced,0.681818,"{""MARAUDER"": 2, ""MARINE"": 1}","{""SPINE_CRAWLER"": 1, ""ZERGLING"": 3}",95a369a9eab03c2cdbd509a6fa949130379f576121e2f3ec64219a26e68ab1af
r2g_blind_iid_1688,configs/blind_iid/r2g_blind_iid_1688.json,blind_iid,gen_bio_vs_spine_swarm_01,bio_vs_spine_swarm,general_v2,False,17,far,16.8792,SIMPLE,type_split,horizontal,3,4,250,250,1.0,balanced,0.681818,"{""MARAUDER"": 2, ""MARINE"": 1}","{""SPINE_CRAWLER"": 1, ""ZERGLING"": 3}",471b0d327d151b3966836dbee69c7458e777f1f5dd9440f5148fe320e3cc173d
r2g_blind_iid_1689,configs/blind_iid/r2g_blind_iid_1689.json,blind_iid,gen_bio_vs_spine_swarm_02,bio_vs_spine_swarm,general_v2,False,15,near,8.8643,OCTAGON,compact,vertical,6,5,450,425,1.0588,balanced,0.574866,"{""MARAUDER"": 3, ""MARINE"": 3}","{""SPINE_CRAWLER"": 2, ""ZERGLING"": 3}",31083109c4ff8f7d5c708e3c626294e070ee3b40501e83e03cee053c88b10734
r2g_blind_iid_1690,configs/blind_iid/r2g_blind_iid_1690.json,blind_iid,gen_bio_vs_spine_swarm_02,bio_vs_spine_swarm,general_v2,False,16,medium,12.9745,NARROW,split,narrow_cross_gate,6,5,450,425,1.0588,balanced,0.574866,"{""MARAUDER"": 3, ""MARINE"": 3}","{""SPINE_CRAWLER"": 2, ""ZERGLING"": 3}",78e4ab2cc890f2fa8c0e7adcab656948d81dae4689473ca41b886dc714d1e034
r2g_blind_iid_1691,configs/blind_iid/r2g_blind_iid_1691.json,blind_iid,gen_bio_vs_spine_swarm_02,bio_vs_spine_swarm,general_v2,False,17,immediate,5.3853,OCTAGON,staggered,diag_down,6,5,450,425,1.0588,balanced,0.574866,"{""MARAUDER"": 3, ""MARINE"": 3}","{""SPINE_CRAWLER"": 2, ""ZERGLING"": 3}",8154d1e7dcdaa150c0da85d7eb5c634fe0635de86335bfa26e5f17bb0ff560b3
r2g_blind_iid_1692,configs/blind_iid/r2g_blind_iid_1692.json,blind_iid,gen_bio_vs_spine_swarm_03,bio_vs_spine_swarm,general_v2,False,15,near,8.6314,SIMPLE,type_split,diag_up,6,6,350,300,1.1667,moderate_advantage,0.378788,"{""MARAUDER"": 1, ""MARINE"": 5}","{""SPINE_CRAWLER"": 1, ""ZERGLING"": 5}",4c216571b988c01727d3ce9edb3d0137f4e9e6f55f793429f8d7c74f097971ce
r2g_blind_iid_1693,configs/blind_iid/r2g_blind_iid_1693.json,blind_iid,gen_bio_vs_spine_swarm_03,bio_vs_spine_swarm,general_v2,False,16,far,17.0071,SIMPLE,compact,horizontal,6,6,350,300,1.1667,moderate_advantage,0.378788,"{""MARAUDER"": 1, ""MARINE"": 5}","{""SPINE_CRAWLER"": 1, ""ZERGLING"": 5}",617f1a231742eb5e4eda0190a7baa4a7d3cbf8b10077e9dc28c64a75a16a4df5
r2g_blind_iid_1694,configs/blind_iid/r2g_blind_iid_1694.json,blind_iid,gen_bio_vs_spine_swarm_03,bio_vs_spine_swarm,general_v2,False,17,medium,12.7661,SIMPLE,split,diag_down,6,6,350,300,1.1667,moderate_advantage,0.378788,"{""MARAUDER"": 1, ""MARINE"": 5}","{""SPINE_CRAWLER"": 1, ""ZERGLING"": 5}",81fade800ecc6adc5c776f39daba638880ea2025e2b7a904001f0e17cdce9754
r2g_blind_iid_1695,configs/blind_iid/r2g_blind_iid_1695.json,blind_iid,gen_bio_vs_spine_swarm_04,bio_vs_spine_swarm,general_v2,False,15,immediate,5.3285,NARROW,staggered,narrow_same_side,8,6,600,450,1.3333,moderate_advantage,0.075758,"{""MARAUDER"": 4, ""MARINE"": 4}","{""SPINE_CRAWLER"": 2, ""ZERGLING"": 4}",ba2442ddece938aef695e7097f3cf0fcaf5328358ba02644b5e186da4a7330af
r2g_blind_iid_1696,configs/blind_iid/r2g_blind_iid_1696.json,blind_iid,gen_bio_vs_spine_swarm_04,bio_vs_spine_swarm,general_v2,False,16,near,8.8776,NARROW,compact,narrow_same_side,8,6,600,450,1.3333,moderate_advantage,0.075758,"{""MARAUDER"": 4, ""MARINE"": 4}","{""SPINE_CRAWLER"": 2, ""ZERGLING"": 4}",b21f836bb9fc5d8738ac88a6f31761c245ccf0afe147bfec18a30f754cd229d2
r2g_blind_iid_1697,configs/blind_iid/r2g_blind_iid_1697.json,blind_iid,gen_bio_vs_spine_swarm_04,bio_vs_spine_swarm,general_v2,False,17,immediate,5.3636,OCTAGON,compact,horizontal,8,6,600,450,1.3333,moderate_advantage,0.075758,"{""MARAUDER"": 4, ""MARINE"": 4}","{""SPINE_CRAWLER"": 2, ""ZERGLING"": 4}",51393208d40a6fc0c5144c67f8f2f8aed2c5f30ca814130b1c749c45b3439a6e
r2g_blind_iid_1698,configs/blind_iid/r2g_blind_iid_1698.json,blind_iid,gen_bio_vs_spine_swarm_05,bio_vs_spine_swarm,general_v2,False,15,near,8.8274,NARROW,split,narrow_same_side,8,7,500,325,1.5385,strong_advantage,0.0,"{""MARAUDER"": 2, ""MARINE"": 6}","{""SPINE_CRAWLER"": 1, ""ZERGLING"": 6}",75a6d33314d3bdb0075c2b7304fce859cde255195815360155e433b08e7711e3
r2g_blind_iid_1699,configs/blind_iid/r2g_blind_iid_1699.json,blind_iid,gen_bio_vs_spine_swarm_05,bio_vs_spine_swarm,general_v2,False,16,medium,12.9153,OCTAGON,staggered,diag_up,8,7,500,325,1.5385,strong_advantage,0.0,"{""MARAUDER"": 2, ""MARINE"": 6}","{""SPINE_CRAWLER"": 1, ""ZERGLING"": 6}",ede66ef3211bf0563f9401700150b9b4e90677384a483c9d72e9f18c2de30859
r2g_blind_iid_1700,configs/blind_iid/r2g_blind_iid_1700.json,blind_iid,gen_bio_vs_spine_swarm_05,bio_vs_spine_swarm,general_v2,False,17,far,16.9041,SIMPLE,type_split,horizontal,8,7,500,325,1.5385,strong_advantage,0.0,"{""MARAUDER"": 2, ""MARINE"": 6}","{""SPINE_CRAWLER"": 1, ""ZERGLING"": 6}",d72a219d0157c4dfec014a34b288b59fd8866a369b22a1794c4aa86ab073c0ec
r2g_blind_compositional_1701,configs/blind_compositional/r2g_blind_compositional_1701.json,blind_compositional,full_protoss_vs_mmm_01,full_protoss_vs_mmm,legacy_r2_1300,True,1,near,8.637,SIMPLE,type_split,diag_up,5,6,750,475,1.5789,strong_advantage,0.0,"{""COLOSSUS"": 1, ""STALKER"": 2, ""ZEALOT"": 2}","{""MARAUDER"": 2, ""MARINE"": 3, ""MEDIVAC"": 1}",4d2c1253598105ee70185294df85029ec7eb062f53d98b2e21592d2f65c61aca
r2g_blind_compositional_1702,configs/blind_compositional/r2g_blind_compositional_1702.json,blind_compositional,full_protoss_vs_mmm_01,full_protoss_vs_mmm,legacy_r2_1300,True,2,far,16.8985,SIMPLE,compact,horizontal,5,6,750,475,1.5789,strong_advantage,0.0,"{""COLOSSUS"": 1, ""STALKER"": 2, ""ZEALOT"": 2}","{""MARAUDER"": 2, ""MARINE"": 3, ""MEDIVAC"": 1}",e78b8930f89824eb079ca60d32fbed966a4a494f5d10303b494240f4cfb183b8
r2g_blind_compositional_1703,configs/blind_compositional/r2g_blind_compositional_1703.json,blind_compositional,full_protoss_vs_mmm_01,full_protoss_vs_mmm,legacy_r2_1300,True,3,medium,12.9102,SIMPLE,split,diag_down,5,6,750,475,1.5789,strong_advantage,0.0,"{""COLOSSUS"": 1, ""STALKER"": 2, ""ZEALOT"": 2}","{""MARAUDER"": 2, ""MARINE"": 3, ""MEDIVAC"": 1}",44b9b5a903b1b0480b58e0c028b0e6f17ef9564412ef15185edb781d2776967d
r2g_blind_compositional_1704,configs/blind_compositional/r2g_blind_compositional_1704.json,blind_compositional,full_protoss_vs_mmm_01,full_protoss_vs_mmm,legacy_r2_1300,True,4,immediate,5.3294,NARROW,staggered,narrow_same_side,5,6,750,475,1.5789,strong_advantage,0.0,"{""COLOSSUS"": 1, ""STALKER"": 2, ""ZEALOT"": 2}","{""MARAUDER"": 2, ""MARINE"": 3, ""MEDIVAC"": 1}",9c2b9be987bb045958179dc3088ebb495d12c77b11a4dd36438e62c3e8e88803
r2g_blind_compositional_1705,configs/blind_compositional/r2g_blind_compositional_1705.json,blind_compositional,full_protoss_vs_mmm_01,full_protoss_vs_mmm,legacy_r2_1300,True,5,near,8.805,NARROW,compact,narrow_same_side,5,6,750,475,1.5789,strong_advantage,0.0,"{""COLOSSUS"": 1, ""STALKER"": 2, ""ZEALOT"": 2}","{""MARAUDER"": 2, ""MARINE"": 3, ""MEDIVAC"": 1}",57ce0c4fd051fbca2dd929e39b569efdf78625bcad1e7aba1709f2a3baa86790
r2g_blind_compositional_1706,configs/blind_compositional/r2g_blind_compositional_1706.json,blind_compositional,full_protoss_vs_mmm_01,full_protoss_vs_mmm,legacy_r2_1300,True,6,immediate,5.4371,OCTAGON,compact,horizontal,5,6,750,475,1.5789,strong_advantage,0.0,"{""COLOSSUS"": 1, ""STALKER"": 2, ""ZEALOT"": 2}","{""MARAUDER"": 2, ""MARINE"": 3, ""MEDIVAC"": 1}",fb5e6c2ca3f9f304685bea1ddb3261fc47279701639351207ee5c516a0d8f248
r2g_blind_compositional_1707,configs/blind_compositional/r2g_blind_compositional_1707.json,blind_compositional,full_protoss_vs_mmm_01,full_protoss_vs_mmm,legacy_r2_1300,True,7,near,8.9383,NARROW,split,narrow_same_side,5,6,750,475,1.5789,strong_advantage,0.0,"{""COLOSSUS"": 1, ""STALKER"": 2, ""ZEALOT"": 2}","{""MARAUDER"": 2, ""MARINE"": 3, ""MEDIVAC"": 1}",e8b338e9c64373910935a4458a7979605a20f23234e9b154be91496fb9f9234d
r2g_blind_compositional_1708,configs/blind_compositional/r2g_blind_compositional_1708.json,blind_compositional,full_protoss_vs_mmm_01,full_protoss_vs_mmm,legacy_r2_1300,True,8,medium,12.6613,OCTAGON,staggered,diag_up,5,6,750,475,1.5789,strong_advantage,0.0,"{""COLOSSUS"": 1, ""STALKER"": 2, ""ZEALOT"": 2}","{""MARAUDER"": 2, ""MARINE"": 3, ""MEDIVAC"": 1}",c1330260b53dd8c89a837bdaf60d8c48fd927e02492f7bcad44fc404b945d600
r2g_blind_compositional_1709,configs/blind_compositional/r2g_blind_compositional_1709.json,blind_compositional,full_protoss_vs_mmm_01,full_protoss_vs_mmm,legacy_r2_1300,True,9,far,16.9756,SIMPLE,type_split,horizontal,5,6,750,475,1.5789,strong_advantage,0.0,"{""COLOSSUS"": 1, ""STALKER"": 2, ""ZEALOT"": 2}","{""MARAUDER"": 2, ""MARINE"": 3, ""MEDIVAC"": 1}",6c5489088bca9ab7ce6e106a3b3fefde15b60c1e1e8c5c91d98c0982ec387c89
r2g_blind_compositional_1710,configs/blind_compositional/r2g_blind_compositional_1710.json,blind_compositional,full_protoss_vs_mmm_01,full_protoss_vs_mmm,legacy_r2_1300,True,10,near,8.98,OCTAGON,compact,vertical,5,6,750,475,1.5789,strong_advantage,0.0,"{""COLOSSUS"": 1, ""STALKER"": 2, ""ZEALOT"": 2}","{""MARAUDER"": 2, ""MARINE"": 3, ""MEDIVAC"": 1}",144bcb2b88a4512396f696f346ef539d4655b8007303789f7b96f74299c5469c
r2g_blind_compositional_1711,configs/blind_compositional/r2g_blind_compositional_1711.json,blind_compositional,full_protoss_vs_mmm_02,full_protoss_vs_mmm,legacy_r2_1300,True,1,medium,12.9451,NARROW,split,narrow_cross_gate,7,8,975,625,1.56,strong_advantage,0.0,"{""COLOSSUS"": 1, ""STALKER"": 3, ""ZEALOT"": 3}","{""MARAUDER"": 3, ""MARINE"": 4, ""MEDIVAC"": 1}",65ad63150d2197724cadc269bbb674f1f06179704758ae354fd2716b44eb7b64
r2g_blind_compositional_1712,configs/blind_compositional/r2g_blind_compositional_1712.json,blind_compositional,full_protoss_vs_mmm_02,full_protoss_vs_mmm,legacy_r2_1300,True,2,immediate,5.2312,OCTAGON,staggered,diag_down,7,8,975,625,1.56,strong_advantage,0.0,"{""COLOSSUS"": 1, ""STALKER"": 3, ""ZEALOT"": 3}","{""MARAUDER"": 3, ""MARINE"": 4, ""MEDIVAC"": 1}",35793084ddb0978178a86ecdc9ccd6254ff7f61084eba472b8e24ff086b7029b
r2g_blind_compositional_1713,configs/blind_compositional/r2g_blind_compositional_1713.json,blind_compositional,full_protoss_vs_mmm_02,full_protoss_vs_mmm,legacy_r2_1300,True,3,near,8.7328,SIMPLE,type_split,diag_up,7,8,975,625,1.56,strong_advantage,0.0,"{""COLOSSUS"": 1, ""STALKER"": 3, ""ZEALOT"": 3}","{""MARAUDER"": 3, ""MARINE"": 4, ""MEDIVAC"": 1}",bdfb2c4f329f951ae597cb4fec8731f443c4675b39508cc56ccfd231cd492921
r2g_blind_compositional_1714,configs/blind_compositional/r2g_blind_compositional_1714.json,blind_compositional,full_protoss_vs_mmm_02,full_protoss_vs_mmm,legacy_r2_1300,True,4,far,17.1876,SIMPLE,compact,horizontal,7,8,975,625,1.56,strong_advantage,0.0,"{""COLOSSUS"": 1, ""STALKER"": 3, ""ZEALOT"": 3}","{""MARAUDER"": 3, ""MARINE"": 4, ""MEDIVAC"": 1}",6c0d8b7dff69db47896d2c834223c1cd735fa1c284f70fd394cb6d00651bd3e0
r2g_blind_compositional_1715,configs/blind_compositional/r2g_blind_compositional_1715.json,blind_compositional,full_protoss_vs_mmm_02,full_protoss_vs_mmm,legacy_r2_1300,True,5,medium,12.8369,SIMPLE,split,diag_down,7,8,975,625,1.56,strong_advantage,0.0,"{""COLOSSUS"": 1, ""STALKER"": 3, ""ZEALOT"": 3}","{""MARAUDER"": 3, ""MARINE"": 4, ""MEDIVAC"": 1}",1a548e73b8e7894309b9ba09e7816fe274ab438914f0f5cfb0e3bb758d49bb2b
r2g_blind_compositional_1716,configs/blind_compositional/r2g_blind_compositional_1716.json,blind_compositional,full_protoss_vs_mmm_02,full_protoss_vs_mmm,legacy_r2_1300,True,6,immediate,5.3046,NARROW,staggered,narrow_same_side,7,8,975,625,1.56,strong_advantage,0.0,"{""COLOSSUS"": 1, ""STALKER"": 3, ""ZEALOT"": 3}","{""MARAUDER"": 3, ""MARINE"": 4, ""MEDIVAC"": 1}",68a5f8153cca0da641eab0cda4ef738b32c958322a9ca49d0605f0312165bd4f
r2g_blind_compositional_1717,configs/blind_compositional/r2g_blind_compositional_1717.json,blind_compositional,full_protoss_vs_mmm_02,full_protoss_vs_mmm,legacy_r2_1300,True,7,near,8.6652,NARROW,compact,narrow_same_side,7,8,975,625,1.56,strong_advantage,0.0,"{""COLOSSUS"": 1, ""STALKER"": 3, ""ZEALOT"": 3}","{""MARAUDER"": 3, ""MARINE"": 4, ""MEDIVAC"": 1}",2b4448fc01f7b1b43b108aa37312f4eaf79bb46fed132425b1b59a8423849ce5
r2g_blind_compositional_1718,configs/blind_compositional/r2g_blind_compositional_1718.json,blind_compositional,full_protoss_vs_mmm_02,full_protoss_vs_mmm,legacy_r2_1300,True,8,immediate,5.581,OCTAGON,compact,horizontal,7,8,975,625,1.56,strong_advantage,0.0,"{""COLOSSUS"": 1, ""STALKER"": 3, ""ZEALOT"": 3}","{""MARAUDER"": 3, ""MARINE"": 4, ""MEDIVAC"": 1}",f7b5d5a9099f806772053901b1038b49593c9795f9bd98db2ab765f15892416a
r2g_blind_compositional_1719,configs/blind_compositional/r2g_blind_compositional_1719.json,blind_compositional,full_protoss_vs_mmm_02,full_protoss_vs_mmm,legacy_r2_1300,True,9,near,8.6467,NARROW,split,narrow_same_side,7,8,975,625,1.56,strong_advantage,0.0,"{""COLOSSUS"": 1, ""STALKER"": 3, ""ZEALOT"": 3}","{""MARAUDER"": 3, ""MARINE"": 4, ""MEDIVAC"": 1}",e9ad5f571d484161322da47bcfefdc00fbb472303380110ea449e235fd93160c
r2g_blind_compositional_1720,configs/blind_compositional/r2g_blind_compositional_1720.json,blind_compositional,full_protoss_vs_mmm_02,full_protoss_vs_mmm,legacy_r2_1300,True,10,medium,12.7716,OCTAGON,staggered,diag_up,7,8,975,625,1.56,strong_advantage,0.0,"{""COLOSSUS"": 1, ""STALKER"": 3, ""ZEALOT"": 3}","{""MARAUDER"": 3, ""MARINE"": 4, ""MEDIVAC"": 1}",f81e82bfdc6b6df9f7ae0ff705f23edf5b22136da360d7a970376dc1fea741f4
r2g_blind_compositional_1721,configs/blind_compositional/r2g_blind_compositional_1721.json,blind_compositional,stalker_zealot_vs_swarm_01,stalker_zealot_vs_swarm,legacy_r2_1300,True,1,far,16.9916,SIMPLE,type_split,horizontal,4,9,450,300,1.5,strong_advantage,0.0,"{""STALKER"": 2, ""ZEALOT"": 2}","{""BANELING"": 3, ""ZERGLING"": 6}",39d03edc6abef5b561d0868763cb63a544913471468e5f8311f097c0d4e73de6
r2g_blind_compositional_1722,configs/blind_compositional/r2g_blind_compositional_1722.json,blind_compositional,stalker_zealot_vs_swarm_01,stalker_zealot_vs_swarm,legacy_r2_1300,True,2,near,8.6386,OCTAGON,compact,vertical,4,9,450,300,1.5,strong_advantage,0.0,"{""STALKER"": 2, ""ZEALOT"": 2}","{""BANELING"": 3, ""ZERGLING"": 6}",d94d1b6ced11651643f89069670cecc7c2efafccdc6ec73efe5353f0074faaa1
r2g_blind_compositional_1723,configs/blind_compositional/r2g_blind_compositional_1723.json,blind_compositional,stalker_zealot_vs_swarm_01,stalker_zealot_vs_swarm,legacy_r2_1300,True,3,medium,12.8359,NARROW,split,narrow_cross_gate,4,9,450,300,1.5,strong_advantage,0.0,"{""STALKER"": 2, ""ZEALOT"": 2}","{""BANELING"": 3, ""ZERGLING"": 6}",d641c3c4d42e87903586c1f36d97e82d2b9b1e96e5549960a8d57b2fde95e846
r2g_blind_compositional_1724,configs/blind_compositional/r2g_blind_compositional_1724.json,blind_compositional,stalker_zealot_vs_swarm_01,stalker_zealot_vs_swarm,legacy_r2_1300,True,4,immediate,5.2816,OCTAGON,staggered,diag_down,4,9,450,300,1.5,strong_advantage,0.0,"{""STALKER"": 2, ""ZEALOT"": 2}","{""BANELING"": 3, ""ZERGLING"": 6}",5a85c0f457df5821f6f974e3109c162946af25bf93cf1e5fcb6a336389f20f8a
r2g_blind_compositional_1725,configs/blind_compositional/r2g_blind_compositional_1725.json,blind_compositional,stalker_zealot_vs_swarm_01,stalker_zealot_vs_swarm,legacy_r2_1300,True,5,near,8.8302,SIMPLE,type_split,diag_up,4,9,450,300,1.5,strong_advantage,0.0,"{""STALKER"": 2, ""ZEALOT"": 2}","{""BANELING"": 3, ""ZERGLING"": 6}",3639cae22c1c981aba1a908d9849816c4c5019b9ef1b412f4535488d06a591ec
r2g_blind_compositional_1726,configs/blind_compositional/r2g_blind_compositional_1726.json,blind_compositional,stalker_zealot_vs_swarm_01,stalker_zealot_vs_swarm,legacy_r2_1300,True,6,far,16.9922,SIMPLE,compact,horizontal,4,9,450,300,1.5,strong_advantage,0.0,"{""STALKER"": 2, ""ZEALOT"": 2}","{""BANELING"": 3, ""ZERGLING"": 6}",8488b97260cb2bb6f02db8b784d4be3fa220c1dce81938fdb42808f2ba6c0599
r2g_blind_compositional_1727,configs/blind_compositional/r2g_blind_compositional_1727.json,blind_compositional,stalker_zealot_vs_swarm_01,stalker_zealot_vs_swarm,legacy_r2_1300,True,7,medium,12.7642,SIMPLE,split,diag_down,4,9,450,300,1.5,strong_advantage,0.0,"{""STALKER"": 2, ""ZEALOT"": 2}","{""BANELING"": 3, ""ZERGLING"": 6}",748c97a650c26499bed510b06518ae468c4c7989608c01c3a2111f0c3277f35e
r2g_blind_compositional_1728,configs/blind_compositional/r2g_blind_compositional_1728.json,blind_compositional,stalker_zealot_vs_swarm_01,stalker_zealot_vs_swarm,legacy_r2_1300,True,8,immediate,5.3945,NARROW,staggered,narrow_same_side,4,9,450,300,1.5,strong_advantage,0.0,"{""STALKER"": 2, ""ZEALOT"": 2}","{""BANELING"": 3, ""ZERGLING"": 6}",f306bd92fb9aad4380662f921f078201fcfd68b10d5635bd7d747fe26f51d726
r2g_blind_compositional_1729,configs/blind_compositional/r2g_blind_compositional_1729.json,blind_compositional,stalker_zealot_vs_swarm_01,stalker_zealot_vs_swarm,legacy_r2_1300,True,9,near,8.9326,NARROW,compact,narrow_same_side,4,9,450,300,1.5,strong_advantage,0.0,"{""STALKER"": 2, ""ZEALOT"": 2}","{""BANELING"": 3, ""ZERGLING"": 6}",b1b88350573b2435d16139be03d327b288d7e59d5c618e2962954d15f4719ccb
r2g_blind_compositional_1730,configs/blind_compositional/r2g_blind_compositional_1730.json,blind_compositional,stalker_zealot_vs_swarm_01,stalker_zealot_vs_swarm,legacy_r2_1300,True,10,immediate,5.4999,OCTAGON,compact,horizontal,4,9,450,300,1.5,strong_advantage,0.0,"{""STALKER"": 2, ""ZEALOT"": 2}","{""BANELING"": 3, ""ZERGLING"": 6}",9ac50b58f2664bf18c47efed60d6b30063fa9617385f9cd7886432d09481c21d
r2g_blind_compositional_1731,configs/blind_compositional/r2g_blind_compositional_1731.json,blind_compositional,stalker_zealot_vs_swarm_02,stalker_zealot_vs_swarm,legacy_r2_1300,True,1,near,8.697,NARROW,split,narrow_same_side,6,10,675,400,1.6875,strong_advantage,0.0,"{""STALKER"": 3, ""ZEALOT"": 3}","{""BANELING"": 6, ""ZERGLING"": 4}",903ae6d6b9344be7a8166c09a135a15dd3e0cb6882da17b7b7c9907c080cdfd9
r2g_blind_compositional_1732,configs/blind_compositional/r2g_blind_compositional_1732.json,blind_compositional,stalker_zealot_vs_swarm_02,stalker_zealot_vs_swarm,legacy_r2_1300,True,2,medium,12.9081,OCTAGON,staggered,diag_up,6,10,675,400,1.6875,strong_advantage,0.0,"{""STALKER"": 3, ""ZEALOT"": 3}","{""BANELING"": 6, ""ZERGLING"": 4}",72f5898389f0d77bee1663394d257e6a71d8bef455e5be56517d3b4535dacfef
r2g_blind_compositional_1733,configs/blind_compositional/r2g_blind_compositional_1733.json,blind_compositional,stalker_zealot_vs_swarm_02,stalker_zealot_vs_swarm,legacy_r2_1300,True,3,far,16.8807,SIMPLE,type_split,horizontal,6,10,675,400,1.6875,strong_advantage,0.0,"{""STALKER"": 3, ""ZEALOT"": 3}","{""BANELING"": 6, ""ZERGLING"": 4}",13d38c6098d65a44e28cd848aab75f1e9f3b4cfbcb5567fa61c1e9fc09b9086d
r2g_blind_compositional_1734,configs/blind_compositional/r2g_blind_compositional_1734.json,blind_compositional,stalker_zealot_vs_swarm_02,stalker_zealot_vs_swarm,legacy_r2_1300,True,4,near,8.904,OCTAGON,compact,vertical,6,10,675,400,1.6875,strong_advantage,0.0,"{""STALKER"": 3, ""ZEALOT"": 3}","{""BANELING"": 6, ""ZERGLING"": 4}",26ca73a8228eba54b8cc1e6077933df25565a716b028a966d8f9df247bc2742e
r2g_blind_compositional_1735,configs/blind_compositional/r2g_blind_compositional_1735.json,blind_compositional,stalker_zealot_vs_swarm_02,stalker_zealot_vs_swarm,legacy_r2_1300,True,5,medium,12.8552,NARROW,split,narrow_cross_gate,6,10,675,400,1.6875,strong_advantage,0.0,"{""STALKER"": 3, ""ZEALOT"": 3}","{""BANELING"": 6, ""ZERGLING"": 4}",df0213681620526a07acedc337c87774fd93bdb4985c51bb65785072b3e1cce5
r2g_blind_compositional_1736,configs/blind_compositional/r2g_blind_compositional_1736.json,blind_compositional,stalker_zealot_vs_swarm_02,stalker_zealot_vs_swarm,legacy_r2_1300,True,6,immediate,5.4896,OCTAGON,staggered,diag_down,6,10,675,400,1.6875,strong_advantage,0.0,"{""STALKER"": 3, ""ZEALOT"": 3}","{""BANELING"": 6, ""ZERGLING"": 4}",4d3bd0af5451c7485c82cac9a2a1d76b0b2919741d7ba3669e46c8f0813b6f8b
r2g_blind_compositional_1737,configs/blind_compositional/r2g_blind_compositional_1737.json,blind_compositional,stalker_zealot_vs_swarm_02,stalker_zealot_vs_swarm,legacy_r2_1300,True,7,near,8.6775,SIMPLE,type_split,diag_up,6,10,675,400,1.6875,strong_advantage,0.0,"{""STALKER"": 3, ""ZEALOT"": 3}","{""BANELING"": 6, ""ZERGLING"": 4}",242a71f2c0d56f54eca91bc0cfa5b31c0cd8815bd3c4b990db60db1f3ee3a17b
r2g_blind_compositional_1738,configs/blind_compositional/r2g_blind_compositional_1738.json,blind_compositional,stalker_zealot_vs_swarm_02,stalker_zealot_vs_swarm,legacy_r2_1300,True,8,far,17.0837,SIMPLE,compact,horizontal,6,10,675,400,1.6875,strong_advantage,0.0,"{""STALKER"": 3, ""ZEALOT"": 3}","{""BANELING"": 6, ""ZERGLING"": 4}",95ba416abd4a66c598c76c2d803169bcb853e6fa63cfe747866d082bb5cb3ea1
r2g_blind_compositional_1739,configs/blind_compositional/r2g_blind_compositional_1739.json,blind_compositional,stalker_zealot_vs_swarm_02,stalker_zealot_vs_swarm,legacy_r2_1300,True,9,medium,12.7231,SIMPLE,split,diag_down,6,10,675,400,1.6875,strong_advantage,0.0,"{""STALKER"": 3, ""ZEALOT"": 3}","{""BANELING"": 6, ""ZERGLING"": 4}",cf3ebe984ffd318662b4afe12139569d43b035c1f4dd9bef16431dc333dc89a1
r2g_blind_compositional_1740,configs/blind_compositional/r2g_blind_compositional_1740.json,blind_compositional,stalker_zealot_vs_swarm_02,stalker_zealot_vs_swarm,legacy_r2_1300,True,10,immediate,5.4126,NARROW,staggered,narrow_same_side,6,10,675,400,1.6875,strong_advantage,0.0,"{""STALKER"": 3, ""ZEALOT"": 3}","{""BANELING"": 6, ""ZERGLING"": 4}",e35a82cb6cff68c1b36b9ed284e347e935baafc37389ba80b5a2150304723d61
r2g_blind_compositional_1741,configs/blind_compositional/r2g_blind_compositional_1741.json,blind_compositional,marine_medivac_vs_swarm_01,marine_medivac_vs_swarm,legacy_r2_1300,True,1,near,8.7306,NARROW,compact,narrow_same_side,5,9,325,300,1.0833,balanced,0.530303,"{""MARINE"": 4, ""MEDIVAC"": 1}","{""BANELING"": 2, ""MARINE"": 1, ""ZERGLING"": 6}",51533b7dbc3d132336e7ffc92e6313f6d91ea685e190085aec38bafebf6de41c
r2g_blind_compositional_1742,configs/blind_compositional/r2g_blind_compositional_1742.json,blind_compositional,marine_medivac_vs_swarm_01,marine_medivac_vs_swarm,legacy_r2_1300,True,2,immediate,5.41,OCTAGON,compact,horizontal,5,9,325,300,1.0833,balanced,0.530303,"{""MARINE"": 4, ""MEDIVAC"": 1}","{""BANELING"": 2, ""MARINE"": 1, ""ZERGLING"": 6}",c74e555676bc4e7bb0ffc1e4263bc4aee3eddeff1df90787db5ba8f652a0730e
r2g_blind_compositional_1743,configs/blind_compositional/r2g_blind_compositional_1743.json,blind_compositional,marine_medivac_vs_swarm_01,marine_medivac_vs_swarm,legacy_r2_1300,True,3,near,8.7871,NARROW,split,narrow_same_side,5,9,325,300,1.0833,balanced,0.530303,"{""MARINE"": 4, ""MEDIVAC"": 1}","{""BANELING"": 2, ""MARINE"": 1, ""ZERGLING"": 6}",6e75ac73e41f2118001ce1df0f65182c8d03041d5e4123045d09a65c682edf50
r2g_blind_compositional_1744,configs/blind_compositional/r2g_blind_compositional_1744.json,blind_compositional,marine_medivac_vs_swarm_01,marine_medivac_vs_swarm,legacy_r2_1300,True,4,medium,12.9937,OCTAGON,staggered,diag_up,5,9,325,300,1.0833,balanced,0.530303,"{""MARINE"": 4, ""MEDIVAC"": 1}","{""BANELING"": 2, ""MARINE"": 1, ""ZERGLING"": 6}",62259058272eca3dd632a8cba06f3e479e65dfa44703bd36313345f495f8793f
r2g_blind_compositional_1745,configs/blind_compositional/r2g_blind_compositional_1745.json,blind_compositional,marine_medivac_vs_swarm_01,marine_medivac_vs_swarm,legacy_r2_1300,True,5,far,17.0654,SIMPLE,type_split,horizontal,5,9,325,300,1.0833,balanced,0.530303,"{""MARINE"": 4, ""MEDIVAC"": 1}","{""BANELING"": 2, ""MARINE"": 1, ""ZERGLING"": 6}",2f8e426e10ed93c29c597da2691459292fd348dbc1d955785fedff3448dc4b58
r2g_blind_compositional_1746,configs/blind_compositional/r2g_blind_compositional_1746.json,blind_compositional,marine_medivac_vs_swarm_01,marine_medivac_vs_swarm,legacy_r2_1300,True,6,near,8.7136,OCTAGON,compact,vertical,5,9,325,300,1.0833,balanced,0.530303,"{""MARINE"": 4, ""MEDIVAC"": 1}","{""BANELING"": 2, ""MARINE"": 1, ""ZERGLING"": 6}",965ffaf78147409b02cff8098b7608b7e733bfe2e786099c5233151969048cd5
r2g_blind_compositional_1747,configs/blind_compositional/r2g_blind_compositional_1747.json,blind_compositional,marine_medivac_vs_swarm_01,marine_medivac_vs_swarm,legacy_r2_1300,True,7,medium,12.615,NARROW,split,narrow_cross_gate,5,9,325,300,1.0833,balanced,0.530303,"{""MARINE"": 4, ""MEDIVAC"": 1}","{""BANELING"": 2, ""MARINE"": 1, ""ZERGLING"": 6}",74968d90ad9000b6a78682f83bf93b371e1a823e910cc0fe70c4faaca923af09
r2g_blind_compositional_1748,configs/blind_compositional/r2g_blind_compositional_1748.json,blind_compositional,marine_medivac_vs_swarm_01,marine_medivac_vs_swarm,legacy_r2_1300,True,8,immediate,5.2997,OCTAGON,staggered,diag_down,5,9,325,300,1.0833,balanced,0.530303,"{""MARINE"": 4, ""MEDIVAC"": 1}","{""BANELING"": 2, ""MARINE"": 1, ""ZERGLING"": 6}",6abc5d8b2b85d02643f3bdf678ca1f0bfe783eb14f2c23028a10caa2cffed8ee
r2g_blind_compositional_1749,configs/blind_compositional/r2g_blind_compositional_1749.json,blind_compositional,marine_medivac_vs_swarm_01,marine_medivac_vs_swarm,legacy_r2_1300,True,9,near,8.8655,SIMPLE,type_split,diag_up,5,9,325,300,1.0833,balanced,0.530303,"{""MARINE"": 4, ""MEDIVAC"": 1}","{""BANELING"": 2, ""MARINE"": 1, ""ZERGLING"": 6}",0723ba391665ef7aa58b0cb7916568e8f6d8eb85c3419eadb038d364f735460c
r2g_blind_compositional_1750,configs/blind_compositional/r2g_blind_compositional_1750.json,blind_compositional,marine_medivac_vs_swarm_01,marine_medivac_vs_swarm,legacy_r2_1300,True,10,far,17.113,SIMPLE,compact,horizontal,5,9,325,300,1.0833,balanced,0.530303,"{""MARINE"": 4, ""MEDIVAC"": 1}","{""BANELING"": 2, ""MARINE"": 1, ""ZERGLING"": 6}",d7633c6fa8731ff0aae0efea8eb54407603350bf74f0b934b5c0592f6b708810
r2g_blind_compositional_1751,configs/blind_compositional/r2g_blind_compositional_1751.json,blind_compositional,marine_medivac_vs_swarm_02,marine_medivac_vs_swarm,legacy_r2_1300,True,1,medium,12.893,SIMPLE,split,diag_down,7,10,425,350,1.2143,moderate_advantage,0.292208,"{""MARINE"": 6, ""MEDIVAC"": 1}","{""BANELING"": 3, ""MARINE"": 1, ""ZERGLING"": 6}",1dbd74f4fe744a1127108c5a53f640eb088bc1e3f39469ec8d9e2fa45b8b5977
r2g_blind_compositional_1752,configs/blind_compositional/r2g_blind_compositional_1752.json,blind_compositional,marine_medivac_vs_swarm_02,marine_medivac_vs_swarm,legacy_r2_1300,True,2,immediate,5.351,NARROW,staggered,narrow_same_side,7,10,425,350,1.2143,moderate_advantage,0.292208,"{""MARINE"": 6, ""MEDIVAC"": 1}","{""BANELING"": 3, ""MARINE"": 1, ""ZERGLING"": 6}",c00154c6f0b14403c1ca52abe5f2136ae76aac54e7d57b39536b7635251938fa
r2g_blind_compositional_1753,configs/blind_compositional/r2g_blind_compositional_1753.json,blind_compositional,marine_medivac_vs_swarm_02,marine_medivac_vs_swarm,legacy_r2_1300,True,3,near,8.6783,NARROW,compact,narrow_same_side,7,10,425,350,1.2143,moderate_advantage,0.292208,"{""MARINE"": 6, ""MEDIVAC"": 1}","{""BANELING"": 3, ""MARINE"": 1, ""ZERGLING"": 6}",2d94548dff14ce341b50937c6e74df7f90da13ac6261672a6527b67429579fb5
r2g_blind_compositional_1754,configs/blind_compositional/r2g_blind_compositional_1754.json,blind_compositional,marine_medivac_vs_swarm_02,marine_medivac_vs_swarm,legacy_r2_1300,True,4,immediate,5.3211,OCTAGON,compact,horizontal,7,10,425,350,1.2143,moderate_advantage,0.292208,"{""MARINE"": 6, ""MEDIVAC"": 1}","{""BANELING"": 3, ""MARINE"": 1, ""ZERGLING"": 6}",c01f2766e3051e485d24912e7b905dc3be21f62b378376c2414c32b46447b3ea
r2g_blind_compositional_1755,configs/blind_compositional/r2g_blind_compositional_1755.json,blind_compositional,marine_medivac_vs_swarm_02,marine_medivac_vs_swarm,legacy_r2_1300,True,5,near,8.7889,NARROW,split,narrow_same_side,7,10,425,350,1.2143,moderate_advantage,0.292208,"{""MARINE"": 6, ""MEDIVAC"": 1}","{""BANELING"": 3, ""MARINE"": 1, ""ZERGLING"": 6}",026f88e85d43eac62de1df64c535ebbeaf7a94d62cfbf949fe467273de048931
r2g_blind_compositional_1756,configs/blind_compositional/r2g_blind_compositional_1756.json,blind_compositional,marine_medivac_vs_swarm_02,marine_medivac_vs_swarm,legacy_r2_1300,True,6,medium,12.8971,OCTAGON,staggered,diag_up,7,10,425,350,1.2143,moderate_advantage,0.292208,"{""MARINE"": 6, ""MEDIVAC"": 1}","{""BANELING"": 3, ""MARINE"": 1, ""ZERGLING"": 6}",b6e5d556d32ffba8671aef72c6f487c759c229b090f3d19f548b39be1fe057f5
r2g_blind_compositional_1757,configs/blind_compositional/r2g_blind_compositional_1757.json,blind_compositional,marine_medivac_vs_swarm_02,marine_medivac_vs_swarm,legacy_r2_1300,True,7,far,17.0421,SIMPLE,type_split,horizontal,7,10,425,350,1.2143,moderate_advantage,0.292208,"{""MARINE"": 6, ""MEDIVAC"": 1}","{""BANELING"": 3, ""MARINE"": 1, ""ZERGLING"": 6}",876726fa81acf6517a500274ba0a04060f07e22dd80aac52a1dc876a433cb07e
r2g_blind_compositional_1758,configs/blind_compositional/r2g_blind_compositional_1758.json,blind_compositional,marine_medivac_vs_swarm_02,marine_medivac_vs_swarm,legacy_r2_1300,True,8,near,8.9105,OCTAGON,compact,vertical,7,10,425,350,1.2143,moderate_advantage,0.292208,"{""MARINE"": 6, ""MEDIVAC"": 1}","{""BANELING"": 3, ""MARINE"": 1, ""ZERGLING"": 6}",4526bf19b92fe45bb7e7ffa47181edd99c978448879c31fabc5a69b0f12b3e7a
r2g_blind_compositional_1759,configs/blind_compositional/r2g_blind_compositional_1759.json,blind_compositional,marine_medivac_vs_swarm_02,marine_medivac_vs_swarm,legacy_r2_1300,True,9,medium,12.8435,NARROW,split,narrow_cross_gate,7,10,425,350,1.2143,moderate_advantage,0.292208,"{""MARINE"": 6, ""MEDIVAC"": 1}","{""BANELING"": 3, ""MARINE"": 1, ""ZERGLING"": 6}",ba777827282320f0b92103abb8c4e43cf59fb6f76f6531f24433844713bd2b96
r2g_blind_compositional_1760,configs/blind_compositional/r2g_blind_compositional_1760.json,blind_compositional,marine_medivac_vs_swarm_02,marine_medivac_vs_swarm,legacy_r2_1300,True,10,immediate,5.4084,OCTAGON,staggered,diag_down,7,10,425,350,1.2143,moderate_advantage,0.292208,"{""MARINE"": 6, ""MEDIVAC"": 1}","{""BANELING"": 3, ""MARINE"": 1, ""ZERGLING"": 6}",2d2b9a97dc584374d08254f8bff5d56f9a5b507459668a9661a2743f4d8207c2
r2g_blind_compositional_1761,configs/blind_compositional/r2g_blind_compositional_1761.json,blind_compositional,terran_vs_stalker_colossus_01,terran_vs_stalker_colossus,legacy_r2_1300,True,1,near,8.7357,SIMPLE,type_split,diag_up,7,2,500,425,1.1765,moderate_advantage,0.360963,"{""MARAUDER"": 3, ""MARINE"": 4}","{""COLOSSUS"": 1, ""STALKER"": 1}",7e62e1175039de1151fb19dd38905aba0c98e3877aa923ed979ddaf627aa2ddb
r2g_blind_compositional_1762,configs/blind_compositional/r2g_blind_compositional_1762.json,blind_compositional,terran_vs_stalker_colossus_01,terran_vs_stalker_colossus,legacy_r2_1300,True,2,far,17.1698,SIMPLE,compact,horizontal,7,2,500,425,1.1765,moderate_advantage,0.360963,"{""MARAUDER"": 3, ""MARINE"": 4}","{""COLOSSUS"": 1, ""STALKER"": 1}",bd64b8d45b71c14b026ce85723ccc192553fceaded6f2bba0737c36f91530335
r2g_blind_compositional_1763,configs/blind_compositional/r2g_blind_compositional_1763.json,blind_compositional,terran_vs_stalker_colossus_01,terran_vs_stalker_colossus,legacy_r2_1300,True,3,medium,12.6015,SIMPLE,split,diag_down,7,2,500,425,1.1765,moderate_advantage,0.360963,"{""MARAUDER"": 3, ""MARINE"": 4}","{""COLOSSUS"": 1, ""STALKER"": 1}",0fa054fdd364924bde6222d0d7b05c4f03b92b35035b8fedfb8f0271bfaf4dd8
r2g_blind_compositional_1764,configs/blind_compositional/r2g_blind_compositional_1764.json,blind_compositional,terran_vs_stalker_colossus_01,terran_vs_stalker_colossus,legacy_r2_1300,True,4,immediate,5.4265,NARROW,staggered,narrow_same_side,7,2,500,425,1.1765,moderate_advantage,0.360963,"{""MARAUDER"": 3, ""MARINE"": 4}","{""COLOSSUS"": 1, ""STALKER"": 1}",3e68a3d2a58a7ff00ac56fa90c519d9d2b10b8217baa1d26be898cc329b51a9b
r2g_blind_compositional_1765,configs/blind_compositional/r2g_blind_compositional_1765.json,blind_compositional,terran_vs_stalker_colossus_01,terran_vs_stalker_colossus,legacy_r2_1300,True,5,near,8.7344,NARROW,compact,narrow_same_side,7,2,500,425,1.1765,moderate_advantage,0.360963,"{""MARAUDER"": 3, ""MARINE"": 4}","{""COLOSSUS"": 1, ""STALKER"": 1}",e7db06a15faff030767c13b0f8269803b30cccab4bca80b93ed167f52dd1a23c
r2g_blind_compositional_1766,configs/blind_compositional/r2g_blind_compositional_1766.json,blind_compositional,terran_vs_stalker_colossus_01,terran_vs_stalker_colossus,legacy_r2_1300,True,6,immediate,5.3997,OCTAGON,compact,horizontal,7,2,500,425,1.1765,moderate_advantage,0.360963,"{""MARAUDER"": 3, ""MARINE"": 4}","{""COLOSSUS"": 1, ""STALKER"": 1}",51628c109d1848af9cb33718ffde8d2f7bc43db7f539620e08316fd1f30aaab0
r2g_blind_compositional_1767,configs/blind_compositional/r2g_blind_compositional_1767.json,blind_compositional,terran_vs_stalker_colossus_01,terran_vs_stalker_colossus,legacy_r2_1300,True,7,near,8.7091,NARROW,split,narrow_same_side,7,2,500,425,1.1765,moderate_advantage,0.360963,"{""MARAUDER"": 3, ""MARINE"": 4}","{""COLOSSUS"": 1, ""STALKER"": 1}",1275ce99c77a89ddcd4d79058d66dcd1e90377e7fc2430aeea7b26a20b79d7df
r2g_blind_compositional_1768,configs/blind_compositional/r2g_blind_compositional_1768.json,blind_compositional,terran_vs_stalker_colossus_01,terran_vs_stalker_colossus,legacy_r2_1300,True,8,medium,12.9567,OCTAGON,staggered,diag_up,7,2,500,425,1.1765,moderate_advantage,0.360963,"{""MARAUDER"": 3, ""MARINE"": 4}","{""COLOSSUS"": 1, ""STALKER"": 1}",500423a37d0e50195e95445957602350672874c29f91e8648d585f90057c5a99
r2g_blind_compositional_1769,configs/blind_compositional/r2g_blind_compositional_1769.json,blind_compositional,terran_vs_stalker_colossus_01,terran_vs_stalker_colossus,legacy_r2_1300,True,9,far,16.9122,SIMPLE,type_split,horizontal,7,2,500,425,1.1765,moderate_advantage,0.360963,"{""MARAUDER"": 3, ""MARINE"": 4}","{""COLOSSUS"": 1, ""STALKER"": 1}",a4071d75c7ad169e301d5f41ae514e6fde72d2819f4779650aac78b0f70d8ec6
r2g_blind_compositional_1770,configs/blind_compositional/r2g_blind_compositional_1770.json,blind_compositional,terran_vs_stalker_colossus_01,terran_vs_stalker_colossus,legacy_r2_1300,True,10,near,8.8854,OCTAGON,compact,vertical,7,2,500,425,1.1765,moderate_advantage,0.360963,"{""MARAUDER"": 3, ""MARINE"": 4}","{""COLOSSUS"": 1, ""STALKER"": 1}",ae6f973db9df8629ccb020783e883f3c319115ffaee876dd168abd3bec7d49f1
r2g_blind_compositional_1771,configs/blind_compositional/r2g_blind_compositional_1771.json,blind_compositional,terran_vs_stalker_colossus_02,terran_vs_stalker_colossus,legacy_r2_1300,True,1,medium,12.9838,NARROW,split,narrow_cross_gate,9,3,650,550,1.1818,moderate_advantage,0.35124,"{""MARAUDER"": 4, ""MARINE"": 5}","{""COLOSSUS"": 1, ""STALKER"": 2}",784e2f536aad452216151d5994e60058f8e0ab2cb941af6d3485bdb354930796
r2g_blind_compositional_1772,configs/blind_compositional/r2g_blind_compositional_1772.json,blind_compositional,terran_vs_stalker_colossus_02,terran_vs_stalker_colossus,legacy_r2_1300,True,2,immediate,5.3772,OCTAGON,staggered,diag_down,9,3,650,550,1.1818,moderate_advantage,0.35124,"{""MARAUDER"": 4, ""MARINE"": 5}","{""COLOSSUS"": 1, ""STALKER"": 2}",6159d0b2c51b8eb7e2e0a022c461b5c6ae9ed67a34663c049266d2edfb08ec27
r2g_blind_compositional_1773,configs/blind_compositional/r2g_blind_compositional_1773.json,blind_compositional,terran_vs_stalker_colossus_02,terran_vs_stalker_colossus,legacy_r2_1300,True,3,near,8.9905,SIMPLE,type_split,diag_up,9,3,650,550,1.1818,moderate_advantage,0.35124,"{""MARAUDER"": 4, ""MARINE"": 5}","{""COLOSSUS"": 1, ""STALKER"": 2}",3495ff43838eb6100cdb59ea0ce14fe4fbfc21a3a3d47e380760cffae69875fe
r2g_blind_compositional_1774,configs/blind_compositional/r2g_blind_compositional_1774.json,blind_compositional,terran_vs_stalker_colossus_02,terran_vs_stalker_colossus,legacy_r2_1300,True,4,far,16.86,SIMPLE,compact,horizontal,9,3,650,550,1.1818,moderate_advantage,0.35124,"{""MARAUDER"": 4, ""MARINE"": 5}","{""COLOSSUS"": 1, ""STALKER"": 2}",fd42fea814538ce4b4015dab630fbfc02457eb0b2c8814ddb0f3baef15d4bdb6
r2g_blind_compositional_1775,configs/blind_compositional/r2g_blind_compositional_1775.json,blind_compositional,terran_vs_stalker_colossus_02,terran_vs_stalker_colossus,legacy_r2_1300,True,5,medium,12.6686,SIMPLE,split,diag_down,9,3,650,550,1.1818,moderate_advantage,0.35124,"{""MARAUDER"": 4, ""MARINE"": 5}","{""COLOSSUS"": 1, ""STALKER"": 2}",e1e7533cbfc731e5776ccd345ff00854424ec2aceadbd9fd627ff2d6715c9283
r2g_blind_compositional_1776,configs/blind_compositional/r2g_blind_compositional_1776.json,blind_compositional,terran_vs_stalker_colossus_02,terran_vs_stalker_colossus,legacy_r2_1300,True,6,immediate,5.2849,NARROW,staggered,narrow_same_side,9,3,650,550,1.1818,moderate_advantage,0.35124,"{""MARAUDER"": 4, ""MARINE"": 5}","{""COLOSSUS"": 1, ""STALKER"": 2}",3ece927ac58cb97a14ae08bafaa581a1cdd5990c374f94a2be09b15d5cf4e473
r2g_blind_compositional_1777,configs/blind_compositional/r2g_blind_compositional_1777.json,blind_compositional,terran_vs_stalker_colossus_02,terran_vs_stalker_colossus,legacy_r2_1300,True,7,near,8.6498,NARROW,compact,narrow_same_side,9,3,650,550,1.1818,moderate_advantage,0.35124,"{""MARAUDER"": 4, ""MARINE"": 5}","{""COLOSSUS"": 1, ""STALKER"": 2}",1f92d7b29c1dc437a4aee528910c754bf7f5ea0cb1471a57bcba5ec1febb571b
r2g_blind_compositional_1778,configs/blind_compositional/r2g_blind_compositional_1778.json,blind_compositional,terran_vs_stalker_colossus_02,terran_vs_stalker_colossus,legacy_r2_1300,True,8,immediate,5.5411,OCTAGON,compact,horizontal,9,3,650,550,1.1818,moderate_advantage,0.35124,"{""MARAUDER"": 4, ""MARINE"": 5}","{""COLOSSUS"": 1, ""STALKER"": 2}",df8f4afb5d57a42bd3d24af28ecde280b97e5eb14c4f38dd3a2bb0fe45b6efb6
r2g_blind_compositional_1779,configs/blind_compositional/r2g_blind_compositional_1779.json,blind_compositional,terran_vs_stalker_colossus_02,terran_vs_stalker_colossus,legacy_r2_1300,True,9,near,8.6408,NARROW,split,narrow_same_side,9,3,650,550,1.1818,moderate_advantage,0.35124,"{""MARAUDER"": 4, ""MARINE"": 5}","{""COLOSSUS"": 1, ""STALKER"": 2}",17f2f02714282d5c1f4bfdd102c4ada5f1f324066341d8d6bfda30a0759a45f8
r2g_blind_compositional_1780,configs/blind_compositional/r2g_blind_compositional_1780.json,blind_compositional,terran_vs_stalker_colossus_02,terran_vs_stalker_colossus,legacy_r2_1300,True,10,medium,12.7371,OCTAGON,staggered,diag_up,9,3,650,550,1.1818,moderate_advantage,0.35124,"{""MARAUDER"": 4, ""MARINE"": 5}","{""COLOSSUS"": 1, ""STALKER"": 2}",17b3565d8058acd5aaaca5791bef8f5fb608c9669e11144ab276e828ae592e3c
r2g_blind_compositional_1781,configs/blind_compositional/r2g_blind_compositional_1781.json,blind_compositional,mmm_vs_stalker_zealot_01,mmm_vs_stalker_zealot,legacy_r2_1300,True,1,far,16.9762,SIMPLE,type_split,horizontal,7,4,525,450,1.1667,moderate_advantage,0.378788,"{""MARAUDER"": 2, ""MARINE"": 4, ""MEDIVAC"": 1}","{""STALKER"": 2, ""ZEALOT"": 2}",32a527561be8ec0335a56a6be505547c6e36e89c78d56bbb2c4bc3aef4a85b7f
r2g_blind_compositional_1782,configs/blind_compositional/r2g_blind_compositional_1782.json,blind_compositional,mmm_vs_stalker_zealot_01,mmm_vs_stalker_zealot,legacy_r2_1300,True,2,near,8.785,OCTAGON,compact,vertical,7,4,525,450,1.1667,moderate_advantage,0.378788,"{""MARAUDER"": 2, ""MARINE"": 4, ""MEDIVAC"": 1}","{""STALKER"": 2, ""ZEALOT"": 2}",e9c2da12d92d8b0de2a9239119323d9c9b1091c646c3ff07121646a30d50516c
r2g_blind_compositional_1783,configs/blind_compositional/r2g_blind_compositional_1783.json,blind_compositional,mmm_vs_stalker_zealot_01,mmm_vs_stalker_zealot,legacy_r2_1300,True,3,medium,12.7871,NARROW,split,narrow_cross_gate,7,4,525,450,1.1667,moderate_advantage,0.378788,"{""MARAUDER"": 2, ""MARINE"": 4, ""MEDIVAC"": 1}","{""STALKER"": 2, ""ZEALOT"": 2}",993e71ee00a648c3b1b7c49fdea6cdac21dd24e89e8bbef548742c64d3c8ba93
r2g_blind_compositional_1784,configs/blind_compositional/r2g_blind_compositional_1784.json,blind_compositional,mmm_vs_stalker_zealot_01,mmm_vs_stalker_zealot,legacy_r2_1300,True,4,immediate,5.4665,OCTAGON,staggered,diag_down,7,4,525,450,1.1667,moderate_advantage,0.378788,"{""MARAUDER"": 2, ""MARINE"": 4, ""MEDIVAC"": 1}","{""STALKER"": 2, ""ZEALOT"": 2}",221836c20b6a388b4f8c12f8f48fb12fb573879e6ea28679b0332b495bf94a90
r2g_blind_compositional_1785,configs/blind_compositional/r2g_blind_compositional_1785.json,blind_compositional,mmm_vs_stalker_zealot_01,mmm_vs_stalker_zealot,legacy_r2_1300,True,5,near,8.8038,SIMPLE,type_split,diag_up,7,4,525,450,1.1667,moderate_advantage,0.378788,"{""MARAUDER"": 2, ""MARINE"": 4, ""MEDIVAC"": 1}","{""STALKER"": 2, ""ZEALOT"": 2}",0d79b38c602ba5b0da20b77d8af657c76fbffa5ba8e3d9ea8a63769fa512df52
r2g_blind_compositional_1786,configs/blind_compositional/r2g_blind_compositional_1786.json,blind_compositional,mmm_vs_stalker_zealot_01,mmm_vs_stalker_zealot,legacy_r2_1300,True,6,far,16.8825,SIMPLE,compact,horizontal,7,4,525,450,1.1667,moderate_advantage,0.378788,"{""MARAUDER"": 2, ""MARINE"": 4, ""MEDIVAC"": 1}","{""STALKER"": 2, ""ZEALOT"": 2}",81bfbc0f678a12d4a45e2cd1ae8ba25380948c3c31d3b5a708225a32ffad93e0
r2g_blind_compositional_1787,configs/blind_compositional/r2g_blind_compositional_1787.json,blind_compositional,mmm_vs_stalker_zealot_01,mmm_vs_stalker_zealot,legacy_r2_1300,True,7,medium,12.6909,SIMPLE,split,diag_down,7,4,525,450,1.1667,moderate_advantage,0.378788,"{""MARAUDER"": 2, ""MARINE"": 4, ""MEDIVAC"": 1}","{""STALKER"": 2, ""ZEALOT"": 2}",f30102b5c7e01a17b1ebe16195372d6eb07eefd50695118d39f7186935d07f71
r2g_blind_compositional_1788,configs/blind_compositional/r2g_blind_compositional_1788.json,blind_compositional,mmm_vs_stalker_zealot_01,mmm_vs_stalker_zealot,legacy_r2_1300,True,8,immediate,5.5475,NARROW,staggered,narrow_same_side,7,4,525,450,1.1667,moderate_advantage,0.378788,"{""MARAUDER"": 2, ""MARINE"": 4, ""MEDIVAC"": 1}","{""STALKER"": 2, ""ZEALOT"": 2}",6a3d436be437f52e60f4be6b06d34134563927af82757de2bd410b5ae56ca549
r2g_blind_compositional_1789,configs/blind_compositional/r2g_blind_compositional_1789.json,blind_compositional,mmm_vs_stalker_zealot_01,mmm_vs_stalker_zealot,legacy_r2_1300,True,9,near,8.7041,NARROW,compact,narrow_same_side,7,4,525,450,1.1667,moderate_advantage,0.378788,"{""MARAUDER"": 2, ""MARINE"": 4, ""MEDIVAC"": 1}","{""STALKER"": 2, ""ZEALOT"": 2}",1203521df0aa9644c77cf8cb8df0886d9b915c831840d86f876aebf67f31912a
r2g_blind_compositional_1790,configs/blind_compositional/r2g_blind_compositional_1790.json,blind_compositional,mmm_vs_stalker_zealot_01,mmm_vs_stalker_zealot,legacy_r2_1300,True,10,immediate,5.5855,OCTAGON,compact,horizontal,7,4,525,450,1.1667,moderate_advantage,0.378788,"{""MARAUDER"": 2, ""MARINE"": 4, ""MEDIVAC"": 1}","{""STALKER"": 2, ""ZEALOT"": 2}",0579b8aca66b21f82add2450351676dc2488ed34de08abbf1beaf192cbaacb9b
r2g_blind_compositional_1791,configs/blind_compositional/r2g_blind_compositional_1791.json,blind_compositional,mmm_vs_stalker_zealot_02,mmm_vs_stalker_zealot,legacy_r2_1300,True,1,near,8.8327,NARROW,split,narrow_same_side,9,5,675,575,1.1739,moderate_advantage,0.365613,"{""MARAUDER"": 3, ""MARINE"": 5, ""MEDIVAC"": 1}","{""STALKER"": 3, ""ZEALOT"": 2}",8689541813706d27d96b1facc7d209d9e8adfa38aa2cd440ce1278d9da4d70eb
r2g_blind_compositional_1792,configs/blind_compositional/r2g_blind_compositional_1792.json,blind_compositional,mmm_vs_stalker_zealot_02,mmm_vs_stalker_zealot,legacy_r2_1300,True,2,medium,12.9701,OCTAGON,staggered,diag_up,9,5,675,575,1.1739,moderate_advantage,0.365613,"{""MARAUDER"": 3, ""MARINE"": 5, ""MEDIVAC"": 1}","{""STALKER"": 3, ""ZEALOT"": 2}",7f9c5eb50715ff78538e72c2a4f66f614896afc843bb7fc1f8277cfb9f3352b9
r2g_blind_compositional_1793,configs/blind_compositional/r2g_blind_compositional_1793.json,blind_compositional,mmm_vs_stalker_zealot_02,mmm_vs_stalker_zealot,legacy_r2_1300,True,3,far,16.8786,SIMPLE,type_split,horizontal,9,5,675,575,1.1739,moderate_advantage,0.365613,"{""MARAUDER"": 3, ""MARINE"": 5, ""MEDIVAC"": 1}","{""STALKER"": 3, ""ZEALOT"": 2}",f490164cd65ea204e1fc4f6b7cdfdcaee7e9fb276683a636f7daae5dfc6da18b
r2g_blind_compositional_1794,configs/blind_compositional/r2g_blind_compositional_1794.json,blind_compositional,mmm_vs_stalker_zealot_02,mmm_vs_stalker_zealot,legacy_r2_1300,True,4,near,8.8728,OCTAGON,compact,vertical,9,5,675,575,1.1739,moderate_advantage,0.365613,"{""MARAUDER"": 3, ""MARINE"": 5, ""MEDIVAC"": 1}","{""STALKER"": 3, ""ZEALOT"": 2}",f9ae0b746fe8705fbc9bc9525ee1486384000d5f3de0430c632104f73ecde3b4
r2g_blind_compositional_1795,configs/blind_compositional/r2g_blind_compositional_1795.json,blind_compositional,mmm_vs_stalker_zealot_02,mmm_vs_stalker_zealot,legacy_r2_1300,True,5,medium,12.894,NARROW,split,narrow_cross_gate,9,5,675,575,1.1739,moderate_advantage,0.365613,"{""MARAUDER"": 3, ""MARINE"": 5, ""MEDIVAC"": 1}","{""STALKER"": 3, ""ZEALOT"": 2}",af02e7cf0212188925476d10b57e78f87e82d37cf110b1ea0a9f7ea3d6b4e762
r2g_blind_compositional_1796,configs/blind_compositional/r2g_blind_compositional_1796.json,blind_compositional,mmm_vs_stalker_zealot_02,mmm_vs_stalker_zealot,legacy_r2_1300,True,6,immediate,5.3549,OCTAGON,staggered,diag_down,9,5,675,575,1.1739,moderate_advantage,0.365613,"{""MARAUDER"": 3, ""MARINE"": 5, ""MEDIVAC"": 1}","{""STALKER"": 3, ""ZEALOT"": 2}",ef98673fe928807c0ec59116755a517cf7d5468dc13f34a020512bed4e971813
r2g_blind_compositional_1797,configs/blind_compositional/r2g_blind_compositional_1797.json,blind_compositional,mmm_vs_stalker_zealot_02,mmm_vs_stalker_zealot,legacy_r2_1300,True,7,near,8.7331,SIMPLE,type_split,diag_up,9,5,675,575,1.1739,moderate_advantage,0.365613,"{""MARAUDER"": 3, ""MARINE"": 5, ""MEDIVAC"": 1}","{""STALKER"": 3, ""ZEALOT"": 2}",e7a3ebac87cf025273ecd9bf66c72ab124915c2d3a6b9c6c2dad5fa35f19456a
r2g_blind_compositional_1798,configs/blind_compositional/r2g_blind_compositional_1798.json,blind_compositional,mmm_vs_stalker_zealot_02,mmm_vs_stalker_zealot,legacy_r2_1300,True,8,far,16.9187,SIMPLE,compact,horizontal,9,5,675,575,1.1739,moderate_advantage,0.365613,"{""MARAUDER"": 3, ""MARINE"": 5, ""MEDIVAC"": 1}","{""STALKER"": 3, ""ZEALOT"": 2}",735e34e7c9ff9603961f580edf1b83f40de4841b5023bd92f9ff7070e471ec90
r2g_blind_compositional_1799,configs/blind_compositional/r2g_blind_compositional_1799.json,blind_compositional,mmm_vs_stalker_zealot_02,mmm_vs_stalker_zealot,legacy_r2_1300,True,9,medium,12.7835,SIMPLE,split,diag_down,9,5,675,575,1.1739,moderate_advantage,0.365613,"{""MARAUDER"": 3, ""MARINE"": 5, ""MEDIVAC"": 1}","{""STALKER"": 3, ""ZEALOT"": 2}",93af4e0322304d917f26c503893a6804dd5439494f23cce4075f5fcd7f48e53a
r2g_blind_compositional_1800,configs/blind_compositional/r2g_blind_compositional_1800.json,blind_compositional,mmm_vs_stalker_zealot_02,mmm_vs_stalker_zealot,legacy_r2_1300,True,10,immediate,5.2754,NARROW,staggered,narrow_same_side,9,5,675,575,1.1739,moderate_advantage,0.365613,"{""MARAUDER"": 3, ""MARINE"": 5, ""MEDIVAC"": 1}","{""STALKER"": 3, ""ZEALOT"": 2}",1cb596c75e26463d4bc6543240479c50e1e17ce9e5e04d14ca997ca8213e288f
r2g_blind_compositional_1801,configs/blind_compositional/r2g_blind_compositional_1801.json,blind_compositional,stalker_zealot_vs_mmm_01,stalker_zealot_vs_mmm,legacy_r2_1300,True,1,near,8.6838,NARROW,compact,narrow_same_side,5,5,575,375,1.5333,strong_advantage,0.0,"{""STALKER"": 3, ""ZEALOT"": 2}","{""MARAUDER"": 1, ""MARINE"": 3, ""MEDIVAC"": 1}",cd11fc0344bec37a0fe27e75a4c205823d10cc4b85610d02f389fdb72402fe7f
r2g_blind_compositional_1802,configs/blind_compositional/r2g_blind_compositional_1802.json,blind_compositional,stalker_zealot_vs_mmm_01,stalker_zealot_vs_mmm,legacy_r2_1300,True,2,immediate,5.2254,OCTAGON,compact,horizontal,5,5,575,375,1.5333,strong_advantage,0.0,"{""STALKER"": 3, ""ZEALOT"": 2}","{""MARAUDER"": 1, ""MARINE"": 3, ""MEDIVAC"": 1}",064dfd83f0e70892515c740421db14b4acb5b203ccf9e4fc2af2cd0828e1cf22
r2g_blind_compositional_1803,configs/blind_compositional/r2g_blind_compositional_1803.json,blind_compositional,stalker_zealot_vs_mmm_01,stalker_zealot_vs_mmm,legacy_r2_1300,True,3,near,8.9179,NARROW,split,narrow_same_side,5,5,575,375,1.5333,strong_advantage,0.0,"{""STALKER"": 3, ""ZEALOT"": 2}","{""MARAUDER"": 1, ""MARINE"": 3, ""MEDIVAC"": 1}",4cbdf9bcbeb57bab1629d1d3f94ebf983bf835045f6964f4c86bf52c7aac4055
r2g_blind_compositional_1804,configs/blind_compositional/r2g_blind_compositional_1804.json,blind_compositional,stalker_zealot_vs_mmm_01,stalker_zealot_vs_mmm,legacy_r2_1300,True,4,medium,12.6874,OCTAGON,staggered,diag_up,5,5,575,375,1.5333,strong_advantage,0.0,"{""STALKER"": 3, ""ZEALOT"": 2}","{""MARAUDER"": 1, ""MARINE"": 3, ""MEDIVAC"": 1}",656471690739514d3741d9f73f0d9c926ec486d1f186530bb170e88d645d92bf
r2g_blind_compositional_1805,configs/blind_compositional/r2g_blind_compositional_1805.json,blind_compositional,stalker_zealot_vs_mmm_01,stalker_zealot_vs_mmm,legacy_r2_1300,True,5,far,17.0446,SIMPLE,type_split,horizontal,5,5,575,375,1.5333,strong_advantage,0.0,"{""STALKER"": 3, ""ZEALOT"": 2}","{""MARAUDER"": 1, ""MARINE"": 3, ""MEDIVAC"": 1}",078a9bde850e4b76504c171f3a7531478304e0c73e3de92cb84348a0ce1a5905
r2g_blind_compositional_1806,configs/blind_compositional/r2g_blind_compositional_1806.json,blind_compositional,stalker_zealot_vs_mmm_01,stalker_zealot_vs_mmm,legacy_r2_1300,True,6,near,8.7737,OCTAGON,compact,vertical,5,5,575,375,1.5333,strong_advantage,0.0,"{""STALKER"": 3, ""ZEALOT"": 2}","{""MARAUDER"": 1, ""MARINE"": 3, ""MEDIVAC"": 1}",b39ba77cdfafd75719400fa88cf9f7c105c4c8f01480ba0d5100af15f58a8f40
r2g_blind_compositional_1807,configs/blind_compositional/r2g_blind_compositional_1807.json,blind_compositional,stalker_zealot_vs_mmm_01,stalker_zealot_vs_mmm,legacy_r2_1300,True,7,medium,12.7041,NARROW,split,narrow_cross_gate,5,5,575,375,1.5333,strong_advantage,0.0,"{""STALKER"": 3, ""ZEALOT"": 2}","{""MARAUDER"": 1, ""MARINE"": 3, ""MEDIVAC"": 1}",97c14a4e59b8692a823ad17a6da89e5063187b054f0ed2009df3d4ac16be549e
r2g_blind_compositional_1808,configs/blind_compositional/r2g_blind_compositional_1808.json,blind_compositional,stalker_zealot_vs_mmm_01,stalker_zealot_vs_mmm,legacy_r2_1300,True,8,immediate,5.5526,OCTAGON,staggered,diag_down,5,5,575,375,1.5333,strong_advantage,0.0,"{""STALKER"": 3, ""ZEALOT"": 2}","{""MARAUDER"": 1, ""MARINE"": 3, ""MEDIVAC"": 1}",3b419325aaa31b8cbc4cea17c04ada890f660e43ac5de4dd9f7bd784a0db7f7c
r2g_blind_compositional_1809,configs/blind_compositional/r2g_blind_compositional_1809.json,blind_compositional,stalker_zealot_vs_mmm_01,stalker_zealot_vs_mmm,legacy_r2_1300,True,9,near,8.9333,SIMPLE,type_split,diag_up,5,5,575,375,1.5333,strong_advantage,0.0,"{""STALKER"": 3, ""ZEALOT"": 2}","{""MARAUDER"": 1, ""MARINE"": 3, ""MEDIVAC"": 1}",b9643dc116d0ed5d3e911c12ef69ff4f4c6a960358511ddc3b8b74c32b90e406
r2g_blind_compositional_1810,configs/blind_compositional/r2g_blind_compositional_1810.json,blind_compositional,stalker_zealot_vs_mmm_01,stalker_zealot_vs_mmm,legacy_r2_1300,True,10,far,16.9984,SIMPLE,compact,horizontal,5,5,575,375,1.5333,strong_advantage,0.0,"{""STALKER"": 3, ""ZEALOT"": 2}","{""MARAUDER"": 1, ""MARINE"": 3, ""MEDIVAC"": 1}",17f4bd60b3c75a7f296658da08cbaea869e83be74a5abbb176b4b58c17526c54
r2g_blind_compositional_1811,configs/blind_compositional/r2g_blind_compositional_1811.json,blind_compositional,stalker_zealot_vs_mmm_02,stalker_zealot_vs_mmm,legacy_r2_1300,True,1,medium,12.6165,SIMPLE,split,diag_down,7,7,800,525,1.5238,strong_advantage,0.0,"{""STALKER"": 4, ""ZEALOT"": 3}","{""MARAUDER"": 2, ""MARINE"": 4, ""MEDIVAC"": 1}",da6e6f0b35b8067499380ccebe5aa1aafb80419da57d0a0fcbf976796c004bda
r2g_blind_compositional_1812,configs/blind_compositional/r2g_blind_compositional_1812.json,blind_compositional,stalker_zealot_vs_mmm_02,stalker_zealot_vs_mmm,legacy_r2_1300,True,2,immediate,5.3133,NARROW,staggered,narrow_same_side,7,7,800,525,1.5238,strong_advantage,0.0,"{""STALKER"": 4, ""ZEALOT"": 3}","{""MARAUDER"": 2, ""MARINE"": 4, ""MEDIVAC"": 1}",b028ff5309b574bbb93b4a59a24d2fd6d8adfd108ebe826e6649930ab560aaa5
r2g_blind_compositional_1813,configs/blind_compositional/r2g_blind_compositional_1813.json,blind_compositional,stalker_zealot_vs_mmm_02,stalker_zealot_vs_mmm,legacy_r2_1300,True,3,near,8.8096,NARROW,compact,narrow_same_side,7,7,800,525,1.5238,strong_advantage,0.0,"{""STALKER"": 4, ""ZEALOT"": 3}","{""MARAUDER"": 2, ""MARINE"": 4, ""MEDIVAC"": 1}",613f10a6b7fb49043ce016f75928f8f6bda3f8b6d0b3f20bf9751c078406da91
r2g_blind_compositional_1814,configs/blind_compositional/r2g_blind_compositional_1814.json,blind_compositional,stalker_zealot_vs_mmm_02,stalker_zealot_vs_mmm,legacy_r2_1300,True,4,immediate,5.3126,OCTAGON,compact,horizontal,7,7,800,525,1.5238,strong_advantage,0.0,"{""STALKER"": 4, ""ZEALOT"": 3}","{""MARAUDER"": 2, ""MARINE"": 4, ""MEDIVAC"": 1}",1dfb4f50bab4af2e777853fb4a701ffb171412de3365c03f2d712ba408d35d17
r2g_blind_compositional_1815,configs/blind_compositional/r2g_blind_compositional_1815.json,blind_compositional,stalker_zealot_vs_mmm_02,stalker_zealot_vs_mmm,legacy_r2_1300,True,5,near,8.6381,NARROW,split,narrow_same_side,7,7,800,525,1.5238,strong_advantage,0.0,"{""STALKER"": 4, ""ZEALOT"": 3}","{""MARAUDER"": 2, ""MARINE"": 4, ""MEDIVAC"": 1}",2ef7cf81f5bbb4c4ebbf051a4d2e0b530df9181780c437f11dd1c1ac97982818
r2g_blind_compositional_1816,configs/blind_compositional/r2g_blind_compositional_1816.json,blind_compositional,stalker_zealot_vs_mmm_02,stalker_zealot_vs_mmm,legacy_r2_1300,True,6,medium,12.9565,OCTAGON,staggered,diag_up,7,7,800,525,1.5238,strong_advantage,0.0,"{""STALKER"": 4, ""ZEALOT"": 3}","{""MARAUDER"": 2, ""MARINE"": 4, ""MEDIVAC"": 1}",94476e86970aa44cea57a5fa5532eecc1d8366beab37efb552353e9d9fea037b
r2g_blind_compositional_1817,configs/blind_compositional/r2g_blind_compositional_1817.json,blind_compositional,stalker_zealot_vs_mmm_02,stalker_zealot_vs_mmm,legacy_r2_1300,True,7,far,17.1463,SIMPLE,type_split,horizontal,7,7,800,525,1.5238,strong_advantage,0.0,"{""STALKER"": 4, ""ZEALOT"": 3}","{""MARAUDER"": 2, ""MARINE"": 4, ""MEDIVAC"": 1}",c8eb9ef8994433590d90adb07bc91c4d85d0e02f8502065621c2e8373d5bc920
r2g_blind_compositional_1818,configs/blind_compositional/r2g_blind_compositional_1818.json,blind_compositional,stalker_zealot_vs_mmm_02,stalker_zealot_vs_mmm,legacy_r2_1300,True,8,near,8.6428,OCTAGON,compact,vertical,7,7,800,525,1.5238,strong_advantage,0.0,"{""STALKER"": 4, ""ZEALOT"": 3}","{""MARAUDER"": 2, ""MARINE"": 4, ""MEDIVAC"": 1}",be20a2c0b7ba2809495a31d08b9f308ecbe2266545f94f845aeeaaeba1f6f8cd
r2g_blind_compositional_1819,configs/blind_compositional/r2g_blind_compositional_1819.json,blind_compositional,stalker_zealot_vs_mmm_02,stalker_zealot_vs_mmm,legacy_r2_1300,True,9,medium,12.8404,NARROW,split,narrow_cross_gate,7,7,800,525,1.5238,strong_advantage,0.0,"{""STALKER"": 4, ""ZEALOT"": 3}","{""MARAUDER"": 2, ""MARINE"": 4, ""MEDIVAC"": 1}",56333198f6cc54377ae348fd766b6f7e406ca9fa5290f8d20b5e0adb4f40cdd4
r2g_blind_compositional_1820,configs/blind_compositional/r2g_blind_compositional_1820.json,blind_compositional,stalker_zealot_vs_mmm_02,stalker_zealot_vs_mmm,legacy_r2_1300,True,10,immediate,5.5159,OCTAGON,staggered,diag_down,7,7,800,525,1.5238,strong_advantage,0.0,"{""STALKER"": 4, ""ZEALOT"": 3}","{""MARAUDER"": 2, ""MARINE"": 4, ""MEDIVAC"": 1}",1e2277b65a06a75151f2d34ed389d63ad10f1a991a475194b0a690123a9c3934
r2g_blind_compositional_1821,configs/blind_compositional/r2g_blind_compositional_1821.json,blind_compositional,colossus_zealot_vs_swarm_01,colossus_zealot_vs_swarm,legacy_r2_1300,True,1,near,8.8276,SIMPLE,type_split,diag_up,3,10,500,350,1.4286,strong_advantage,0.0,"{""COLOSSUS"": 1, ""ZEALOT"": 2}","{""BANELING"": 4, ""ZERGLING"": 6}",3b39509f7b5c371dfc60b4c7b7b7a03b98294dcc7c7b1ec156f47e345caa10c1
r2g_blind_compositional_1822,configs/blind_compositional/r2g_blind_compositional_1822.json,blind_compositional,colossus_zealot_vs_swarm_01,colossus_zealot_vs_swarm,legacy_r2_1300,True,2,far,17.1608,SIMPLE,compact,horizontal,3,10,500,350,1.4286,strong_advantage,0.0,"{""COLOSSUS"": 1, ""ZEALOT"": 2}","{""BANELING"": 4, ""ZERGLING"": 6}",8f77936caaa2399cf97f6730651bb575a22dca91b4747f5fe16f406827974ef3
r2g_blind_compositional_1823,configs/blind_compositional/r2g_blind_compositional_1823.json,blind_compositional,colossus_zealot_vs_swarm_01,colossus_zealot_vs_swarm,legacy_r2_1300,True,3,medium,12.9838,SIMPLE,split,diag_down,3,10,500,350,1.4286,strong_advantage,0.0,"{""COLOSSUS"": 1, ""ZEALOT"": 2}","{""BANELING"": 4, ""ZERGLING"": 6}",4cddde4c69948796126ff7a3df715e021432c6044412288e9fb49c436128c65b
r2g_blind_compositional_1824,configs/blind_compositional/r2g_blind_compositional_1824.json,blind_compositional,colossus_zealot_vs_swarm_01,colossus_zealot_vs_swarm,legacy_r2_1300,True,4,immediate,5.2105,NARROW,staggered,narrow_same_side,3,10,500,350,1.4286,strong_advantage,0.0,"{""COLOSSUS"": 1, ""ZEALOT"": 2}","{""BANELING"": 4, ""ZERGLING"": 6}",985f31422a041ac1cdc88010e6a15a98541e9823d0af65cf3443889bc5b25a03
r2g_blind_compositional_1825,configs/blind_compositional/r2g_blind_compositional_1825.json,blind_compositional,colossus_zealot_vs_swarm_01,colossus_zealot_vs_swarm,legacy_r2_1300,True,5,near,8.7469,NARROW,compact,narrow_same_side,3,10,500,350,1.4286,strong_advantage,0.0,"{""COLOSSUS"": 1, ""ZEALOT"": 2}","{""BANELING"": 4, ""ZERGLING"": 6}",01200e47e8d7025364f9783a512c8ec9d0ed371402f43bda12512ab19d13f4ba
r2g_blind_compositional_1826,configs/blind_compositional/r2g_blind_compositional_1826.json,blind_compositional,colossus_zealot_vs_swarm_01,colossus_zealot_vs_swarm,legacy_r2_1300,True,6,immediate,5.2748,OCTAGON,compact,horizontal,3,10,500,350,1.4286,strong_advantage,0.0,"{""COLOSSUS"": 1, ""ZEALOT"": 2}","{""BANELING"": 4, ""ZERGLING"": 6}",eceaf97ab1fbb58d48d03772bea62c3475ff4c418955619ec2919d69e8eb36b5
r2g_blind_compositional_1827,configs/blind_compositional/r2g_blind_compositional_1827.json,blind_compositional,colossus_zealot_vs_swarm_01,colossus_zealot_vs_swarm,legacy_r2_1300,True,7,near,8.9067,NARROW,split,narrow_same_side,3,10,500,350,1.4286,strong_advantage,0.0,"{""COLOSSUS"": 1, ""ZEALOT"": 2}","{""BANELING"": 4, ""ZERGLING"": 6}",63698d9b6de0f5a1b0bd38dbe82a8583282e114384cd0e8dbc2ae8b25fca0137
r2g_blind_compositional_1828,configs/blind_compositional/r2g_blind_compositional_1828.json,blind_compositional,colossus_zealot_vs_swarm_01,colossus_zealot_vs_swarm,legacy_r2_1300,True,8,medium,12.9884,OCTAGON,staggered,diag_up,3,10,500,350,1.4286,strong_advantage,0.0,"{""COLOSSUS"": 1, ""ZEALOT"": 2}","{""BANELING"": 4, ""ZERGLING"": 6}",450ec03bd8868f1a334a0890a17a90a67288202ff757483edcd60d0d5b38212b
r2g_blind_compositional_1829,configs/blind_compositional/r2g_blind_compositional_1829.json,blind_compositional,colossus_zealot_vs_swarm_01,colossus_zealot_vs_swarm,legacy_r2_1300,True,9,far,17.1263,SIMPLE,type_split,horizontal,3,10,500,350,1.4286,strong_advantage,0.0,"{""COLOSSUS"": 1, ""ZEALOT"": 2}","{""BANELING"": 4, ""ZERGLING"": 6}",400c4fede0ea21c7566cd0a93537c1d03b6a03ad28ad97196d8d821361198228
r2g_blind_compositional_1830,configs/blind_compositional/r2g_blind_compositional_1830.json,blind_compositional,colossus_zealot_vs_swarm_01,colossus_zealot_vs_swarm,legacy_r2_1300,True,10,near,8.8082,OCTAGON,compact,vertical,3,10,500,350,1.4286,strong_advantage,0.0,"{""COLOSSUS"": 1, ""ZEALOT"": 2}","{""BANELING"": 4, ""ZERGLING"": 6}",8f85ab9280af1d45fc3220a78792b96c3d9c865a7ca286f96630367ef00fa74d
r2g_blind_compositional_1831,configs/blind_compositional/r2g_blind_compositional_1831.json,blind_compositional,colossus_zealot_vs_swarm_02,colossus_zealot_vs_swarm,legacy_r2_1300,True,1,medium,12.7579,NARROW,split,narrow_cross_gate,4,10,800,450,1.7778,strong_advantage,0.0,"{""COLOSSUS"": 2, ""ZEALOT"": 2}","{""BANELING"": 8, ""ZERGLING"": 2}",0debaf21ac27bad740efd2cad94033fcb54fedc56090883b6a5657fe80f9ab68
r2g_blind_compositional_1832,configs/blind_compositional/r2g_blind_compositional_1832.json,blind_compositional,colossus_zealot_vs_swarm_02,colossus_zealot_vs_swarm,legacy_r2_1300,True,2,immediate,5.4409,OCTAGON,staggered,diag_down,4,10,800,450,1.7778,strong_advantage,0.0,"{""COLOSSUS"": 2, ""ZEALOT"": 2}","{""BANELING"": 8, ""ZERGLING"": 2}",36f3abd50b639cd5c16eb72bad6e059346d5d222ffc35287b3a3d79a59224b36
r2g_blind_compositional_1833,configs/blind_compositional/r2g_blind_compositional_1833.json,blind_compositional,colossus_zealot_vs_swarm_02,colossus_zealot_vs_swarm,legacy_r2_1300,True,3,near,8.9081,SIMPLE,type_split,diag_up,4,10,800,450,1.7778,strong_advantage,0.0,"{""COLOSSUS"": 2, ""ZEALOT"": 2}","{""BANELING"": 8, ""ZERGLING"": 2}",90575fa9fefd6be99e5dba237b60dcfd8c0d3cc53333002f9d65e7a648cd6dd8
r2g_blind_compositional_1834,configs/blind_compositional/r2g_blind_compositional_1834.json,blind_compositional,colossus_zealot_vs_swarm_02,colossus_zealot_vs_swarm,legacy_r2_1300,True,4,far,16.9759,SIMPLE,compact,horizontal,4,10,800,450,1.7778,strong_advantage,0.0,"{""COLOSSUS"": 2, ""ZEALOT"": 2}","{""BANELING"": 8, ""ZERGLING"": 2}",4f64ef3406a6d61a2a9dfcfa6ef9d19c4e974c60c2e3a57ab0783861d09fd7d8
r2g_blind_compositional_1835,configs/blind_compositional/r2g_blind_compositional_1835.json,blind_compositional,colossus_zealot_vs_swarm_02,colossus_zealot_vs_swarm,legacy_r2_1300,True,5,medium,12.7621,SIMPLE,split,diag_down,4,10,800,450,1.7778,strong_advantage,0.0,"{""COLOSSUS"": 2, ""ZEALOT"": 2}","{""BANELING"": 8, ""ZERGLING"": 2}",2d81c6272d3af0bf6f3dafd8793fd339191e62f5e063c619b52d3f264c8debd4
r2g_blind_compositional_1836,configs/blind_compositional/r2g_blind_compositional_1836.json,blind_compositional,colossus_zealot_vs_swarm_02,colossus_zealot_vs_swarm,legacy_r2_1300,True,6,immediate,5.4463,NARROW,staggered,narrow_same_side,4,10,800,450,1.7778,strong_advantage,0.0,"{""COLOSSUS"": 2, ""ZEALOT"": 2}","{""BANELING"": 8, ""ZERGLING"": 2}",a869ee84c554e2e377459c2dc61b8dc36cdba52bb66b640ba13309bb7fbdf675
r2g_blind_compositional_1837,configs/blind_compositional/r2g_blind_compositional_1837.json,blind_compositional,colossus_zealot_vs_swarm_02,colossus_zealot_vs_swarm,legacy_r2_1300,True,7,near,8.859,NARROW,compact,narrow_same_side,4,10,800,450,1.7778,strong_advantage,0.0,"{""COLOSSUS"": 2, ""ZEALOT"": 2}","{""BANELING"": 8, ""ZERGLING"": 2}",ccf55723ed5a54d70e64379c9d3e60f455555efab63635b1a6c15ce2c46a98f1
r2g_blind_compositional_1838,configs/blind_compositional/r2g_blind_compositional_1838.json,blind_compositional,colossus_zealot_vs_swarm_02,colossus_zealot_vs_swarm,legacy_r2_1300,True,8,immediate,5.2041,OCTAGON,compact,horizontal,4,10,800,450,1.7778,strong_advantage,0.0,"{""COLOSSUS"": 2, ""ZEALOT"": 2}","{""BANELING"": 8, ""ZERGLING"": 2}",3c0a58fea72329f493f6ddd2ce301fb45d14e4971ffdb7c635b0902209e632af
r2g_blind_compositional_1839,configs/blind_compositional/r2g_blind_compositional_1839.json,blind_compositional,colossus_zealot_vs_swarm_02,colossus_zealot_vs_swarm,legacy_r2_1300,True,9,near,8.99,NARROW,split,narrow_same_side,4,10,800,450,1.7778,strong_advantage,0.0,"{""COLOSSUS"": 2, ""ZEALOT"": 2}","{""BANELING"": 8, ""ZERGLING"": 2}",c54aa5c7fd146bdbf3a3153fc5c62ea393973db26ce0bb86fa057983589bd8d3
r2g_blind_compositional_1840,configs/blind_compositional/r2g_blind_compositional_1840.json,blind_compositional,colossus_zealot_vs_swarm_02,colossus_zealot_vs_swarm,legacy_r2_1300,True,10,medium,12.6475,OCTAGON,staggered,diag_up,4,10,800,450,1.7778,strong_advantage,0.0,"{""COLOSSUS"": 2, ""ZEALOT"": 2}","{""BANELING"": 8, ""ZERGLING"": 2}",2089c98227dffa0d7385361c3446dc57e579b7851ef320afaf3c74c7f1ec719f
r2g_blind_compositional_1841,configs/blind_compositional/r2g_blind_compositional_1841.json,blind_compositional,stalker_vs_swarm_01,stalker_vs_swarm,legacy_r2_1300,True,1,far,16.964,SIMPLE,type_split,horizontal,3,8,375,250,1.5,strong_advantage,0.0,"{""STALKER"": 3}","{""BANELING"": 2, ""ZERGLING"": 6}",d0726a875343aa780b012a54e0817d43e445dbfa5a352c48547a2869f3129453
r2g_blind_compositional_1842,configs/blind_compositional/r2g_blind_compositional_1842.json,blind_compositional,stalker_vs_swarm_01,stalker_vs_swarm,legacy_r2_1300,True,2,near,8.692,OCTAGON,compact,vertical,3,8,375,250,1.5,strong_advantage,0.0,"{""STALKER"": 3}","{""BANELING"": 2, ""ZERGLING"": 6}",9657d84e90d4aceaf20cd82aff0fd37549c2c72c073046de4098a543927381e1
r2g_blind_compositional_1843,configs/blind_compositional/r2g_blind_compositional_1843.json,blind_compositional,stalker_vs_swarm_01,stalker_vs_swarm,legacy_r2_1300,True,3,medium,12.8349,NARROW,split,narrow_cross_gate,3,8,375,250,1.5,strong_advantage,0.0,"{""STALKER"": 3}","{""BANELING"": 2, ""ZERGLING"": 6}",ac5fee15e3ff1a92d54736c890baaaed1a74027144c22d561721323f6cf588fc
r2g_blind_compositional_1844,configs/blind_compositional/r2g_blind_compositional_1844.json,blind_compositional,stalker_vs_swarm_01,stalker_vs_swarm,legacy_r2_1300,True,4,immediate,5.5065,OCTAGON,staggered,diag_down,3,8,375,250,1.5,strong_advantage,0.0,"{""STALKER"": 3}","{""BANELING"": 2, ""ZERGLING"": 6}",53a54d916e8e01b47dce0cae3e062c646f1dfa7b7156ea1e59413db66a8084e8
r2g_blind_compositional_1845,configs/blind_compositional/r2g_blind_compositional_1845.json,blind_compositional,stalker_vs_swarm_01,stalker_vs_swarm,legacy_r2_1300,True,5,near,8.8183,SIMPLE,type_split,diag_up,3,8,375,250,1.5,strong_advantage,0.0,"{""STALKER"": 3}","{""BANELING"": 2, ""ZERGLING"": 6}",76f7da8d205fde372be6f74b7bfa54eb8b4555e574795c5514dd61bf5d7e4a02
r2g_blind_compositional_1846,configs/blind_compositional/r2g_blind_compositional_1846.json,blind_compositional,stalker_vs_swarm_01,stalker_vs_swarm,legacy_r2_1300,True,6,far,16.9045,SIMPLE,compact,horizontal,3,8,375,250,1.5,strong_advantage,0.0,"{""STALKER"": 3}","{""BANELING"": 2, ""ZERGLING"": 6}",d071e7eaf0bb7e131ab6ca99ab181647c33faa34664623371737147a18c43627
r2g_blind_compositional_1847,configs/blind_compositional/r2g_blind_compositional_1847.json,blind_compositional,stalker_vs_swarm_01,stalker_vs_swarm,legacy_r2_1300,True,7,medium,12.6845,SIMPLE,split,diag_down,3,8,375,250,1.5,strong_advantage,0.0,"{""STALKER"": 3}","{""BANELING"": 2, ""ZERGLING"": 6}",c2513113428440e89f1724ef9dbad7b9c37a15e207155f493f6f4fe007a36de6
r2g_blind_compositional_1848,configs/blind_compositional/r2g_blind_compositional_1848.json,blind_compositional,stalker_vs_swarm_01,stalker_vs_swarm,legacy_r2_1300,True,8,immediate,5.4912,NARROW,staggered,narrow_same_side,3,8,375,250,1.5,strong_advantage,0.0,"{""STALKER"": 3}","{""BANELING"": 2, ""ZERGLING"": 6}",6eb46426551d3062cd007e978b196f88776b7173b5752172023dfe9f5897d28d
r2g_blind_compositional_1849,configs/blind_compositional/r2g_blind_compositional_1849.json,blind_compositional,stalker_vs_swarm_01,stalker_vs_swarm,legacy_r2_1300,True,9,near,8.9285,NARROW,compact,narrow_same_side,3,8,375,250,1.5,strong_advantage,0.0,"{""STALKER"": 3}","{""BANELING"": 2, ""ZERGLING"": 6}",b7ef110ac271fc3b2a3839ad96d3743ca8dc66dc23a898c0ae498892ee849dc8
r2g_blind_compositional_1850,configs/blind_compositional/r2g_blind_compositional_1850.json,blind_compositional,stalker_vs_swarm_01,stalker_vs_swarm,legacy_r2_1300,True,10,immediate,5.2782,OCTAGON,compact,horizontal,3,8,375,250,1.5,strong_advantage,0.0,"{""STALKER"": 3}","{""BANELING"": 2, ""ZERGLING"": 6}",c43434f7ecd2773a60f7c86f0c1c3781cb7bcf48f0099ae9768180b49d9fb7a2
r2g_blind_compositional_1851,configs/blind_compositional/r2g_blind_compositional_1851.json,blind_compositional,stalker_vs_swarm_02,stalker_vs_swarm,legacy_r2_1300,True,1,near,8.9814,NARROW,split,narrow_same_side,5,10,625,350,1.7857,strong_advantage,0.0,"{""STALKER"": 5}","{""BANELING"": 4, ""ZERGLING"": 6}",f8acd86b276c44d6f9f66a1a90cf17c2cdbee7e86ea3e418d5fdacb72aee556e
r2g_blind_compositional_1852,configs/blind_compositional/r2g_blind_compositional_1852.json,blind_compositional,stalker_vs_swarm_02,stalker_vs_swarm,legacy_r2_1300,True,2,medium,12.7478,OCTAGON,staggered,diag_up,5,10,625,350,1.7857,strong_advantage,0.0,"{""STALKER"": 5}","{""BANELING"": 4, ""ZERGLING"": 6}",9e28fa76b2533ab8cc699e521e6de42cf265c09f5eaadc0c972b7517f256fada
r2g_blind_compositional_1853,configs/blind_compositional/r2g_blind_compositional_1853.json,blind_compositional,stalker_vs_swarm_02,stalker_vs_swarm,legacy_r2_1300,True,3,far,17.1592,SIMPLE,type_split,horizontal,5,10,625,350,1.7857,strong_advantage,0.0,"{""STALKER"": 5}","{""BANELING"": 4, ""ZERGLING"": 6}",4889c5d1011e67c6817628c3e4e7679a9dcbc8007c574b544e668af019bf762d
r2g_blind_compositional_1854,configs/blind_compositional/r2g_blind_compositional_1854.json,blind_compositional,stalker_vs_swarm_02,stalker_vs_swarm,legacy_r2_1300,True,4,near,8.9632,OCTAGON,compact,vertical,5,10,625,350,1.7857,strong_advantage,0.0,"{""STALKER"": 5}","{""BANELING"": 4, ""ZERGLING"": 6}",296f3e5c6918224fea98bd7c8801eb2c61927a20460a5272047f7cd4697579a7
r2g_blind_compositional_1855,configs/blind_compositional/r2g_blind_compositional_1855.json,blind_compositional,stalker_vs_swarm_02,stalker_vs_swarm,legacy_r2_1300,True,5,medium,12.8269,NARROW,split,narrow_cross_gate,5,10,625,350,1.7857,strong_advantage,0.0,"{""STALKER"": 5}","{""BANELING"": 4, ""ZERGLING"": 6}",da67cff3e93541724900d37b49657604d92237ed2e3293f2cfdd9952c3c475c5
r2g_blind_compositional_1856,configs/blind_compositional/r2g_blind_compositional_1856.json,blind_compositional,stalker_vs_swarm_02,stalker_vs_swarm,legacy_r2_1300,True,6,immediate,5.473,OCTAGON,staggered,diag_down,5,10,625,350,1.7857,strong_advantage,0.0,"{""STALKER"": 5}","{""BANELING"": 4, ""ZERGLING"": 6}",cec2eaadd1852bdd57a1718afa1391b6b9611cff1f50476566aa583632e27c2b
r2g_blind_compositional_1857,configs/blind_compositional/r2g_blind_compositional_1857.json,blind_compositional,stalker_vs_swarm_02,stalker_vs_swarm,legacy_r2_1300,True,7,near,8.6493,SIMPLE,type_split,diag_up,5,10,625,350,1.7857,strong_advantage,0.0,"{""STALKER"": 5}","{""BANELING"": 4, ""ZERGLING"": 6}",786f99f8b67c636bc1cb80ac27dcf4274686f33a23bddf3708480ac3f46cee76
r2g_blind_compositional_1858,configs/blind_compositional/r2g_blind_compositional_1858.json,blind_compositional,stalker_vs_swarm_02,stalker_vs_swarm,legacy_r2_1300,True,8,far,16.9265,SIMPLE,compact,horizontal,5,10,625,350,1.7857,strong_advantage,0.0,"{""STALKER"": 5}","{""BANELING"": 4, ""ZERGLING"": 6}",9e74dd98c1109732098888dfe05fee70d5b3613ecd4070a5ceb3721e7bd2f442
r2g_blind_compositional_1859,configs/blind_compositional/r2g_blind_compositional_1859.json,blind_compositional,stalker_vs_swarm_02,stalker_vs_swarm,legacy_r2_1300,True,9,medium,12.7282,SIMPLE,split,diag_down,5,10,625,350,1.7857,strong_advantage,0.0,"{""STALKER"": 5}","{""BANELING"": 4, ""ZERGLING"": 6}",37aa747a8d0fe664d2cdf178c1a95c2d06bfa698797617ed2e476e8f6cca4d7b
r2g_blind_compositional_1860,configs/blind_compositional/r2g_blind_compositional_1860.json,blind_compositional,stalker_vs_swarm_02,stalker_vs_swarm,legacy_r2_1300,True,10,immediate,5.5021,NARROW,staggered,narrow_same_side,5,10,625,350,1.7857,strong_advantage,0.0,"{""STALKER"": 5}","{""BANELING"": 4, ""ZERGLING"": 6}",1570372c8e3cefd10e2bc59cf77a99414457f0e21926055315b5da65399c7387
r2g_blind_compositional_1861,configs/blind_compositional/r2g_blind_compositional_1861.json,blind_compositional,mmm_vs_stalker_colossus_01,mmm_vs_stalker_colossus,legacy_r2_1300,True,1,near,8.9078,NARROW,compact,narrow_same_side,7,2,525,425,1.2353,moderate_advantage,0.254011,"{""MARAUDER"": 2, ""MARINE"": 4, ""MEDIVAC"": 1}","{""COLOSSUS"": 1, ""STALKER"": 1}",682f6b39fc4bbc1b1d4c1d21afd228e686ee8937061ccbf54aa63ab703dc6b54
r2g_blind_compositional_1862,configs/blind_compositional/r2g_blind_compositional_1862.json,blind_compositional,mmm_vs_stalker_colossus_01,mmm_vs_stalker_colossus,legacy_r2_1300,True,2,immediate,5.2867,OCTAGON,compact,horizontal,7,2,525,425,1.2353,moderate_advantage,0.254011,"{""MARAUDER"": 2, ""MARINE"": 4, ""MEDIVAC"": 1}","{""COLOSSUS"": 1, ""STALKER"": 1}",2fbbb1a58557224d88077557c8fb4a022eed527fd1388f21f28402934cf26779
r2g_blind_compositional_1863,configs/blind_compositional/r2g_blind_compositional_1863.json,blind_compositional,mmm_vs_stalker_colossus_01,mmm_vs_stalker_colossus,legacy_r2_1300,True,3,near,8.628,NARROW,split,narrow_same_side,7,2,525,425,1.2353,moderate_advantage,0.254011,"{""MARAUDER"": 2, ""MARINE"": 4, ""MEDIVAC"": 1}","{""COLOSSUS"": 1, ""STALKER"": 1}",d54d8a3389212073f05abed42de3e4c64bfa89b190830f7d326e1606767e1986
r2g_blind_compositional_1864,configs/blind_compositional/r2g_blind_compositional_1864.json,blind_compositional,mmm_vs_stalker_colossus_01,mmm_vs_stalker_colossus,legacy_r2_1300,True,4,medium,12.9457,OCTAGON,staggered,diag_up,7,2,525,425,1.2353,moderate_advantage,0.254011,"{""MARAUDER"": 2, ""MARINE"": 4, ""MEDIVAC"": 1}","{""COLOSSUS"": 1, ""STALKER"": 1}",aa39db7fcba9b2de975eef60ea0f1f8158517b582bec112cb1a3d8713a08c542
r2g_blind_compositional_1865,configs/blind_compositional/r2g_blind_compositional_1865.json,blind_compositional,mmm_vs_stalker_colossus_01,mmm_vs_stalker_colossus,legacy_r2_1300,True,5,far,17.1256,SIMPLE,type_split,horizontal,7,2,525,425,1.2353,moderate_advantage,0.254011,"{""MARAUDER"": 2, ""MARINE"": 4, ""MEDIVAC"": 1}","{""COLOSSUS"": 1, ""STALKER"": 1}",1037337fb20f73d7bdb12ef3a6fc5d046f1d78d17de9e4bb19a2b748e869cb29
r2g_blind_compositional_1866,configs/blind_compositional/r2g_blind_compositional_1866.json,blind_compositional,mmm_vs_stalker_colossus_01,mmm_vs_stalker_colossus,legacy_r2_1300,True,6,near,8.8578,OCTAGON,compact,vertical,7,2,525,425,1.2353,moderate_advantage,0.254011,"{""MARAUDER"": 2, ""MARINE"": 4, ""MEDIVAC"": 1}","{""COLOSSUS"": 1, ""STALKER"": 1}",049f616c579bf37acdb496d7394bbcb84d9cecd3e81d8fb1364393a702c2f321
r2g_blind_compositional_1867,configs/blind_compositional/r2g_blind_compositional_1867.json,blind_compositional,mmm_vs_stalker_colossus_01,mmm_vs_stalker_colossus,legacy_r2_1300,True,7,medium,12.7947,NARROW,split,narrow_cross_gate,7,2,525,425,1.2353,moderate_advantage,0.254011,"{""MARAUDER"": 2, ""MARINE"": 4, ""MEDIVAC"": 1}","{""COLOSSUS"": 1, ""STALKER"": 1}",9199e270703d549282c4ed4f638f92e2604857a6211d7b02976121b4454476f8
r2g_blind_compositional_1868,configs/blind_compositional/r2g_blind_compositional_1868.json,blind_compositional,mmm_vs_stalker_colossus_01,mmm_vs_stalker_colossus,legacy_r2_1300,True,8,immediate,5.4918,OCTAGON,staggered,diag_down,7,2,525,425,1.2353,moderate_advantage,0.254011,"{""MARAUDER"": 2, ""MARINE"": 4, ""MEDIVAC"": 1}","{""COLOSSUS"": 1, ""STALKER"": 1}",d31f28188b2791c60c6e6a38c5a2c593d2446cbf6a45ad619930f13a79f196d8
r2g_blind_compositional_1869,configs/blind_compositional/r2g_blind_compositional_1869.json,blind_compositional,mmm_vs_stalker_colossus_01,mmm_vs_stalker_colossus,legacy_r2_1300,True,9,near,8.6163,SIMPLE,type_split,diag_up,7,2,525,425,1.2353,moderate_advantage,0.254011,"{""MARAUDER"": 2, ""MARINE"": 4, ""MEDIVAC"": 1}","{""COLOSSUS"": 1, ""STALKER"": 1}",210aedf7124a0f678579b2d8220f3f7d66852dc48aabed5a2a03b7326335bc17
r2g_blind_compositional_1870,configs/blind_compositional/r2g_blind_compositional_1870.json,blind_compositional,mmm_vs_stalker_colossus_01,mmm_vs_stalker_colossus,legacy_r2_1300,True,10,far,16.9052,SIMPLE,compact,horizontal,7,2,525,425,1.2353,moderate_advantage,0.254011,"{""MARAUDER"": 2, ""MARINE"": 4, ""MEDIVAC"": 1}","{""COLOSSUS"": 1, ""STALKER"": 1}",8c03080adbbbd542741011c9d181e10c6597c9bc1377b409ade72befab7369ee
r2g_blind_compositional_1871,configs/blind_compositional/r2g_blind_compositional_1871.json,blind_compositional,mmm_vs_stalker_colossus_02,mmm_vs_stalker_colossus,legacy_r2_1300,True,1,medium,12.9633,SIMPLE,split,diag_down,9,3,675,550,1.2273,moderate_advantage,0.268595,"{""MARAUDER"": 3, ""MARINE"": 5, ""MEDIVAC"": 1}","{""COLOSSUS"": 1, ""STALKER"": 2}",6764d5bc3839544eadf8335c27ebec1650dd776345f4d3276e845083dde227ff
r2g_blind_compositional_1872,configs/blind_compositional/r2g_blind_compositional_1872.json,blind_compositional,mmm_vs_stalker_colossus_02,mmm_vs_stalker_colossus,legacy_r2_1300,True,2,immediate,5.2869,NARROW,staggered,narrow_same_side,9,3,675,550,1.2273,moderate_advantage,0.268595,"{""MARAUDER"": 3, ""MARINE"": 5, ""MEDIVAC"": 1}","{""COLOSSUS"": 1, ""STALKER"": 2}",12dd7603f0e9360e24700780ae76e9fbf26d0421cdcc44a1ef21546b98f16779
r2g_blind_compositional_1873,configs/blind_compositional/r2g_blind_compositional_1873.json,blind_compositional,mmm_vs_stalker_colossus_02,mmm_vs_stalker_colossus,legacy_r2_1300,True,3,near,8.847,NARROW,compact,narrow_same_side,9,3,675,550,1.2273,moderate_advantage,0.268595,"{""MARAUDER"": 3, ""MARINE"": 5, ""MEDIVAC"": 1}","{""COLOSSUS"": 1, ""STALKER"": 2}",33b6004aa4093bde2056689c3f88fe7a9adf37e7bc010b548eb72402f6f5a3e0
r2g_blind_compositional_1874,configs/blind_compositional/r2g_blind_compositional_1874.json,blind_compositional,mmm_vs_stalker_colossus_02,mmm_vs_stalker_colossus,legacy_r2_1300,True,4,immediate,5.2091,OCTAGON,compact,horizontal,9,3,675,550,1.2273,moderate_advantage,0.268595,"{""MARAUDER"": 3, ""MARINE"": 5, ""MEDIVAC"": 1}","{""COLOSSUS"": 1, ""STALKER"": 2}",ed2a3c465067bd50d652a10b5c1798696894c81d184d36d08e9b966d37b17ad6
r2g_blind_compositional_1875,configs/blind_compositional/r2g_blind_compositional_1875.json,blind_compositional,mmm_vs_stalker_colossus_02,mmm_vs_stalker_colossus,legacy_r2_1300,True,5,near,8.6195,NARROW,split,narrow_same_side,9,3,675,550,1.2273,moderate_advantage,0.268595,"{""MARAUDER"": 3, ""MARINE"": 5, ""MEDIVAC"": 1}","{""COLOSSUS"": 1, ""STALKER"": 2}",1abe769f7faedd281cc0a8191bd35ac69420e0e3d4f4fa4ac1e451ed69d32bb5
r2g_blind_compositional_1876,configs/blind_compositional/r2g_blind_compositional_1876.json,blind_compositional,mmm_vs_stalker_colossus_02,mmm_vs_stalker_colossus,legacy_r2_1300,True,6,medium,12.7606,OCTAGON,staggered,diag_up,9,3,675,550,1.2273,moderate_advantage,0.268595,"{""MARAUDER"": 3, ""MARINE"": 5, ""MEDIVAC"": 1}","{""COLOSSUS"": 1, ""STALKER"": 2}",3f1cbe7bab4b7cbef45dafe2321ee108cc43459eebd23522a4ecdb06a425467b
r2g_blind_compositional_1877,configs/blind_compositional/r2g_blind_compositional_1877.json,blind_compositional,mmm_vs_stalker_colossus_02,mmm_vs_stalker_colossus,legacy_r2_1300,True,7,far,17.0091,SIMPLE,type_split,horizontal,9,3,675,550,1.2273,moderate_advantage,0.268595,"{""MARAUDER"": 3, ""MARINE"": 5, ""MEDIVAC"": 1}","{""COLOSSUS"": 1, ""STALKER"": 2}",8d2c514bf57e693c18df211bb3c6e75a91900c09868e342bbc5dc5f2fdc6307a
r2g_blind_compositional_1878,configs/blind_compositional/r2g_blind_compositional_1878.json,blind_compositional,mmm_vs_stalker_colossus_02,mmm_vs_stalker_colossus,legacy_r2_1300,True,8,near,8.9839,OCTAGON,compact,vertical,9,3,675,550,1.2273,moderate_advantage,0.268595,"{""MARAUDER"": 3, ""MARINE"": 5, ""MEDIVAC"": 1}","{""COLOSSUS"": 1, ""STALKER"": 2}",c8af5b6fef4ae944d62e8327b39fec155367960207d3ca354ec830fc708b0e5f
r2g_blind_compositional_1879,configs/blind_compositional/r2g_blind_compositional_1879.json,blind_compositional,mmm_vs_stalker_colossus_02,mmm_vs_stalker_colossus,legacy_r2_1300,True,9,medium,12.9631,NARROW,split,narrow_cross_gate,9,3,675,550,1.2273,moderate_advantage,0.268595,"{""MARAUDER"": 3, ""MARINE"": 5, ""MEDIVAC"": 1}","{""COLOSSUS"": 1, ""STALKER"": 2}",98a3fd157b5648e3d67daae1bb75ec64e914c63ebb34abeaf4f5587963d8cfa0
r2g_blind_compositional_1880,configs/blind_compositional/r2g_blind_compositional_1880.json,blind_compositional,mmm_vs_stalker_colossus_02,mmm_vs_stalker_colossus,legacy_r2_1300,True,10,immediate,5.3914,OCTAGON,staggered,diag_down,9,3,675,550,1.2273,moderate_advantage,0.268595,"{""MARAUDER"": 3, ""MARINE"": 5, ""MEDIVAC"": 1}","{""COLOSSUS"": 1, ""STALKER"": 2}",fbd917aa38dfb8f1b4de46fa3dc2f672c0df76775ed2a79afaacb6d415f5b789
r2g_blind_compositional_1881,configs/blind_compositional/r2g_blind_compositional_1881.json,blind_compositional,stalker_colossus_vs_mmm_01,stalker_colossus_vs_mmm,legacy_r2_1300,True,1,near,8.6425,SIMPLE,type_split,diag_up,3,5,550,375,1.4667,strong_advantage,0.0,"{""COLOSSUS"": 1, ""STALKER"": 2}","{""MARAUDER"": 1, ""MARINE"": 3, ""MEDIVAC"": 1}",7ffab4048d65fcd79509f213f3b2f6937bf28e8042d8a41edd242eb946235439
r2g_blind_compositional_1882,configs/blind_compositional/r2g_blind_compositional_1882.json,blind_compositional,stalker_colossus_vs_mmm_01,stalker_colossus_vs_mmm,legacy_r2_1300,True,2,far,16.958,SIMPLE,compact,horizontal,3,5,550,375,1.4667,strong_advantage,0.0,"{""COLOSSUS"": 1, ""STALKER"": 2}","{""MARAUDER"": 1, ""MARINE"": 3, ""MEDIVAC"": 1}",c1e6d0ea4f5be7d282acd0a3b4d0903e65d1928ad0768c71c7c5cf9cab3e8358
r2g_blind_compositional_1883,configs/blind_compositional/r2g_blind_compositional_1883.json,blind_compositional,stalker_colossus_vs_mmm_01,stalker_colossus_vs_mmm,legacy_r2_1300,True,3,medium,12.7811,SIMPLE,split,diag_down,3,5,550,375,1.4667,strong_advantage,0.0,"{""COLOSSUS"": 1, ""STALKER"": 2}","{""MARAUDER"": 1, ""MARINE"": 3, ""MEDIVAC"": 1}",ad2375a6a6b77ab1392719e2fab08cd77e4bcfc5f227dd43ecfd23b7a52a1e6c
r2g_blind_compositional_1884,configs/blind_compositional/r2g_blind_compositional_1884.json,blind_compositional,stalker_colossus_vs_mmm_01,stalker_colossus_vs_mmm,legacy_r2_1300,True,4,immediate,5.4032,NARROW,staggered,narrow_same_side,3,5,550,375,1.4667,strong_advantage,0.0,"{""COLOSSUS"": 1, ""STALKER"": 2}","{""MARAUDER"": 1, ""MARINE"": 3, ""MEDIVAC"": 1}",7be20943708e5ad315ac688fb63132558c879f647043f2c4b6b41778c0253e21
r2g_blind_compositional_1885,configs/blind_compositional/r2g_blind_compositional_1885.json,blind_compositional,stalker_colossus_vs_mmm_01,stalker_colossus_vs_mmm,legacy_r2_1300,True,5,near,8.6206,NARROW,compact,narrow_same_side,3,5,550,375,1.4667,strong_advantage,0.0,"{""COLOSSUS"": 1, ""STALKER"": 2}","{""MARAUDER"": 1, ""MARINE"": 3, ""MEDIVAC"": 1}",959f2d7ad6360380e2eadd69e3cc3c2f7903626803af7607d178c9556e485781
r2g_blind_compositional_1886,configs/blind_compositional/r2g_blind_compositional_1886.json,blind_compositional,stalker_colossus_vs_mmm_01,stalker_colossus_vs_mmm,legacy_r2_1300,True,6,immediate,5.503,OCTAGON,compact,horizontal,3,5,550,375,1.4667,strong_advantage,0.0,"{""COLOSSUS"": 1, ""STALKER"": 2}","{""MARAUDER"": 1, ""MARINE"": 3, ""MEDIVAC"": 1}",02d4c32314e520d86053c1fefd9880973b5c901c28f05e2a53892ed9b4f1efcc
r2g_blind_compositional_1887,configs/blind_compositional/r2g_blind_compositional_1887.json,blind_compositional,stalker_colossus_vs_mmm_01,stalker_colossus_vs_mmm,legacy_r2_1300,True,7,near,8.8783,NARROW,split,narrow_same_side,3,5,550,375,1.4667,strong_advantage,0.0,"{""COLOSSUS"": 1, ""STALKER"": 2}","{""MARAUDER"": 1, ""MARINE"": 3, ""MEDIVAC"": 1}",926df0045be6b865de5205ff0c8f306cc211c8da39cff31915fc17a02fed5c03
r2g_blind_compositional_1888,configs/blind_compositional/r2g_blind_compositional_1888.json,blind_compositional,stalker_colossus_vs_mmm_01,stalker_colossus_vs_mmm,legacy_r2_1300,True,8,medium,12.7501,OCTAGON,staggered,diag_up,3,5,550,375,1.4667,strong_advantage,0.0,"{""COLOSSUS"": 1, ""STALKER"": 2}","{""MARAUDER"": 1, ""MARINE"": 3, ""MEDIVAC"": 1}",f88170dae56c6fbaf7bfcb85be59c169ce308a0cd86b3574ed1b5e4087fa8fd6
r2g_blind_compositional_1889,configs/blind_compositional/r2g_blind_compositional_1889.json,blind_compositional,stalker_colossus_vs_mmm_01,stalker_colossus_vs_mmm,legacy_r2_1300,True,9,far,17.1143,SIMPLE,type_split,horizontal,3,5,550,375,1.4667,strong_advantage,0.0,"{""COLOSSUS"": 1, ""STALKER"": 2}","{""MARAUDER"": 1, ""MARINE"": 3, ""MEDIVAC"": 1}",5025b9746b917a1b4c1d22c78cad3679db592c80961056ace21ab58edb4ab470
r2g_blind_compositional_1890,configs/blind_compositional/r2g_blind_compositional_1890.json,blind_compositional,stalker_colossus_vs_mmm_01,stalker_colossus_vs_mmm,legacy_r2_1300,True,10,near,8.8364,OCTAGON,compact,vertical,3,5,550,375,1.4667,strong_advantage,0.0,"{""COLOSSUS"": 1, ""STALKER"": 2}","{""MARAUDER"": 1, ""MARINE"": 3, ""MEDIVAC"": 1}",5948331e7e30980a8ae8cec6c89a0e345a5ea30d73e9d52f518d815725aa6336
r2g_blind_compositional_1891,configs/blind_compositional/r2g_blind_compositional_1891.json,blind_compositional,stalker_colossus_vs_mmm_02,stalker_colossus_vs_mmm,legacy_r2_1300,True,1,medium,12.7451,NARROW,split,narrow_cross_gate,4,7,675,525,1.2857,moderate_advantage,0.162338,"{""COLOSSUS"": 1, ""STALKER"": 3}","{""MARAUDER"": 2, ""MARINE"": 4, ""MEDIVAC"": 1}",97b5d25146f83e0e9a7d75d83ebe1b9f63efa337d1efc6c6230b53e879ec48ce
r2g_blind_compositional_1892,configs/blind_compositional/r2g_blind_compositional_1892.json,blind_compositional,stalker_colossus_vs_mmm_02,stalker_colossus_vs_mmm,legacy_r2_1300,True,2,immediate,5.2626,OCTAGON,staggered,diag_down,4,7,675,525,1.2857,moderate_advantage,0.162338,"{""COLOSSUS"": 1, ""STALKER"": 3}","{""MARAUDER"": 2, ""MARINE"": 4, ""MEDIVAC"": 1}",bd3a0a1e5f7053f8cb3c0f559b13a8ddf1409ba2aa697f1dbce49eaa01501c2d
r2g_blind_compositional_1893,configs/blind_compositional/r2g_blind_compositional_1893.json,blind_compositional,stalker_colossus_vs_mmm_02,stalker_colossus_vs_mmm,legacy_r2_1300,True,3,near,8.9932,SIMPLE,type_split,diag_up,4,7,675,525,1.2857,moderate_advantage,0.162338,"{""COLOSSUS"": 1, ""STALKER"": 3}","{""MARAUDER"": 2, ""MARINE"": 4, ""MEDIVAC"": 1}",fbfb46a7e3c6540c0d7e74840b74ce889dcf3d91cdd494e9257b641b9f537075
r2g_blind_compositional_1894,configs/blind_compositional/r2g_blind_compositional_1894.json,blind_compositional,stalker_colossus_vs_mmm_02,stalker_colossus_vs_mmm,legacy_r2_1300,True,4,far,16.9077,SIMPLE,compact,horizontal,4,7,675,525,1.2857,moderate_advantage,0.162338,"{""COLOSSUS"": 1, ""STALKER"": 3}","{""MARAUDER"": 2, ""MARINE"": 4, ""MEDIVAC"": 1}",8a29cc0d1acfc00a89f1ad5aa75efa6536ed4c6347aa02a8d2138e8c96c0bef3
r2g_blind_compositional_1895,configs/blind_compositional/r2g_blind_compositional_1895.json,blind_compositional,stalker_colossus_vs_mmm_02,stalker_colossus_vs_mmm,legacy_r2_1300,True,5,medium,12.6759,SIMPLE,split,diag_down,4,7,675,525,1.2857,moderate_advantage,0.162338,"{""COLOSSUS"": 1, ""STALKER"": 3}","{""MARAUDER"": 2, ""MARINE"": 4, ""MEDIVAC"": 1}",5f9602ac19adf56643a5b09401ae50bf998270ee7b094582f6e09ad2747e1f96
r2g_blind_compositional_1896,configs/blind_compositional/r2g_blind_compositional_1896.json,blind_compositional,stalker_colossus_vs_mmm_02,stalker_colossus_vs_mmm,legacy_r2_1300,True,6,immediate,5.4375,NARROW,staggered,narrow_same_side,4,7,675,525,1.2857,moderate_advantage,0.162338,"{""COLOSSUS"": 1, ""STALKER"": 3}","{""MARAUDER"": 2, ""MARINE"": 4, ""MEDIVAC"": 1}",1958566b7965fa41757012b1754ef382a1cffee962f27c1009bdaaff76ec0b93
r2g_blind_compositional_1897,configs/blind_compositional/r2g_blind_compositional_1897.json,blind_compositional,stalker_colossus_vs_mmm_02,stalker_colossus_vs_mmm,legacy_r2_1300,True,7,near,8.8588,NARROW,compact,narrow_same_side,4,7,675,525,1.2857,moderate_advantage,0.162338,"{""COLOSSUS"": 1, ""STALKER"": 3}","{""MARAUDER"": 2, ""MARINE"": 4, ""MEDIVAC"": 1}",bd127e8a5519a9fc371ef52b6d7a1a52b0097c963cd4e273aa5914f9f1dc65b0
r2g_blind_compositional_1898,configs/blind_compositional/r2g_blind_compositional_1898.json,blind_compositional,stalker_colossus_vs_mmm_02,stalker_colossus_vs_mmm,legacy_r2_1300,True,8,immediate,5.2807,OCTAGON,compact,horizontal,4,7,675,525,1.2857,moderate_advantage,0.162338,"{""COLOSSUS"": 1, ""STALKER"": 3}","{""MARAUDER"": 2, ""MARINE"": 4, ""MEDIVAC"": 1}",85ff8a86e07da095a03942ec8c54214af88071e29631f27267fe0e010d449212
r2g_blind_compositional_1899,configs/blind_compositional/r2g_blind_compositional_1899.json,blind_compositional,stalker_colossus_vs_mmm_02,stalker_colossus_vs_mmm,legacy_r2_1300,True,9,near,8.984,NARROW,split,narrow_same_side,4,7,675,525,1.2857,moderate_advantage,0.162338,"{""COLOSSUS"": 1, ""STALKER"": 3}","{""MARAUDER"": 2, ""MARINE"": 4, ""MEDIVAC"": 1}",d88981cf00c90033e0065171a6e4ace8a1c14c96323f5bfe1b6d549cba291cf2
r2g_blind_compositional_1900,configs/blind_compositional/r2g_blind_compositional_1900.json,blind_compositional,stalker_colossus_vs_mmm_02,stalker_colossus_vs_mmm,legacy_r2_1300,True,10,medium,12.765,OCTAGON,staggered,diag_up,4,7,675,525,1.2857,moderate_advantage,0.162338,"{""COLOSSUS"": 1, ""STALKER"": 3}","{""MARAUDER"": 2, ""MARINE"": 4, ""MEDIVAC"": 1}",803c1f4d19516eb5a5c5309c136ce3ffe48a44ba48798f9f4546ddd33dd1e82f
r2g_blind_compositional_1901,configs/blind_compositional/r2g_blind_compositional_1901.json,blind_compositional,gen_marine_medivac_vs_swarm_aa_01,marine_medivac_vs_swarm_aa,general_v2,True,1,far,16.9478,SIMPLE,type_split,horizontal,3,6,225,225,1.0,balanced,0.681818,"{""MARINE"": 2, ""MEDIVAC"": 1}","{""BANELING"": 2, ""MARINE"": 1, ""ZERGLING"": 3}",35083fd3f09dd22e4352f801ed5ced3a3d8116a0287fcefe85864a8e64ebc5df
r2g_blind_compositional_1902,configs/blind_compositional/r2g_blind_compositional_1902.json,blind_compositional,gen_marine_medivac_vs_swarm_aa_01,marine_medivac_vs_swarm_aa,general_v2,True,2,near,8.9531,OCTAGON,compact,vertical,3,6,225,225,1.0,balanced,0.681818,"{""MARINE"": 2, ""MEDIVAC"": 1}","{""BANELING"": 2, ""MARINE"": 1, ""ZERGLING"": 3}",03e324da91b752882ccdb92b330a8a5e8df1472be19b2fad486f3db2c26078d0
r2g_blind_compositional_1903,configs/blind_compositional/r2g_blind_compositional_1903.json,blind_compositional,gen_marine_medivac_vs_swarm_aa_01,marine_medivac_vs_swarm_aa,general_v2,True,3,medium,12.8314,NARROW,split,narrow_cross_gate,3,6,225,225,1.0,balanced,0.681818,"{""MARINE"": 2, ""MEDIVAC"": 1}","{""BANELING"": 2, ""MARINE"": 1, ""ZERGLING"": 3}",d73d5918d04f5e564a0469a3dc2958c9b3c637757d71a5a5ad3a0ef5c33ccc85
r2g_blind_compositional_1904,configs/blind_compositional/r2g_blind_compositional_1904.json,blind_compositional,gen_marine_medivac_vs_swarm_aa_01,marine_medivac_vs_swarm_aa,general_v2,True,4,immediate,5.4862,OCTAGON,staggered,diag_down,3,6,225,225,1.0,balanced,0.681818,"{""MARINE"": 2, ""MEDIVAC"": 1}","{""BANELING"": 2, ""MARINE"": 1, ""ZERGLING"": 3}",2df700fca176c50fd6e542540aeffe5abfc6ded71b6f1fc9315e89a86d6c8d25
r2g_blind_compositional_1905,configs/blind_compositional/r2g_blind_compositional_1905.json,blind_compositional,gen_marine_medivac_vs_swarm_aa_01,marine_medivac_vs_swarm_aa,general_v2,True,5,near,8.8115,SIMPLE,type_split,diag_up,3,6,225,225,1.0,balanced,0.681818,"{""MARINE"": 2, ""MEDIVAC"": 1}","{""BANELING"": 2, ""MARINE"": 1, ""ZERGLING"": 3}",4340d9f404f83e7aa2b51bb9ac34b110bdcfdc67d60b2af3cc5cc2089f2d1342
r2g_blind_compositional_1906,configs/blind_compositional/r2g_blind_compositional_1906.json,blind_compositional,gen_marine_medivac_vs_swarm_aa_01,marine_medivac_vs_swarm_aa,general_v2,True,6,far,17.1017,SIMPLE,compact,horizontal,3,6,225,225,1.0,balanced,0.681818,"{""MARINE"": 2, ""MEDIVAC"": 1}","{""BANELING"": 2, ""MARINE"": 1, ""ZERGLING"": 3}",3ea7d22ca09c1e01dc4376eb784f2d010d46e145fc48eebb9ee663ddef692d73
r2g_blind_compositional_1907,configs/blind_compositional/r2g_blind_compositional_1907.json,blind_compositional,gen_marine_medivac_vs_swarm_aa_01,marine_medivac_vs_swarm_aa,general_v2,True,7,medium,12.7052,SIMPLE,split,diag_down,3,6,225,225,1.0,balanced,0.681818,"{""MARINE"": 2, ""MEDIVAC"": 1}","{""BANELING"": 2, ""MARINE"": 1, ""ZERGLING"": 3}",99930321f2b1cbd752bfb91f005efa6f580e08ac1afec7cc64c6f6ae2957d8a1
r2g_blind_compositional_1908,configs/blind_compositional/r2g_blind_compositional_1908.json,blind_compositional,gen_marine_medivac_vs_swarm_aa_01,marine_medivac_vs_swarm_aa,general_v2,True,8,immediate,5.3504,NARROW,staggered,narrow_same_side,3,6,225,225,1.0,balanced,0.681818,"{""MARINE"": 2, ""MEDIVAC"": 1}","{""BANELING"": 2, ""MARINE"": 1, ""ZERGLING"": 3}",f264477fa06686af2987f345087234ed82bcde469cb4bd3603541e76b9b66346
r2g_blind_compositional_1909,configs/blind_compositional/r2g_blind_compositional_1909.json,blind_compositional,gen_marine_medivac_vs_swarm_aa_01,marine_medivac_vs_swarm_aa,general_v2,True,9,near,8.8031,NARROW,compact,narrow_same_side,3,6,225,225,1.0,balanced,0.681818,"{""MARINE"": 2, ""MEDIVAC"": 1}","{""BANELING"": 2, ""MARINE"": 1, ""ZERGLING"": 3}",e528f8c6a9f2c08771996fc48e4fce283989e55c7f2dfa2e94d3d0175aa1d412
r2g_blind_compositional_1910,configs/blind_compositional/r2g_blind_compositional_1910.json,blind_compositional,gen_marine_medivac_vs_swarm_aa_01,marine_medivac_vs_swarm_aa,general_v2,True,10,immediate,5.5215,OCTAGON,compact,horizontal,3,6,225,225,1.0,balanced,0.681818,"{""MARINE"": 2, ""MEDIVAC"": 1}","{""BANELING"": 2, ""MARINE"": 1, ""ZERGLING"": 3}",55030bac0d7ddcf56734aa4c80db47ceebdae92f2a4741c80273998bab8eaee9
r2g_blind_compositional_1911,configs/blind_compositional/r2g_blind_compositional_1911.json,blind_compositional,gen_marine_medivac_vs_swarm_aa_02,marine_medivac_vs_swarm_aa,general_v2,True,1,near,8.7816,NARROW,split,narrow_same_side,8,10,475,350,1.3571,strong_advantage,0.032468,"{""MARINE"": 7, ""MEDIVAC"": 1}","{""BANELING"": 3, ""MARINE"": 1, ""ZERGLING"": 6}",7b80a215159e831d372450d9448865e5d8f6098bbebcdb685f447c9a6f15cb1c
r2g_blind_compositional_1912,configs/blind_compositional/r2g_blind_compositional_1912.json,blind_compositional,gen_marine_medivac_vs_swarm_aa_02,marine_medivac_vs_swarm_aa,general_v2,True,2,medium,12.8352,OCTAGON,staggered,diag_up,8,10,475,350,1.3571,strong_advantage,0.032468,"{""MARINE"": 7, ""MEDIVAC"": 1}","{""BANELING"": 3, ""MARINE"": 1, ""ZERGLING"": 6}",8af1410a6af960e716edcb2142ee591c9f4f63f29586a07444734417b754de5d
r2g_blind_compositional_1913,configs/blind_compositional/r2g_blind_compositional_1913.json,blind_compositional,gen_marine_medivac_vs_swarm_aa_02,marine_medivac_vs_swarm_aa,general_v2,True,3,far,16.8108,SIMPLE,type_split,horizontal,8,10,475,350,1.3571,strong_advantage,0.032468,"{""MARINE"": 7, ""MEDIVAC"": 1}","{""BANELING"": 3, ""MARINE"": 1, ""ZERGLING"": 6}",b808b81a6c8a96da690987774505874b727714fc904faf5afdfc84d07bf1337d
r2g_blind_compositional_1914,configs/blind_compositional/r2g_blind_compositional_1914.json,blind_compositional,gen_marine_medivac_vs_swarm_aa_02,marine_medivac_vs_swarm_aa,general_v2,True,4,near,8.6266,OCTAGON,compact,vertical,8,10,475,350,1.3571,strong_advantage,0.032468,"{""MARINE"": 7, ""MEDIVAC"": 1}","{""BANELING"": 3, ""MARINE"": 1, ""ZERGLING"": 6}",03fade57fdd86449773d809beb34ba9acc65d3f8558a9d20b7e4ad427abc8e1c
r2g_blind_compositional_1915,configs/blind_compositional/r2g_blind_compositional_1915.json,blind_compositional,gen_marine_medivac_vs_swarm_aa_02,marine_medivac_vs_swarm_aa,general_v2,True,5,medium,12.622,NARROW,split,narrow_cross_gate,8,10,475,350,1.3571,strong_advantage,0.032468,"{""MARINE"": 7, ""MEDIVAC"": 1}","{""BANELING"": 3, ""MARINE"": 1, ""ZERGLING"": 6}",d8c544e895f24f0bf52bf499f47c9ba0fe3b8fe023e38bc34e431e4473d1fb6d
r2g_blind_compositional_1916,configs/blind_compositional/r2g_blind_compositional_1916.json,blind_compositional,gen_marine_medivac_vs_swarm_aa_02,marine_medivac_vs_swarm_aa,general_v2,True,6,immediate,5.5164,OCTAGON,staggered,diag_down,8,10,475,350,1.3571,strong_advantage,0.032468,"{""MARINE"": 7, ""MEDIVAC"": 1}","{""BANELING"": 3, ""MARINE"": 1, ""ZERGLING"": 6}",ee427254c2d95fb237c8866aa2b8215be4ec5c118601f3c3b7c726319d084df9
r2g_blind_compositional_1917,configs/blind_compositional/r2g_blind_compositional_1917.json,blind_compositional,gen_marine_medivac_vs_swarm_aa_02,marine_medivac_vs_swarm_aa,general_v2,True,7,near,8.9969,SIMPLE,type_split,diag_up,8,10,475,350,1.3571,strong_advantage,0.032468,"{""MARINE"": 7, ""MEDIVAC"": 1}","{""BANELING"": 3, ""MARINE"": 1, ""ZERGLING"": 6}",4bd58c58a69892179234c863308ea6799a9f53db26d013bd9f90a0c6a6e702e9
r2g_blind_compositional_1918,configs/blind_compositional/r2g_blind_compositional_1918.json,blind_compositional,gen_marine_medivac_vs_swarm_aa_02,marine_medivac_vs_swarm_aa,general_v2,True,8,far,17.0337,SIMPLE,compact,horizontal,8,10,475,350,1.3571,strong_advantage,0.032468,"{""MARINE"": 7, ""MEDIVAC"": 1}","{""BANELING"": 3, ""MARINE"": 1, ""ZERGLING"": 6}",fa8d6d1a45f68cd4ee2cc9b375c61d4cb8ef4b29cba936bb97d941b07898bc1b
r2g_blind_compositional_1919,configs/blind_compositional/r2g_blind_compositional_1919.json,blind_compositional,gen_marine_medivac_vs_swarm_aa_02,marine_medivac_vs_swarm_aa,general_v2,True,9,medium,12.9679,SIMPLE,split,diag_down,8,10,475,350,1.3571,strong_advantage,0.032468,"{""MARINE"": 7, ""MEDIVAC"": 1}","{""BANELING"": 3, ""MARINE"": 1, ""ZERGLING"": 6}",8c1e38e46032ed426cbc178c86b338371e09152969d5ec74a13a3f837ee413ea
r2g_blind_compositional_1920,configs/blind_compositional/r2g_blind_compositional_1920.json,blind_compositional,gen_marine_medivac_vs_swarm_aa_02,marine_medivac_vs_swarm_aa,general_v2,True,10,immediate,5.3039,NARROW,staggered,narrow_same_side,8,10,475,350,1.3571,strong_advantage,0.032468,"{""MARINE"": 7, ""MEDIVAC"": 1}","{""BANELING"": 3, ""MARINE"": 1, ""ZERGLING"": 6}",494561160de71b6ba8504775e308a6f1b431eb6cde4028e49a34008719681f97
r2g_blind_compositional_1921,configs/blind_compositional/r2g_blind_compositional_1921.json,blind_compositional,gen_mmm_vs_stalker_colossus_01,mmm_vs_stalker_colossus,general_v2,True,1,near,8.9348,NARROW,compact,narrow_same_side,5,2,425,425,1.0,balanced,0.681818,"{""MARAUDER"": 2, ""MARINE"": 2, ""MEDIVAC"": 1}","{""COLOSSUS"": 1, ""STALKER"": 1}",e187a0e48643e486b8935fd2000b007fff76737ad197f545699d48371d284a10
r2g_blind_compositional_1922,configs/blind_compositional/r2g_blind_compositional_1922.json,blind_compositional,gen_mmm_vs_stalker_colossus_01,mmm_vs_stalker_colossus,general_v2,True,2,immediate,5.5605,OCTAGON,compact,horizontal,5,2,425,425,1.0,balanced,0.681818,"{""MARAUDER"": 2, ""MARINE"": 2, ""MEDIVAC"": 1}","{""COLOSSUS"": 1, ""STALKER"": 1}",1ab276ec9b837fde05d0bc35a72f6b42e33b05be129bc094b96547d899c8394b
r2g_blind_compositional_1923,configs/blind_compositional/r2g_blind_compositional_1923.json,blind_compositional,gen_mmm_vs_stalker_colossus_01,mmm_vs_stalker_colossus,general_v2,True,3,near,8.6956,NARROW,split,narrow_same_side,5,2,425,425,1.0,balanced,0.681818,"{""MARAUDER"": 2, ""MARINE"": 2, ""MEDIVAC"": 1}","{""COLOSSUS"": 1, ""STALKER"": 1}",20a3a9d6bc2dbd0fe8c6dabcd14cd1dc2fd2902e084c5f614f3bbb902f6b88dc
r2g_blind_compositional_1924,configs/blind_compositional/r2g_blind_compositional_1924.json,blind_compositional,gen_mmm_vs_stalker_colossus_01,mmm_vs_stalker_colossus,general_v2,True,4,medium,12.6523,OCTAGON,staggered,diag_up,5,2,425,425,1.0,balanced,0.681818,"{""MARAUDER"": 2, ""MARINE"": 2, ""MEDIVAC"": 1}","{""COLOSSUS"": 1, ""STALKER"": 1}",17e308a6e2fb68abf637f093faf491e3c3c62897af105ff23b0245a14e36f014
r2g_blind_compositional_1925,configs/blind_compositional/r2g_blind_compositional_1925.json,blind_compositional,gen_mmm_vs_stalker_colossus_01,mmm_vs_stalker_colossus,general_v2,True,5,far,17.0606,SIMPLE,type_split,horizontal,5,2,425,425,1.0,balanced,0.681818,"{""MARAUDER"": 2, ""MARINE"": 2, ""MEDIVAC"": 1}","{""COLOSSUS"": 1, ""STALKER"": 1}",d90e5df4f44b91651543e1b2e8a23818569a349d748497d6830e53da74f327de
r2g_blind_compositional_1926,configs/blind_compositional/r2g_blind_compositional_1926.json,blind_compositional,gen_mmm_vs_stalker_colossus_01,mmm_vs_stalker_colossus,general_v2,True,6,near,8.7458,OCTAGON,compact,vertical,5,2,425,425,1.0,balanced,0.681818,"{""MARAUDER"": 2, ""MARINE"": 2, ""MEDIVAC"": 1}","{""COLOSSUS"": 1, ""STALKER"": 1}",820f99e335cf325b06533fd2bfecc16f86acc5578d45a485d32730d509671db0
r2g_blind_compositional_1927,configs/blind_compositional/r2g_blind_compositional_1927.json,blind_compositional,gen_mmm_vs_stalker_colossus_01,mmm_vs_stalker_colossus,general_v2,True,7,medium,12.9648,NARROW,split,narrow_cross_gate,5,2,425,425,1.0,balanced,0.681818,"{""MARAUDER"": 2, ""MARINE"": 2, ""MEDIVAC"": 1}","{""COLOSSUS"": 1, ""STALKER"": 1}",e39e5bd3701254b7f1616eee172ab91c956fc17048cba4d36a784cde451e71b0
r2g_blind_compositional_1928,configs/blind_compositional/r2g_blind_compositional_1928.json,blind_compositional,gen_mmm_vs_stalker_colossus_01,mmm_vs_stalker_colossus,general_v2,True,8,immediate,5.3136,OCTAGON,staggered,diag_down,5,2,425,425,1.0,balanced,0.681818,"{""MARAUDER"": 2, ""MARINE"": 2, ""MEDIVAC"": 1}","{""COLOSSUS"": 1, ""STALKER"": 1}",d028f507815b1eecfd6e6263159688656abe72300d3f8c414930ff686e0333f3
r2g_blind_compositional_1929,configs/blind_compositional/r2g_blind_compositional_1929.json,blind_compositional,gen_mmm_vs_stalker_colossus_01,mmm_vs_stalker_colossus,general_v2,True,9,near,8.8799,SIMPLE,type_split,diag_up,5,2,425,425,1.0,balanced,0.681818,"{""MARAUDER"": 2, ""MARINE"": 2, ""MEDIVAC"": 1}","{""COLOSSUS"": 1, ""STALKER"": 1}",ecbc3d349330d5d6c64c93ddecdb01a76a0bc7518ce1c04a784edb3d7c18a053
r2g_blind_compositional_1930,configs/blind_compositional/r2g_blind_compositional_1930.json,blind_compositional,gen_mmm_vs_stalker_colossus_01,mmm_vs_stalker_colossus,general_v2,True,10,far,17.1049,SIMPLE,compact,horizontal,5,2,425,425,1.0,balanced,0.681818,"{""MARAUDER"": 2, ""MARINE"": 2, ""MEDIVAC"": 1}","{""COLOSSUS"": 1, ""STALKER"": 1}",38f5bd3227349d9eb9bfedec20e5cc7dbed9c7e68819b0281eccdafc314c27a8
r2g_blind_compositional_1931,configs/blind_compositional/r2g_blind_compositional_1931.json,blind_compositional,gen_mmm_vs_stalker_colossus_02,mmm_vs_stalker_colossus,general_v2,True,1,medium,12.9518,SIMPLE,split,diag_down,8,2,575,425,1.3529,strong_advantage,0.040107,"{""MARAUDER"": 2, ""MARINE"": 5, ""MEDIVAC"": 1}","{""COLOSSUS"": 1, ""STALKER"": 1}",7624c42706cbb6f2e832a18fabfa13fae6d04a189dd062537c7da4b4ad2c7de3
r2g_blind_compositional_1932,configs/blind_compositional/r2g_blind_compositional_1932.json,blind_compositional,gen_mmm_vs_stalker_colossus_02,mmm_vs_stalker_colossus,general_v2,True,2,immediate,5.2749,NARROW,staggered,narrow_same_side,8,2,575,425,1.3529,strong_advantage,0.040107,"{""MARAUDER"": 2, ""MARINE"": 5, ""MEDIVAC"": 1}","{""COLOSSUS"": 1, ""STALKER"": 1}",540c7f2f56285e80a106998ab1ebb54bb7e1ea909c2812d66ec3fe4d7ae8fc0c
r2g_blind_compositional_1933,configs/blind_compositional/r2g_blind_compositional_1933.json,blind_compositional,gen_mmm_vs_stalker_colossus_02,mmm_vs_stalker_colossus,general_v2,True,3,near,8.7448,NARROW,compact,narrow_same_side,8,2,575,425,1.3529,strong_advantage,0.040107,"{""MARAUDER"": 2, ""MARINE"": 5, ""MEDIVAC"": 1}","{""COLOSSUS"": 1, ""STALKER"": 1}",f828cc92762490d4121444dc4c87ee733485660e89bf1340bba1e9f3ab1c2f6a
r2g_blind_compositional_1934,configs/blind_compositional/r2g_blind_compositional_1934.json,blind_compositional,gen_mmm_vs_stalker_colossus_02,mmm_vs_stalker_colossus,general_v2,True,4,immediate,5.5943,OCTAGON,compact,horizontal,8,2,575,425,1.3529,strong_advantage,0.040107,"{""MARAUDER"": 2, ""MARINE"": 5, ""MEDIVAC"": 1}","{""COLOSSUS"": 1, ""STALKER"": 1}",44de492df524255906e73bde8130d6808b54f18c02eb550ccce8abca4b32d635
r2g_blind_compositional_1935,configs/blind_compositional/r2g_blind_compositional_1935.json,blind_compositional,gen_mmm_vs_stalker_colossus_02,mmm_vs_stalker_colossus,general_v2,True,5,near,8.6091,NARROW,split,narrow_same_side,8,2,575,425,1.3529,strong_advantage,0.040107,"{""MARAUDER"": 2, ""MARINE"": 5, ""MEDIVAC"": 1}","{""COLOSSUS"": 1, ""STALKER"": 1}",d771daddeef2cefe701d71596a348633384874c595f12566511de5f2f01cac5f
r2g_blind_compositional_1936,configs/blind_compositional/r2g_blind_compositional_1936.json,blind_compositional,gen_mmm_vs_stalker_colossus_02,mmm_vs_stalker_colossus,general_v2,True,6,medium,12.7196,OCTAGON,staggered,diag_up,8,2,575,425,1.3529,strong_advantage,0.040107,"{""MARAUDER"": 2, ""MARINE"": 5, ""MEDIVAC"": 1}","{""COLOSSUS"": 1, ""STALKER"": 1}",63629ecc8efca59e62e26f287d45cff239138ffca7a44b5673c25c7c748554ae
r2g_blind_compositional_1937,configs/blind_compositional/r2g_blind_compositional_1937.json,blind_compositional,gen_mmm_vs_stalker_colossus_02,mmm_vs_stalker_colossus,general_v2,True,7,far,17.1356,SIMPLE,type_split,horizontal,8,2,575,425,1.3529,strong_advantage,0.040107,"{""MARAUDER"": 2, ""MARINE"": 5, ""MEDIVAC"": 1}","{""COLOSSUS"": 1, ""STALKER"": 1}",5f2a47a312b0298b510fc20763d36f4a3c2ed7ac7f56678d04180f86ef0798e7
r2g_blind_compositional_1938,configs/blind_compositional/r2g_blind_compositional_1938.json,blind_compositional,gen_mmm_vs_stalker_colossus_02,mmm_vs_stalker_colossus,general_v2,True,8,near,8.7168,OCTAGON,compact,vertical,8,2,575,425,1.3529,strong_advantage,0.040107,"{""MARAUDER"": 2, ""MARINE"": 5, ""MEDIVAC"": 1}","{""COLOSSUS"": 1, ""STALKER"": 1}",66afb63d90a19a34e41948e5206777c37a66b3a0e8a6e9a8bd76af2e804fc318
r2g_blind_compositional_1939,configs/blind_compositional/r2g_blind_compositional_1939.json,blind_compositional,gen_mmm_vs_stalker_colossus_02,mmm_vs_stalker_colossus,general_v2,True,9,medium,12.8424,NARROW,split,narrow_cross_gate,8,2,575,425,1.3529,strong_advantage,0.040107,"{""MARAUDER"": 2, ""MARINE"": 5, ""MEDIVAC"": 1}","{""COLOSSUS"": 1, ""STALKER"": 1}",f292ef2d107babdc6195fd30141aa5e17007d3dcda2104aebd70b927c8b98da1
r2g_blind_compositional_1940,configs/blind_compositional/r2g_blind_compositional_1940.json,blind_compositional,gen_mmm_vs_stalker_colossus_02,mmm_vs_stalker_colossus,general_v2,True,10,immediate,5.387,OCTAGON,staggered,diag_down,8,2,575,425,1.3529,strong_advantage,0.040107,"{""MARAUDER"": 2, ""MARINE"": 5, ""MEDIVAC"": 1}","{""COLOSSUS"": 1, ""STALKER"": 1}",2a87221cbc33b85b7a82508d8faeca5f03f50ab87cdf529d8d362179444ac866
r2g_blind_compositional_1941,configs/blind_compositional/r2g_blind_compositional_1941.json,blind_compositional,gen_stalker_zealot_vs_mmm_01,stalker_zealot_vs_mmm,general_v2,True,1,near,8.7197,SIMPLE,type_split,diag_up,3,4,325,325,1.0,balanced,0.681818,"{""STALKER"": 1, ""ZEALOT"": 2}","{""MARAUDER"": 1, ""MARINE"": 2, ""MEDIVAC"": 1}",f3c0b2398c1966e16361a0cfc9a20091903396ee1b67426855891d3e8a854a57
r2g_blind_compositional_1942,configs/blind_compositional/r2g_blind_compositional_1942.json,blind_compositional,gen_stalker_zealot_vs_mmm_01,stalker_zealot_vs_mmm,general_v2,True,2,far,16.982,SIMPLE,compact,horizontal,3,4,325,325,1.0,balanced,0.681818,"{""STALKER"": 1, ""ZEALOT"": 2}","{""MARAUDER"": 1, ""MARINE"": 2, ""MEDIVAC"": 1}",e9e15e7f0b095fd82611c68113543f7e939933db3d1d2a40dec17d49a8ed3dc0
r2g_blind_compositional_1943,configs/blind_compositional/r2g_blind_compositional_1943.json,blind_compositional,gen_stalker_zealot_vs_mmm_01,stalker_zealot_vs_mmm,general_v2,True,3,medium,12.6618,SIMPLE,split,diag_down,3,4,325,325,1.0,balanced,0.681818,"{""STALKER"": 1, ""ZEALOT"": 2}","{""MARAUDER"": 1, ""MARINE"": 2, ""MEDIVAC"": 1}",d109cf7ae76f216cceb486fecb00bf2824a8390f6774f133c6082e4066af0361
r2g_blind_compositional_1944,configs/blind_compositional/r2g_blind_compositional_1944.json,blind_compositional,gen_stalker_zealot_vs_mmm_01,stalker_zealot_vs_mmm,general_v2,True,4,immediate,5.4229,NARROW,staggered,narrow_same_side,3,4,325,325,1.0,balanced,0.681818,"{""STALKER"": 1, ""ZEALOT"": 2}","{""MARAUDER"": 1, ""MARINE"": 2, ""MEDIVAC"": 1}",3f683bc4fee64bc0b64b9a1d622f30f5768d4c5199a60b7d9d812b80f12568ab
r2g_blind_compositional_1945,configs/blind_compositional/r2g_blind_compositional_1945.json,blind_compositional,gen_stalker_zealot_vs_mmm_01,stalker_zealot_vs_mmm,general_v2,True,5,near,8.893,NARROW,compact,narrow_same_side,3,4,325,325,1.0,balanced,0.681818,"{""STALKER"": 1, ""ZEALOT"": 2}","{""MARAUDER"": 1, ""MARINE"": 2, ""MEDIVAC"": 1}",418bd9116e9db68959730fa6c39657c53250c9b67ea950141731748cbc73f77c
r2g_blind_compositional_1946,configs/blind_compositional/r2g_blind_compositional_1946.json,blind_compositional,gen_stalker_zealot_vs_mmm_01,stalker_zealot_vs_mmm,general_v2,True,6,immediate,5.378,OCTAGON,compact,horizontal,3,4,325,325,1.0,balanced,0.681818,"{""STALKER"": 1, ""ZEALOT"": 2}","{""MARAUDER"": 1, ""MARINE"": 2, ""MEDIVAC"": 1}",763923ad28ca0349b0e13aef16d857b7d4cc343a2a28b9e8593dc20c4616941b
r2g_blind_compositional_1947,configs/blind_compositional/r2g_blind_compositional_1947.json,blind_compositional,gen_stalker_zealot_vs_mmm_01,stalker_zealot_vs_mmm,general_v2,True,7,near,8.8833,NARROW,split,narrow_same_side,3,4,325,325,1.0,balanced,0.681818,"{""STALKER"": 1, ""ZEALOT"": 2}","{""MARAUDER"": 1, ""MARINE"": 2, ""MEDIVAC"": 1}",29b3767d275ec28262f7402dff2723ca7239868e3cba56a9e49662c2dbe4264c
r2g_blind_compositional_1948,configs/blind_compositional/r2g_blind_compositional_1948.json,blind_compositional,gen_stalker_zealot_vs_mmm_01,stalker_zealot_vs_mmm,general_v2,True,8,medium,12.7214,OCTAGON,staggered,diag_up,3,4,325,325,1.0,balanced,0.681818,"{""STALKER"": 1, ""ZEALOT"": 2}","{""MARAUDER"": 1, ""MARINE"": 2, ""MEDIVAC"": 1}",2b8f8f599718c69d83f6a72ae1dbc1b1fd9d6bf452984acf6b771afc102f6714
r2g_blind_compositional_1949,configs/blind_compositional/r2g_blind_compositional_1949.json,blind_compositional,gen_stalker_zealot_vs_mmm_01,stalker_zealot_vs_mmm,general_v2,True,9,far,16.9267,SIMPLE,type_split,horizontal,3,4,325,325,1.0,balanced,0.681818,"{""STALKER"": 1, ""ZEALOT"": 2}","{""MARAUDER"": 1, ""MARINE"": 2, ""MEDIVAC"": 1}",3f4cdea76c2cc327c6d8fe45e56146e02427f7fa4e8c0ba3ae05548d93b46ddd
r2g_blind_compositional_1950,configs/blind_compositional/r2g_blind_compositional_1950.json,blind_compositional,gen_stalker_zealot_vs_mmm_01,stalker_zealot_vs_mmm,general_v2,True,10,near,8.655,OCTAGON,compact,vertical,3,4,325,325,1.0,balanced,0.681818,"{""STALKER"": 1, ""ZEALOT"": 2}","{""MARAUDER"": 1, ""MARINE"": 2, ""MEDIVAC"": 1}",a7c647790bd3500829f1544be2ea2972adfa8fcdc1a1ecc155f70469b905f199
r2g_blind_compositional_1951,configs/blind_compositional/r2g_blind_compositional_1951.json,blind_compositional,gen_stalker_zealot_vs_mmm_02,stalker_zealot_vs_mmm,general_v2,True,1,medium,12.911,NARROW,split,narrow_cross_gate,8,9,900,675,1.3333,moderate_advantage,0.075758,"{""STALKER"": 4, ""ZEALOT"": 4}","{""MARAUDER"": 3, ""MARINE"": 5, ""MEDIVAC"": 1}",b2b540848a872e5185a79e540d74a9e4f60a22aa071df4e0bdc4974dcfdf299f
r2g_blind_compositional_1952,configs/blind_compositional/r2g_blind_compositional_1952.json,blind_compositional,gen_stalker_zealot_vs_mmm_02,stalker_zealot_vs_mmm,general_v2,True,2,immediate,5.5412,OCTAGON,staggered,diag_down,8,9,900,675,1.3333,moderate_advantage,0.075758,"{""STALKER"": 4, ""ZEALOT"": 4}","{""MARAUDER"": 3, ""MARINE"": 5, ""MEDIVAC"": 1}",19c421ff9c69fd0be60daf1b97240ac7747f838a2e7580ce3cac72ff4cfc9b1d
r2g_blind_compositional_1953,configs/blind_compositional/r2g_blind_compositional_1953.json,blind_compositional,gen_stalker_zealot_vs_mmm_02,stalker_zealot_vs_mmm,general_v2,True,3,near,8.7269,SIMPLE,type_split,diag_up,8,9,900,675,1.3333,moderate_advantage,0.075758,"{""STALKER"": 4, ""ZEALOT"": 4}","{""MARAUDER"": 3, ""MARINE"": 5, ""MEDIVAC"": 1}",fe8c6be0f7c39cc9af721c06634a238f685e1f1588d4d39671a4cfa968188f50
r2g_blind_compositional_1954,configs/blind_compositional/r2g_blind_compositional_1954.json,blind_compositional,gen_stalker_zealot_vs_mmm_02,stalker_zealot_vs_mmm,general_v2,True,4,far,16.861,SIMPLE,compact,horizontal,8,9,900,675,1.3333,moderate_advantage,0.075758,"{""STALKER"": 4, ""ZEALOT"": 4}","{""MARAUDER"": 3, ""MARINE"": 5, ""MEDIVAC"": 1}",5c994101079f8db3e2fba3596efebb8a037251ad63d6dd5d5d78f72c75608886
r2g_blind_compositional_1955,configs/blind_compositional/r2g_blind_compositional_1955.json,blind_compositional,gen_stalker_zealot_vs_mmm_02,stalker_zealot_vs_mmm,general_v2,True,5,medium,12.9274,SIMPLE,split,diag_down,8,9,900,675,1.3333,moderate_advantage,0.075758,"{""STALKER"": 4, ""ZEALOT"": 4}","{""MARAUDER"": 3, ""MARINE"": 5, ""MEDIVAC"": 1}",1d362cb8611bc0023cbd3b0a0f231841bfaf8d40cf3758e1edb630a5a4a7cde5
r2g_blind_compositional_1956,configs/blind_compositional/r2g_blind_compositional_1956.json,blind_compositional,gen_stalker_zealot_vs_mmm_02,stalker_zealot_vs_mmm,general_v2,True,6,immediate,5.4984,NARROW,staggered,narrow_same_side,8,9,900,675,1.3333,moderate_advantage,0.075758,"{""STALKER"": 4, ""ZEALOT"": 4}","{""MARAUDER"": 3, ""MARINE"": 5, ""MEDIVAC"": 1}",ae6f255260f9ccff360672422cb759f787704d700c47b2a3620312a511c3085b
r2g_blind_compositional_1957,configs/blind_compositional/r2g_blind_compositional_1957.json,blind_compositional,gen_stalker_zealot_vs_mmm_02,stalker_zealot_vs_mmm,general_v2,True,7,near,8.8588,NARROW,compact,narrow_same_side,8,9,900,675,1.3333,moderate_advantage,0.075758,"{""STALKER"": 4, ""ZEALOT"": 4}","{""MARAUDER"": 3, ""MARINE"": 5, ""MEDIVAC"": 1}",ba409185abdb1034b1345227b3f73fefd9d1a9d772b0671b8572d05916b79d9d
r2g_blind_compositional_1958,configs/blind_compositional/r2g_blind_compositional_1958.json,blind_compositional,gen_stalker_zealot_vs_mmm_02,stalker_zealot_vs_mmm,general_v2,True,8,immediate,5.4922,OCTAGON,compact,horizontal,8,9,900,675,1.3333,moderate_advantage,0.075758,"{""STALKER"": 4, ""ZEALOT"": 4}","{""MARAUDER"": 3, ""MARINE"": 5, ""MEDIVAC"": 1}",f294b866a71ceb77036deaf3d5a083ce25869e80168a99a17fa85390e0386f52
r2g_blind_compositional_1959,configs/blind_compositional/r2g_blind_compositional_1959.json,blind_compositional,gen_stalker_zealot_vs_mmm_02,stalker_zealot_vs_mmm,general_v2,True,9,near,8.6965,NARROW,split,narrow_same_side,8,9,900,675,1.3333,moderate_advantage,0.075758,"{""STALKER"": 4, ""ZEALOT"": 4}","{""MARAUDER"": 3, ""MARINE"": 5, ""MEDIVAC"": 1}",c8637b4e103cee1cbf1dc4a704fbbc1b1925bc615f8444b54b556ddbd4f5451e
r2g_blind_compositional_1960,configs/blind_compositional/r2g_blind_compositional_1960.json,blind_compositional,gen_stalker_zealot_vs_mmm_02,stalker_zealot_vs_mmm,general_v2,True,10,medium,12.8571,OCTAGON,staggered,diag_up,8,9,900,675,1.3333,moderate_advantage,0.075758,"{""STALKER"": 4, ""ZEALOT"": 4}","{""MARAUDER"": 3, ""MARINE"": 5, ""MEDIVAC"": 1}",b061d71713f325796be999a9f82e8a340177c51ba78c02d17619bd35d9b34f06
r2g_blind_compositional_1961,configs/blind_compositional/r2g_blind_compositional_1961.json,blind_compositional,gen_protoss_triad_vs_mmm_01,protoss_triad_vs_mmm,general_v2,True,1,far,17.1235,SIMPLE,type_split,horizontal,4,8,625,625,1.0,balanced,0.681818,"{""COLOSSUS"": 1, ""STALKER"": 1, ""ZEALOT"": 2}","{""MARAUDER"": 3, ""MARINE"": 4, ""MEDIVAC"": 1}",d6e5d46e495c9f2aab24ebad39b515f22827a03e9ea65e6423687afa913c777e
r2g_blind_compositional_1962,configs/blind_compositional/r2g_blind_compositional_1962.json,blind_compositional,gen_protoss_triad_vs_mmm_01,protoss_triad_vs_mmm,general_v2,True,2,near,8.6851,OCTAGON,compact,vertical,4,8,625,625,1.0,balanced,0.681818,"{""COLOSSUS"": 1, ""STALKER"": 1, ""ZEALOT"": 2}","{""MARAUDER"": 3, ""MARINE"": 4, ""MEDIVAC"": 1}",b1438b62571b60f736e746ab37842f544e8bb0cb9dafba2c5dd1f6823f81b96b
r2g_blind_compositional_1963,configs/blind_compositional/r2g_blind_compositional_1963.json,blind_compositional,gen_protoss_triad_vs_mmm_01,protoss_triad_vs_mmm,general_v2,True,3,medium,12.87,NARROW,split,narrow_cross_gate,4,8,625,625,1.0,balanced,0.681818,"{""COLOSSUS"": 1, ""STALKER"": 1, ""ZEALOT"": 2}","{""MARAUDER"": 3, ""MARINE"": 4, ""MEDIVAC"": 1}",a316139c447e45d257f3ca43e495c488c8e3acea199926c2696189db270e222f
r2g_blind_compositional_1964,configs/blind_compositional/r2g_blind_compositional_1964.json,blind_compositional,gen_protoss_triad_vs_mmm_01,protoss_triad_vs_mmm,general_v2,True,4,immediate,5.3965,OCTAGON,staggered,diag_down,4,8,625,625,1.0,balanced,0.681818,"{""COLOSSUS"": 1, ""STALKER"": 1, ""ZEALOT"": 2}","{""MARAUDER"": 3, ""MARINE"": 4, ""MEDIVAC"": 1}",df20120e16677764440422815c137460e2b1313ee51a4e8c4db8fdbc2b4b8b99
r2g_blind_compositional_1965,configs/blind_compositional/r2g_blind_compositional_1965.json,blind_compositional,gen_protoss_triad_vs_mmm_01,protoss_triad_vs_mmm,general_v2,True,5,near,8.9039,SIMPLE,type_split,diag_up,4,8,625,625,1.0,balanced,0.681818,"{""COLOSSUS"": 1, ""STALKER"": 1, ""ZEALOT"": 2}","{""MARAUDER"": 3, ""MARINE"": 4, ""MEDIVAC"": 1}",e7bbee293cb7f20a4832a3365e8b6276a3a650bb4d2a317dcc5a55e3dc0fe846
r2g_blind_compositional_1966,configs/blind_compositional/r2g_blind_compositional_1966.json,blind_compositional,gen_protoss_triad_vs_mmm_01,protoss_triad_vs_mmm,general_v2,True,6,far,17.0027,SIMPLE,compact,horizontal,4,8,625,625,1.0,balanced,0.681818,"{""COLOSSUS"": 1, ""STALKER"": 1, ""ZEALOT"": 2}","{""MARAUDER"": 3, ""MARINE"": 4, ""MEDIVAC"": 1}",3af6b323c468f64aefe875065f558c18b8bb5ce60befd79eaa5f2633542ed205
r2g_blind_compositional_1967,configs/blind_compositional/r2g_blind_compositional_1967.json,blind_compositional,gen_protoss_triad_vs_mmm_01,protoss_triad_vs_mmm,general_v2,True,7,medium,12.7001,SIMPLE,split,diag_down,4,8,625,625,1.0,balanced,0.681818,"{""COLOSSUS"": 1, ""STALKER"": 1, ""ZEALOT"": 2}","{""MARAUDER"": 3, ""MARINE"": 4, ""MEDIVAC"": 1}",6dd13c10fb49099ae57bf0ea40ea8d4529c4e9ae37c8079e06c31a538267fbe8
r2g_blind_compositional_1968,configs/blind_compositional/r2g_blind_compositional_1968.json,blind_compositional,gen_protoss_triad_vs_mmm_01,protoss_triad_vs_mmm,general_v2,True,8,immediate,5.2815,NARROW,staggered,narrow_same_side,4,8,625,625,1.0,balanced,0.681818,"{""COLOSSUS"": 1, ""STALKER"": 1, ""ZEALOT"": 2}","{""MARAUDER"": 3, ""MARINE"": 4, ""MEDIVAC"": 1}",62174e1aafb9f2542c2da666d6ac074e6be090866e9c67b6f2b0e2aaa9ccbaee
r2g_blind_compositional_1969,configs/blind_compositional/r2g_blind_compositional_1969.json,blind_compositional,gen_protoss_triad_vs_mmm_01,protoss_triad_vs_mmm,general_v2,True,9,near,8.848,NARROW,compact,narrow_same_side,4,8,625,625,1.0,balanced,0.681818,"{""COLOSSUS"": 1, ""STALKER"": 1, ""ZEALOT"": 2}","{""MARAUDER"": 3, ""MARINE"": 4, ""MEDIVAC"": 1}",891f3d887d564803d94fede3ee3dc8ce0a79057309ba953bcb1e7ccca0d9a8ca
r2g_blind_compositional_1970,configs/blind_compositional/r2g_blind_compositional_1970.json,blind_compositional,gen_protoss_triad_vs_mmm_01,protoss_triad_vs_mmm,general_v2,True,10,immediate,5.4295,OCTAGON,compact,horizontal,4,8,625,625,1.0,balanced,0.681818,"{""COLOSSUS"": 1, ""STALKER"": 1, ""ZEALOT"": 2}","{""MARAUDER"": 3, ""MARINE"": 4, ""MEDIVAC"": 1}",9cdcfeeca7b5db017873107796881857e4a09d1e37020e3e26266f4a446c4d9b
r2g_blind_compositional_1971,configs/blind_compositional/r2g_blind_compositional_1971.json,blind_compositional,gen_protoss_triad_vs_mmm_02,protoss_triad_vs_mmm,general_v2,True,1,near,8.9031,NARROW,split,narrow_same_side,6,9,850,625,1.36,strong_advantage,0.027273,"{""COLOSSUS"": 1, ""STALKER"": 2, ""ZEALOT"": 3}","{""MARAUDER"": 2, ""MARINE"": 6, ""MEDIVAC"": 1}",ea672f9f83512a748fa874b79e881b26fddcbaed31b6d336aaf7b6123f36366f
r2g_blind_compositional_1972,configs/blind_compositional/r2g_blind_compositional_1972.json,blind_compositional,gen_protoss_triad_vs_mmm_02,protoss_triad_vs_mmm,general_v2,True,2,medium,12.8544,OCTAGON,staggered,diag_up,6,9,850,625,1.36,strong_advantage,0.027273,"{""COLOSSUS"": 1, ""STALKER"": 2, ""ZEALOT"": 3}","{""MARAUDER"": 2, ""MARINE"": 6, ""MEDIVAC"": 1}",c5cb33f589c93fa40c89a7df4bef6c9dba43e1cdb0aeeea04752a86fc96f104a
r2g_blind_compositional_1973,configs/blind_compositional/r2g_blind_compositional_1973.json,blind_compositional,gen_protoss_triad_vs_mmm_02,protoss_triad_vs_mmm,general_v2,True,3,far,17.1896,SIMPLE,type_split,horizontal,6,9,850,625,1.36,strong_advantage,0.027273,"{""COLOSSUS"": 1, ""STALKER"": 2, ""ZEALOT"": 3}","{""MARAUDER"": 2, ""MARINE"": 6, ""MEDIVAC"": 1}",a68f86ff5b35201a335bc44906c85af165e089730c73638dba27886c31442e8e
r2g_blind_compositional_1974,configs/blind_compositional/r2g_blind_compositional_1974.json,blind_compositional,gen_protoss_triad_vs_mmm_02,protoss_triad_vs_mmm,general_v2,True,4,near,8.6836,OCTAGON,compact,vertical,6,9,850,625,1.36,strong_advantage,0.027273,"{""COLOSSUS"": 1, ""STALKER"": 2, ""ZEALOT"": 3}","{""MARAUDER"": 2, ""MARINE"": 6, ""MEDIVAC"": 1}",da8b6ea007b21b3425d62691c5f9c9959e885f1016d6318e48be2e2da2546aed
r2g_blind_compositional_1975,configs/blind_compositional/r2g_blind_compositional_1975.json,blind_compositional,gen_protoss_triad_vs_mmm_02,protoss_triad_vs_mmm,general_v2,True,5,medium,12.9569,NARROW,split,narrow_cross_gate,6,9,850,625,1.36,strong_advantage,0.027273,"{""COLOSSUS"": 1, ""STALKER"": 2, ""ZEALOT"": 3}","{""MARAUDER"": 2, ""MARINE"": 6, ""MEDIVAC"": 1}",4fb14927cfe68a66d11c60715acb9e8c8a4179b90148880fecec0ecd96751314
r2g_blind_compositional_1976,configs/blind_compositional/r2g_blind_compositional_1976.json,blind_compositional,gen_protoss_triad_vs_mmm_02,protoss_triad_vs_mmm,general_v2,True,6,immediate,5.3602,OCTAGON,staggered,diag_down,6,9,850,625,1.36,strong_advantage,0.027273,"{""COLOSSUS"": 1, ""STALKER"": 2, ""ZEALOT"": 3}","{""MARAUDER"": 2, ""MARINE"": 6, ""MEDIVAC"": 1}",2701f309b3fcab57405ef1e3999d982bd6d9333a871f70a1f65cbc0da0b48d3f
r2g_blind_compositional_1977,configs/blind_compositional/r2g_blind_compositional_1977.json,blind_compositional,gen_protoss_triad_vs_mmm_02,protoss_triad_vs_mmm,general_v2,True,7,near,8.9136,SIMPLE,type_split,diag_up,6,9,850,625,1.36,strong_advantage,0.027273,"{""COLOSSUS"": 1, ""STALKER"": 2, ""ZEALOT"": 3}","{""MARAUDER"": 2, ""MARINE"": 6, ""MEDIVAC"": 1}",1806291d312f48c45660b82e0a83f1f5c5e11ac3238f49283957383425c8f954
r2g_blind_compositional_1978,configs/blind_compositional/r2g_blind_compositional_1978.json,blind_compositional,gen_protoss_triad_vs_mmm_02,protoss_triad_vs_mmm,general_v2,True,8,far,16.9468,SIMPLE,compact,horizontal,6,9,850,625,1.36,strong_advantage,0.027273,"{""COLOSSUS"": 1, ""STALKER"": 2, ""ZEALOT"": 3}","{""MARAUDER"": 2, ""MARINE"": 6, ""MEDIVAC"": 1}",352e3a0b8f0456fd521a37cbf6448706dc701c52f032c47bf37219e9c0640cda
r2g_blind_compositional_1979,configs/blind_compositional/r2g_blind_compositional_1979.json,blind_compositional,gen_protoss_triad_vs_mmm_02,protoss_triad_vs_mmm,general_v2,True,9,medium,12.9957,SIMPLE,split,diag_down,6,9,850,625,1.36,strong_advantage,0.027273,"{""COLOSSUS"": 1, ""STALKER"": 2, ""ZEALOT"": 3}","{""MARAUDER"": 2, ""MARINE"": 6, ""MEDIVAC"": 1}",3794f398895333ff071e3b98136377cbb12ec4752149b54cc8c016d1a309685d
r2g_blind_compositional_1980,configs/blind_compositional/r2g_blind_compositional_1980.json,blind_compositional,gen_protoss_triad_vs_mmm_02,protoss_triad_vs_mmm,general_v2,True,10,immediate,5.3899,NARROW,staggered,narrow_same_side,6,9,850,625,1.36,strong_advantage,0.027273,"{""COLOSSUS"": 1, ""STALKER"": 2, ""ZEALOT"": 3}","{""MARAUDER"": 2, ""MARINE"": 6, ""MEDIVAC"": 1}",67b2d4d5b6e74ae3d9af4ad8dc1b1d85221b90f24210f010affcb29b9b10052e
r2g_blind_compositional_1981,configs/blind_compositional/r2g_blind_compositional_1981.json,blind_compositional,gen_spine_swarm_vs_stalker_zealot_01,spine_swarm_vs_stalker_zealot,general_v2,True,1,near,8.6963,NARROW,compact,narrow_same_side,4,4,400,425,0.9412,slight_disadvantage,0.78877,"{""SPINE_CRAWLER"": 2, ""ZERGLING"": 2}","{""STALKER"": 1, ""ZEALOT"": 3}",b665494711968e7eba85094e59ca59c6760bf7521c8a5ca234e5aa7a8b71739f
r2g_blind_compositional_1982,configs/blind_compositional/r2g_blind_compositional_1982.json,blind_compositional,gen_spine_swarm_vs_stalker_zealot_01,spine_swarm_vs_stalker_zealot,general_v2,True,2,immediate,5.3988,OCTAGON,compact,horizontal,4,4,400,425,0.9412,slight_disadvantage,0.78877,"{""SPINE_CRAWLER"": 2, ""ZERGLING"": 2}","{""STALKER"": 1, ""ZEALOT"": 3}",99dfcb438e00924938bce4cce78676673392e142356833d4ac78f6c9ef5fa266
r2g_blind_compositional_1983,configs/blind_compositional/r2g_blind_compositional_1983.json,blind_compositional,gen_spine_swarm_vs_stalker_zealot_01,spine_swarm_vs_stalker_zealot,general_v2,True,3,near,8.9161,NARROW,split,narrow_same_side,4,4,400,425,0.9412,slight_disadvantage,0.78877,"{""SPINE_CRAWLER"": 2, ""ZERGLING"": 2}","{""STALKER"": 1, ""ZEALOT"": 3}",c5aa9e935f34ee7db835cdbec59c2aab386b7d7f4c5da040b77f78218027d9d4
r2g_blind_compositional_1984,configs/blind_compositional/r2g_blind_compositional_1984.json,blind_compositional,gen_spine_swarm_vs_stalker_zealot_01,spine_swarm_vs_stalker_zealot,general_v2,True,4,medium,12.6871,OCTAGON,staggered,diag_up,4,4,400,425,0.9412,slight_disadvantage,0.78877,"{""SPINE_CRAWLER"": 2, ""ZERGLING"": 2}","{""STALKER"": 1, ""ZEALOT"": 3}",1b1a401a2d916e03ed8359292915cd211aa8daa3f3ef3268c8b4cb751571f242
r2g_blind_compositional_1985,configs/blind_compositional/r2g_blind_compositional_1985.json,blind_compositional,gen_spine_swarm_vs_stalker_zealot_01,spine_swarm_vs_stalker_zealot,general_v2,True,5,far,16.9399,SIMPLE,type_split,horizontal,4,4,400,425,0.9412,slight_disadvantage,0.78877,"{""SPINE_CRAWLER"": 2, ""ZERGLING"": 2}","{""STALKER"": 1, ""ZEALOT"": 3}",a16fe69b5b8207ad502d0efe4786e30273f24c076eed1f2e79ae244ff4b8bfad
r2g_blind_compositional_1986,configs/blind_compositional/r2g_blind_compositional_1986.json,blind_compositional,gen_spine_swarm_vs_stalker_zealot_01,spine_swarm_vs_stalker_zealot,general_v2,True,6,near,8.6613,OCTAGON,compact,vertical,4,4,400,425,0.9412,slight_disadvantage,0.78877,"{""SPINE_CRAWLER"": 2, ""ZERGLING"": 2}","{""STALKER"": 1, ""ZEALOT"": 3}",f4c2f76ea61daa0bdb853e0f7f8ebadfe9a83b232759bef611e879fbb8573bf1
r2g_blind_compositional_1987,configs/blind_compositional/r2g_blind_compositional_1987.json,blind_compositional,gen_spine_swarm_vs_stalker_zealot_01,spine_swarm_vs_stalker_zealot,general_v2,True,7,medium,12.8691,NARROW,split,narrow_cross_gate,4,4,400,425,0.9412,slight_disadvantage,0.78877,"{""SPINE_CRAWLER"": 2, ""ZERGLING"": 2}","{""STALKER"": 1, ""ZEALOT"": 3}",8bef0102ffdd0263f073f96df55d484737b71d50bbe4f2e90ac6f5cac414ef86
r2g_blind_compositional_1988,configs/blind_compositional/r2g_blind_compositional_1988.json,blind_compositional,gen_spine_swarm_vs_stalker_zealot_01,spine_swarm_vs_stalker_zealot,general_v2,True,8,immediate,5.3797,OCTAGON,staggered,diag_down,4,4,400,425,0.9412,slight_disadvantage,0.78877,"{""SPINE_CRAWLER"": 2, ""ZERGLING"": 2}","{""STALKER"": 1, ""ZEALOT"": 3}",fdd79340528478167b35899b4f2c7d547cf899870dcdaaff7d8581e32853a1cf
r2g_blind_compositional_1989,configs/blind_compositional/r2g_blind_compositional_1989.json,blind_compositional,gen_spine_swarm_vs_stalker_zealot_01,spine_swarm_vs_stalker_zealot,general_v2,True,9,near,8.6265,SIMPLE,type_split,diag_up,4,4,400,425,0.9412,slight_disadvantage,0.78877,"{""SPINE_CRAWLER"": 2, ""ZERGLING"": 2}","{""STALKER"": 1, ""ZEALOT"": 3}",c998631763d5ade9811b01b0ef695727acd9f9879614ee517865753858f6a8bd
r2g_blind_compositional_1990,configs/blind_compositional/r2g_blind_compositional_1990.json,blind_compositional,gen_spine_swarm_vs_stalker_zealot_01,spine_swarm_vs_stalker_zealot,general_v2,True,10,far,16.9982,SIMPLE,compact,horizontal,4,4,400,425,0.9412,slight_disadvantage,0.78877,"{""SPINE_CRAWLER"": 2, ""ZERGLING"": 2}","{""STALKER"": 1, ""ZEALOT"": 3}",0ae5a4b03f7c7e572f9763ddf127cec17491b324273576e9a06976fa3bb8da5a
r2g_blind_compositional_1991,configs/blind_compositional/r2g_blind_compositional_1991.json,blind_compositional,gen_spine_swarm_vs_stalker_zealot_02,spine_swarm_vs_stalker_zealot,general_v2,True,1,medium,12.7697,SIMPLE,split,diag_down,9,5,675,525,1.2857,moderate_advantage,0.162338,"{""SPINE_CRAWLER"": 3, ""ZERGLING"": 6}","{""STALKER"": 1, ""ZEALOT"": 4}",0140438c060b5ebb024b188f42f5c33083927c5c253f7d544f87231650206e15
r2g_blind_compositional_1992,configs/blind_compositional/r2g_blind_compositional_1992.json,blind_compositional,gen_spine_swarm_vs_stalker_zealot_02,spine_swarm_vs_stalker_zealot,general_v2,True,2,immediate,5.5835,NARROW,staggered,narrow_same_side,9,5,675,525,1.2857,moderate_advantage,0.162338,"{""SPINE_CRAWLER"": 3, ""ZERGLING"": 6}","{""STALKER"": 1, ""ZEALOT"": 4}",54ef223b1d6b5a19505d616e19436dc6e461841cfaf979925a77555287051c27
r2g_blind_compositional_1993,configs/blind_compositional/r2g_blind_compositional_1993.json,blind_compositional,gen_spine_swarm_vs_stalker_zealot_02,spine_swarm_vs_stalker_zealot,general_v2,True,3,near,8.7142,NARROW,compact,narrow_same_side,9,5,675,525,1.2857,moderate_advantage,0.162338,"{""SPINE_CRAWLER"": 3, ""ZERGLING"": 6}","{""STALKER"": 1, ""ZEALOT"": 4}",8618ee28f486e796a40b732e183b7f57427d6162c583c222827c2acad083b9cc
r2g_blind_compositional_1994,configs/blind_compositional/r2g_blind_compositional_1994.json,blind_compositional,gen_spine_swarm_vs_stalker_zealot_02,spine_swarm_vs_stalker_zealot,general_v2,True,4,immediate,5.3956,OCTAGON,compact,horizontal,9,5,675,525,1.2857,moderate_advantage,0.162338,"{""SPINE_CRAWLER"": 3, ""ZERGLING"": 6}","{""STALKER"": 1, ""ZEALOT"": 4}",694e10e946555455a5358ecf41e68947f9feae06bbce82f6be8f98d65f3e64de
r2g_blind_compositional_1995,configs/blind_compositional/r2g_blind_compositional_1995.json,blind_compositional,gen_spine_swarm_vs_stalker_zealot_02,spine_swarm_vs_stalker_zealot,general_v2,True,5,near,8.9485,NARROW,split,narrow_same_side,9,5,675,525,1.2857,moderate_advantage,0.162338,"{""SPINE_CRAWLER"": 3, ""ZERGLING"": 6}","{""STALKER"": 1, ""ZEALOT"": 4}",5af7bd0e5f77bc9f8444b43021a716e76a1fe40d5e390adc6cdf4daeb6e2ab41
r2g_blind_compositional_1996,configs/blind_compositional/r2g_blind_compositional_1996.json,blind_compositional,gen_spine_swarm_vs_stalker_zealot_02,spine_swarm_vs_stalker_zealot,general_v2,True,6,medium,12.9819,OCTAGON,staggered,diag_up,9,5,675,525,1.2857,moderate_advantage,0.162338,"{""SPINE_CRAWLER"": 3, ""ZERGLING"": 6}","{""STALKER"": 1, ""ZEALOT"": 4}",9016e7a64bf6af6641cb20961d490d65fd28669d209c5e2b8ce0c6c7cd4b11cd
r2g_blind_compositional_1997,configs/blind_compositional/r2g_blind_compositional_1997.json,blind_compositional,gen_spine_swarm_vs_stalker_zealot_02,spine_swarm_vs_stalker_zealot,general_v2,True,7,far,17.1403,SIMPLE,type_split,horizontal,9,5,675,525,1.2857,moderate_advantage,0.162338,"{""SPINE_CRAWLER"": 3, ""ZERGLING"": 6}","{""STALKER"": 1, ""ZEALOT"": 4}",3bd7932e4b35dc7c75049aff9359dc00896fbb211a3e123dcd9db2a3b4297977
r2g_blind_compositional_1998,configs/blind_compositional/r2g_blind_compositional_1998.json,blind_compositional,gen_spine_swarm_vs_stalker_zealot_02,spine_swarm_vs_stalker_zealot,general_v2,True,8,near,8.855,OCTAGON,compact,vertical,9,5,675,525,1.2857,moderate_advantage,0.162338,"{""SPINE_CRAWLER"": 3, ""ZERGLING"": 6}","{""STALKER"": 1, ""ZEALOT"": 4}",0a36810b042adb9ae6e8990515b8099e6da82d8ee28c677d80d18012c2164a1f
r2g_blind_compositional_1999,configs/blind_compositional/r2g_blind_compositional_1999.json,blind_compositional,gen_spine_swarm_vs_stalker_zealot_02,spine_swarm_vs_stalker_zealot,general_v2,True,9,medium,12.7514,NARROW,split,narrow_cross_gate,9,5,675,525,1.2857,moderate_advantage,0.162338,"{""SPINE_CRAWLER"": 3, ""ZERGLING"": 6}","{""STALKER"": 1, ""ZEALOT"": 4}",ba3aba486d7c3cfaf91951719dbc2e50070547273306e62dcf9b0635d6f1f811
r2g_blind_compositional_2000,configs/blind_compositional/r2g_blind_compositional_2000.json,blind_compositional,gen_spine_swarm_vs_stalker_zealot_02,spine_swarm_vs_stalker_zealot,general_v2,True,10,immediate,5.4936,OCTAGON,staggered,diag_down,9,5,675,525,1.2857,moderate_advantage,0.162338,"{""SPINE_CRAWLER"": 3, ""ZERGLING"": 6}","{""STALKER"": 1, ""ZEALOT"": 4}",10b720d73ded7a9f971fffda61f2f44e3e9f9f464f0c01121de7677e03b3f892
r2g_blind_compositional_2001,configs/blind_compositional/r2g_blind_compositional_2001.json,blind_compositional,gen_swarm_vs_stalker_zealot_01,swarm_vs_stalker_zealot,general_v2,True,1,near,8.9196,SIMPLE,type_split,diag_up,9,3,325,325,1.0,balanced,0.681818,"{""BANELING"": 4, ""ZERGLING"": 5}","{""STALKER"": 1, ""ZEALOT"": 2}",b1217cb194f40846a0f6da0f57f171b3f4b93ff2236b4b316f87c94897f7cf9e
r2g_blind_compositional_2002,configs/blind_compositional/r2g_blind_compositional_2002.json,blind_compositional,gen_swarm_vs_stalker_zealot_01,swarm_vs_stalker_zealot,general_v2,True,2,far,17.1002,SIMPLE,compact,horizontal,9,3,325,325,1.0,balanced,0.681818,"{""BANELING"": 4, ""ZERGLING"": 5}","{""STALKER"": 1, ""ZEALOT"": 2}",9f15af96b6bf8e6b824b0f7e6df79899dcac374efc55e4f58d9534ee3a157bb6
r2g_blind_compositional_2003,configs/blind_compositional/r2g_blind_compositional_2003.json,blind_compositional,gen_swarm_vs_stalker_zealot_01,swarm_vs_stalker_zealot,general_v2,True,3,medium,12.8909,SIMPLE,split,diag_down,9,3,325,325,1.0,balanced,0.681818,"{""BANELING"": 4, ""ZERGLING"": 5}","{""STALKER"": 1, ""ZEALOT"": 2}",69d4c33ddf5313c8dd9e5f16e344af199e52afbcd7bb71bbf52c7414b7a13b50
r2g_blind_compositional_2004,configs/blind_compositional/r2g_blind_compositional_2004.json,blind_compositional,gen_swarm_vs_stalker_zealot_01,swarm_vs_stalker_zealot,general_v2,True,4,immediate,5.3925,NARROW,staggered,narrow_same_side,9,3,325,325,1.0,balanced,0.681818,"{""BANELING"": 4, ""ZERGLING"": 5}","{""STALKER"": 1, ""ZEALOT"": 2}",1638bfa8b90e9a3b74ab1a39804adcb80df48a735813b3e2e3b77cbb95e4f229
r2g_blind_compositional_2005,configs/blind_compositional/r2g_blind_compositional_2005.json,blind_compositional,gen_swarm_vs_stalker_zealot_01,swarm_vs_stalker_zealot,general_v2,True,5,near,8.6769,NARROW,compact,narrow_same_side,9,3,325,325,1.0,balanced,0.681818,"{""BANELING"": 4, ""ZERGLING"": 5}","{""STALKER"": 1, ""ZEALOT"": 2}",5e71a23655e19d84187e60567bba3509aeaa71c344712331acf9fdcab242e8aa
r2g_blind_compositional_2006,configs/blind_compositional/r2g_blind_compositional_2006.json,blind_compositional,gen_swarm_vs_stalker_zealot_01,swarm_vs_stalker_zealot,general_v2,True,6,immediate,5.4789,OCTAGON,compact,horizontal,9,3,325,325,1.0,balanced,0.681818,"{""BANELING"": 4, ""ZERGLING"": 5}","{""STALKER"": 1, ""ZEALOT"": 2}",9894569cb76e6a00885f93618ad29bf68f4e5d9118bdeaf30c25cbd9e9effeda
r2g_blind_compositional_2007,configs/blind_compositional/r2g_blind_compositional_2007.json,blind_compositional,gen_swarm_vs_stalker_zealot_01,swarm_vs_stalker_zealot,general_v2,True,7,near,8.8829,NARROW,split,narrow_same_side,9,3,325,325,1.0,balanced,0.681818,"{""BANELING"": 4, ""ZERGLING"": 5}","{""STALKER"": 1, ""ZEALOT"": 2}",35dd88da09baff96981dfd1f9b41ba384522a14a326506d8405ac0e0639a6b70
r2g_blind_compositional_2008,configs/blind_compositional/r2g_blind_compositional_2008.json,blind_compositional,gen_swarm_vs_stalker_zealot_01,swarm_vs_stalker_zealot,general_v2,True,8,medium,12.7658,OCTAGON,staggered,diag_up,9,3,325,325,1.0,balanced,0.681818,"{""BANELING"": 4, ""ZERGLING"": 5}","{""STALKER"": 1, ""ZEALOT"": 2}",002aa58d7f87f078dd1ac497ec238f2c7b3c061f6222ef65c81a852e292e9cb8
r2g_blind_compositional_2009,configs/blind_compositional/r2g_blind_compositional_2009.json,blind_compositional,gen_swarm_vs_stalker_zealot_01,swarm_vs_stalker_zealot,general_v2,True,9,far,17.0663,SIMPLE,type_split,horizontal,9,3,325,325,1.0,balanced,0.681818,"{""BANELING"": 4, ""ZERGLING"": 5}","{""STALKER"": 1, ""ZEALOT"": 2}",10d2259864d1a8666cb5f52534d9c31e5be159b20e4f8a02c65222be765a505b
r2g_blind_compositional_2010,configs/blind_compositional/r2g_blind_compositional_2010.json,blind_compositional,gen_swarm_vs_stalker_zealot_01,swarm_vs_stalker_zealot,general_v2,True,10,near,8.6139,OCTAGON,compact,vertical,9,3,325,325,1.0,balanced,0.681818,"{""BANELING"": 4, ""ZERGLING"": 5}","{""STALKER"": 1, ""ZEALOT"": 2}",f77f29acc7ffcacc4033564cf5c8634956451185d9b8b061b9ca70cf80ac60be
r2g_blind_compositional_2011,configs/blind_compositional/r2g_blind_compositional_2011.json,blind_compositional,gen_swarm_vs_stalker_zealot_02,swarm_vs_stalker_zealot,general_v2,True,1,medium,12.6417,NARROW,split,narrow_cross_gate,9,3,325,350,0.9286,slight_disadvantage,0.811688,"{""BANELING"": 4, ""ZERGLING"": 5}","{""STALKER"": 2, ""ZEALOT"": 1}",0c0b39bc935c748f0257a6bb0834806d1fa97a72d56347225dee59105dcd81cc
r2g_blind_compositional_2012,configs/blind_compositional/r2g_blind_compositional_2012.json,blind_compositional,gen_swarm_vs_stalker_zealot_02,swarm_vs_stalker_zealot,general_v2,True,2,immediate,5.241,OCTAGON,staggered,diag_down,9,3,325,350,0.9286,slight_disadvantage,0.811688,"{""BANELING"": 4, ""ZERGLING"": 5}","{""STALKER"": 2, ""ZEALOT"": 1}",0a96444106cb2b5086ccf571f6f9a3df753a92ee1fde60c907eac0c244e2afea
r2g_blind_compositional_2013,configs/blind_compositional/r2g_blind_compositional_2013.json,blind_compositional,gen_swarm_vs_stalker_zealot_02,swarm_vs_stalker_zealot,general_v2,True,3,near,8.9229,SIMPLE,type_split,diag_up,9,3,325,350,0.9286,slight_disadvantage,0.811688,"{""BANELING"": 4, ""ZERGLING"": 5}","{""STALKER"": 2, ""ZEALOT"": 1}",fc5aaeed706abd09c69990fbb473f2915ab7ff574f25aaac2c57fbd3d1032997
r2g_blind_compositional_2014,configs/blind_compositional/r2g_blind_compositional_2014.json,blind_compositional,gen_swarm_vs_stalker_zealot_02,swarm_vs_stalker_zealot,general_v2,True,4,far,17.1972,SIMPLE,compact,horizontal,9,3,325,350,0.9286,slight_disadvantage,0.811688,"{""BANELING"": 4, ""ZERGLING"": 5}","{""STALKER"": 2, ""ZEALOT"": 1}",b257180307d86af6dda18ac5aad6876fec7740395b11889a58ba7e51dbf1603d
r2g_blind_compositional_2015,configs/blind_compositional/r2g_blind_compositional_2015.json,blind_compositional,gen_swarm_vs_stalker_zealot_02,swarm_vs_stalker_zealot,general_v2,True,5,medium,12.991,SIMPLE,split,diag_down,9,3,325,350,0.9286,slight_disadvantage,0.811688,"{""BANELING"": 4, ""ZERGLING"": 5}","{""STALKER"": 2, ""ZEALOT"": 1}",31ae042b2a7e11e84efde790df6cd520889d93865bddc73e1e6760d68d8e7cae
r2g_blind_compositional_2016,configs/blind_compositional/r2g_blind_compositional_2016.json,blind_compositional,gen_swarm_vs_stalker_zealot_02,swarm_vs_stalker_zealot,general_v2,True,6,immediate,5.5479,NARROW,staggered,narrow_same_side,9,3,325,350,0.9286,slight_disadvantage,0.811688,"{""BANELING"": 4, ""ZERGLING"": 5}","{""STALKER"": 2, ""ZEALOT"": 1}",2f9de10e3882edf0e3b47683d1105b48998818e0a5dcad4f583abe0079f8235f
r2g_blind_compositional_2017,configs/blind_compositional/r2g_blind_compositional_2017.json,blind_compositional,gen_swarm_vs_stalker_zealot_02,swarm_vs_stalker_zealot,general_v2,True,7,near,8.8406,NARROW,compact,narrow_same_side,9,3,325,350,0.9286,slight_disadvantage,0.811688,"{""BANELING"": 4, ""ZERGLING"": 5}","{""STALKER"": 2, ""ZEALOT"": 1}",b358a3ce62951f6d23c496dbfad680f6bcc89f7f52cbff4fb5c3f05cd336a09a
r2g_blind_compositional_2018,configs/blind_compositional/r2g_blind_compositional_2018.json,blind_compositional,gen_swarm_vs_stalker_zealot_02,swarm_vs_stalker_zealot,general_v2,True,8,immediate,5.384,OCTAGON,compact,horizontal,9,3,325,350,0.9286,slight_disadvantage,0.811688,"{""BANELING"": 4, ""ZERGLING"": 5}","{""STALKER"": 2, ""ZEALOT"": 1}",37e901e1be14369849969599540d4063c102f51930133211c8d55ce486aa0861
r2g_blind_compositional_2019,configs/blind_compositional/r2g_blind_compositional_2019.json,blind_compositional,gen_swarm_vs_stalker_zealot_02,swarm_vs_stalker_zealot,general_v2,True,9,near,8.8665,NARROW,split,narrow_same_side,9,3,325,350,0.9286,slight_disadvantage,0.811688,"{""BANELING"": 4, ""ZERGLING"": 5}","{""STALKER"": 2, ""ZEALOT"": 1}",346be79b38d6b7d579a33d2cb657f6ea46693de304439b16356db3ffbddb637a
r2g_blind_compositional_2020,configs/blind_compositional/r2g_blind_compositional_2020.json,blind_compositional,gen_swarm_vs_stalker_zealot_02,swarm_vs_stalker_zealot,general_v2,True,10,medium,12.9204,OCTAGON,staggered,diag_up,9,3,325,350,0.9286,slight_disadvantage,0.811688,"{""BANELING"": 4, ""ZERGLING"": 5}","{""STALKER"": 2, ""ZEALOT"": 1}",320d1cd5c5863c577754dcf2f97ed59c0160b1426bf7a043ab7b5d89fd22d5a2
r2g_blind_compositional_2021,configs/blind_compositional/r2g_blind_compositional_2021.json,blind_compositional,gen_bio_vs_stalker_colossus_01,bio_vs_stalker_colossus,general_v2,True,1,far,17.1437,SIMPLE,type_split,horizontal,5,2,400,425,0.9412,slight_disadvantage,0.78877,"{""MARAUDER"": 3, ""MARINE"": 2}","{""COLOSSUS"": 1, ""STALKER"": 1}",ae5ebe8d49d99483f708f22b59bce89604674a79925a4a02298b63d0f53afde5
r2g_blind_compositional_2022,configs/blind_compositional/r2g_blind_compositional_2022.json,blind_compositional,gen_bio_vs_stalker_colossus_01,bio_vs_stalker_colossus,general_v2,True,2,near,8.9158,OCTAGON,compact,vertical,5,2,400,425,0.9412,slight_disadvantage,0.78877,"{""MARAUDER"": 3, ""MARINE"": 2}","{""COLOSSUS"": 1, ""STALKER"": 1}",df59a85ea1ad91fb98e06193f69b9f742f701901b9e7f3b8405b23eb1cf5d7fe
r2g_blind_compositional_2023,configs/blind_compositional/r2g_blind_compositional_2023.json,blind_compositional,gen_bio_vs_stalker_colossus_01,bio_vs_stalker_colossus,general_v2,True,3,medium,12.7228,NARROW,split,narrow_cross_gate,5,2,400,425,0.9412,slight_disadvantage,0.78877,"{""MARAUDER"": 3, ""MARINE"": 2}","{""COLOSSUS"": 1, ""STALKER"": 1}",7c961054dc41e9873a89e8a8b8b08bea910e39e0ab9490a22038d6e7a8ad6132
r2g_blind_compositional_2024,configs/blind_compositional/r2g_blind_compositional_2024.json,blind_compositional,gen_bio_vs_stalker_colossus_01,bio_vs_stalker_colossus,general_v2,True,4,immediate,5.5203,OCTAGON,staggered,diag_down,5,2,400,425,0.9412,slight_disadvantage,0.78877,"{""MARAUDER"": 3, ""MARINE"": 2}","{""COLOSSUS"": 1, ""STALKER"": 1}",649d26bef976698b1a36aa352d3a7ddef9c2a724f6c88453e0c67109fa149a90
r2g_blind_compositional_2025,configs/blind_compositional/r2g_blind_compositional_2025.json,blind_compositional,gen_bio_vs_stalker_colossus_01,bio_vs_stalker_colossus,general_v2,True,5,near,8.6107,SIMPLE,type_split,diag_up,5,2,400,425,0.9412,slight_disadvantage,0.78877,"{""MARAUDER"": 3, ""MARINE"": 2}","{""COLOSSUS"": 1, ""STALKER"": 1}",ce099c66b74a359542545d99f3f8e2a1cba23092b99fed7fef752bfb6a0c561e
r2g_blind_compositional_2026,configs/blind_compositional/r2g_blind_compositional_2026.json,blind_compositional,gen_bio_vs_stalker_colossus_01,bio_vs_stalker_colossus,general_v2,True,6,far,16.8591,SIMPLE,compact,horizontal,5,2,400,425,0.9412,slight_disadvantage,0.78877,"{""MARAUDER"": 3, ""MARINE"": 2}","{""COLOSSUS"": 1, ""STALKER"": 1}",32d49d97e4260ba6c2013e960bf68655adfb782ee4aa69905cba1ce7e214b326
r2g_blind_compositional_2027,configs/blind_compositional/r2g_blind_compositional_2027.json,blind_compositional,gen_bio_vs_stalker_colossus_01,bio_vs_stalker_colossus,general_v2,True,7,medium,12.9494,SIMPLE,split,diag_down,5,2,400,425,0.9412,slight_disadvantage,0.78877,"{""MARAUDER"": 3, ""MARINE"": 2}","{""COLOSSUS"": 1, ""STALKER"": 1}",49cffe9d5e65f0dd56c0d8e718d27d7b77b904b188f07f648d5675b05324fc49
r2g_blind_compositional_2028,configs/blind_compositional/r2g_blind_compositional_2028.json,blind_compositional,gen_bio_vs_stalker_colossus_01,bio_vs_stalker_colossus,general_v2,True,8,immediate,5.3662,NARROW,staggered,narrow_same_side,5,2,400,425,0.9412,slight_disadvantage,0.78877,"{""MARAUDER"": 3, ""MARINE"": 2}","{""COLOSSUS"": 1, ""STALKER"": 1}",be1165c93086790bbcb90ee5c6c161888563a9f195573b47a89dd35507305ec3
r2g_blind_compositional_2029,configs/blind_compositional/r2g_blind_compositional_2029.json,blind_compositional,gen_bio_vs_stalker_colossus_01,bio_vs_stalker_colossus,general_v2,True,9,near,8.8498,NARROW,compact,narrow_same_side,5,2,400,425,0.9412,slight_disadvantage,0.78877,"{""MARAUDER"": 3, ""MARINE"": 2}","{""COLOSSUS"": 1, ""STALKER"": 1}",0e6f2809441e14d0321bf648cbdb74d0e3cf1aa1f17a3863009e120af36b6d27
r2g_blind_compositional_2030,configs/blind_compositional/r2g_blind_compositional_2030.json,blind_compositional,gen_bio_vs_stalker_colossus_01,bio_vs_stalker_colossus,general_v2,True,10,immediate,5.3759,OCTAGON,compact,horizontal,5,2,400,425,0.9412,slight_disadvantage,0.78877,"{""MARAUDER"": 3, ""MARINE"": 2}","{""COLOSSUS"": 1, ""STALKER"": 1}",306cc0b8fe234622932318a6108a5e83610239e646b30ce5325667e4963b3a75
r2g_blind_compositional_2031,configs/blind_compositional/r2g_blind_compositional_2031.json,blind_compositional,gen_bio_vs_stalker_colossus_02,bio_vs_stalker_colossus,general_v2,True,1,near,8.9101,NARROW,split,narrow_same_side,9,2,600,425,1.4118,strong_advantage,0.0,"{""MARAUDER"": 3, ""MARINE"": 6}","{""COLOSSUS"": 1, ""STALKER"": 1}",46a8ce7f38895e996737c05deda6f810ca3af2f5b0298747a28128ed813caf38
r2g_blind_compositional_2032,configs/blind_compositional/r2g_blind_compositional_2032.json,blind_compositional,gen_bio_vs_stalker_colossus_02,bio_vs_stalker_colossus,general_v2,True,2,medium,12.8314,OCTAGON,staggered,diag_up,9,2,600,425,1.4118,strong_advantage,0.0,"{""MARAUDER"": 3, ""MARINE"": 6}","{""COLOSSUS"": 1, ""STALKER"": 1}",2f3c98b50c7f1ad0a102feb81bbf66fe46b15c12fe0bc3da51ef50bc39d844aa
r2g_blind_compositional_2033,configs/blind_compositional/r2g_blind_compositional_2033.json,blind_compositional,gen_bio_vs_stalker_colossus_02,bio_vs_stalker_colossus,general_v2,True,3,far,16.9965,SIMPLE,type_split,horizontal,9,2,600,425,1.4118,strong_advantage,0.0,"{""MARAUDER"": 3, ""MARINE"": 6}","{""COLOSSUS"": 1, ""STALKER"": 1}",e3922961039c087cee7f27326b6d00909deb22832d253e5d61e3c7d64622e664
r2g_blind_compositional_2034,configs/blind_compositional/r2g_blind_compositional_2034.json,blind_compositional,gen_bio_vs_stalker_colossus_02,bio_vs_stalker_colossus,general_v2,True,4,near,8.7799,OCTAGON,compact,vertical,9,2,600,425,1.4118,strong_advantage,0.0,"{""MARAUDER"": 3, ""MARINE"": 6}","{""COLOSSUS"": 1, ""STALKER"": 1}",45b3418068abd468351f73e0ba22aac9419830d61afd7dd005ccc81f5f7a73d2
r2g_blind_compositional_2035,configs/blind_compositional/r2g_blind_compositional_2035.json,blind_compositional,gen_bio_vs_stalker_colossus_02,bio_vs_stalker_colossus,general_v2,True,5,medium,12.7846,NARROW,split,narrow_cross_gate,9,2,600,425,1.4118,strong_advantage,0.0,"{""MARAUDER"": 3, ""MARINE"": 6}","{""COLOSSUS"": 1, ""STALKER"": 1}",ffc2f199d36eed1c0d3e40ddab77e8d17a9abb2efc43aa70ca3588ad0977a18b
r2g_blind_compositional_2036,configs/blind_compositional/r2g_blind_compositional_2036.json,blind_compositional,gen_bio_vs_stalker_colossus_02,bio_vs_stalker_colossus,general_v2,True,6,immediate,5.2712,OCTAGON,staggered,diag_down,9,2,600,425,1.4118,strong_advantage,0.0,"{""MARAUDER"": 3, ""MARINE"": 6}","{""COLOSSUS"": 1, ""STALKER"": 1}",9245ec8791e876766c3e8db8bd18b159c4b9b82649d75e476cd7df3b188eefcf
r2g_blind_compositional_2037,configs/blind_compositional/r2g_blind_compositional_2037.json,blind_compositional,gen_bio_vs_stalker_colossus_02,bio_vs_stalker_colossus,general_v2,True,7,near,8.7562,SIMPLE,type_split,diag_up,9,2,600,425,1.4118,strong_advantage,0.0,"{""MARAUDER"": 3, ""MARINE"": 6}","{""COLOSSUS"": 1, ""STALKER"": 1}",9f77106da5e6156f728060b317c7b48d2f29b8a94d5bff59f26eb698a15f8ec0
r2g_blind_compositional_2038,configs/blind_compositional/r2g_blind_compositional_2038.json,blind_compositional,gen_bio_vs_stalker_colossus_02,bio_vs_stalker_colossus,general_v2,True,8,far,17.0097,SIMPLE,compact,horizontal,9,2,600,425,1.4118,strong_advantage,0.0,"{""MARAUDER"": 3, ""MARINE"": 6}","{""COLOSSUS"": 1, ""STALKER"": 1}",2241f6f2c3b6ed5e620c89e7b37be95ec9647bf9c0ef4d96cfe82041b4e2b341
r2g_blind_compositional_2039,configs/blind_compositional/r2g_blind_compositional_2039.json,blind_compositional,gen_bio_vs_stalker_colossus_02,bio_vs_stalker_colossus,general_v2,True,9,medium,12.6564,SIMPLE,split,diag_down,9,2,600,425,1.4118,strong_advantage,0.0,"{""MARAUDER"": 3, ""MARINE"": 6}","{""COLOSSUS"": 1, ""STALKER"": 1}",ad858c0e6002e2f787d75cfb52b288ca20bdd04384759cb000b41ff686e7bf83
r2g_blind_compositional_2040,configs/blind_compositional/r2g_blind_compositional_2040.json,blind_compositional,gen_bio_vs_stalker_colossus_02,bio_vs_stalker_colossus,general_v2,True,10,immediate,5.5112,NARROW,staggered,narrow_same_side,9,2,600,425,1.4118,strong_advantage,0.0,"{""MARAUDER"": 3, ""MARINE"": 6}","{""COLOSSUS"": 1, ""STALKER"": 1}",58bbf944efdcdda8cc1634b4af3b740ef0d99349ed4c5560ef1cea541d8e948d
r2g_blind_compositional_2041,configs/blind_compositional/r2g_blind_compositional_2041.json,blind_compositional,gen_stalker_colossus_vs_bio_01,stalker_colossus_vs_bio,general_v2,True,1,near,8.8964,NARROW,compact,narrow_same_side,2,5,425,450,0.9444,slight_disadvantage,0.782828,"{""COLOSSUS"": 1, ""STALKER"": 1}","{""MARAUDER"": 4, ""MARINE"": 1}",9323981ac20f1a175fd86af2f0839fee15c37a9aa58da8295b45989954215a12
r2g_blind_compositional_2042,configs/blind_compositional/r2g_blind_compositional_2042.json,blind_compositional,gen_stalker_colossus_vs_bio_01,stalker_colossus_vs_bio,general_v2,True,2,immediate,5.4569,OCTAGON,compact,horizontal,2,5,425,450,0.9444,slight_disadvantage,0.782828,"{""COLOSSUS"": 1, ""STALKER"": 1}","{""MARAUDER"": 4, ""MARINE"": 1}",e8581360ef22ffe09a1007565cc38e83cd9010636ea8442a556e487f280f749a
r2g_blind_compositional_2043,configs/blind_compositional/r2g_blind_compositional_2043.json,blind_compositional,gen_stalker_colossus_vs_bio_01,stalker_colossus_vs_bio,general_v2,True,3,near,8.9086,NARROW,split,narrow_same_side,2,5,425,450,0.9444,slight_disadvantage,0.782828,"{""COLOSSUS"": 1, ""STALKER"": 1}","{""MARAUDER"": 4, ""MARINE"": 1}",ef5778a00803f1faa98490b59b40b8dde99062ff14793e42a9e795847060bc4e
r2g_blind_compositional_2044,configs/blind_compositional/r2g_blind_compositional_2044.json,blind_compositional,gen_stalker_colossus_vs_bio_01,stalker_colossus_vs_bio,general_v2,True,4,medium,12.9365,OCTAGON,staggered,diag_up,2,5,425,450,0.9444,slight_disadvantage,0.782828,"{""COLOSSUS"": 1, ""STALKER"": 1}","{""MARAUDER"": 4, ""MARINE"": 1}",40e2fbcd364f83c211effa7437a7d8a10eaaa475f9d86c141a6746e66844cb1f
r2g_blind_compositional_2045,configs/blind_compositional/r2g_blind_compositional_2045.json,blind_compositional,gen_stalker_colossus_vs_bio_01,stalker_colossus_vs_bio,general_v2,True,5,far,17.04,SIMPLE,type_split,horizontal,2,5,425,450,0.9444,slight_disadvantage,0.782828,"{""COLOSSUS"": 1, ""STALKER"": 1}","{""MARAUDER"": 4, ""MARINE"": 1}",f66fcce5040c32e7d9604694d4587dddc03431424990723605903430e90376b2
r2g_blind_compositional_2046,configs/blind_compositional/r2g_blind_compositional_2046.json,blind_compositional,gen_stalker_colossus_vs_bio_01,stalker_colossus_vs_bio,general_v2,True,6,near,8.8764,OCTAGON,compact,vertical,2,5,425,450,0.9444,slight_disadvantage,0.782828,"{""COLOSSUS"": 1, ""STALKER"": 1}","{""MARAUDER"": 4, ""MARINE"": 1}",ac460b9524b581bbbb637213b0e3d87b505e55788901851aa7bf5e5d6274e859
r2g_blind_compositional_2047,configs/blind_compositional/r2g_blind_compositional_2047.json,blind_compositional,gen_stalker_colossus_vs_bio_01,stalker_colossus_vs_bio,general_v2,True,7,medium,12.9682,NARROW,split,narrow_cross_gate,2,5,425,450,0.9444,slight_disadvantage,0.782828,"{""COLOSSUS"": 1, ""STALKER"": 1}","{""MARAUDER"": 4, ""MARINE"": 1}",b0127c6954c8920951f68bb2c64523248a10745c5bae1d130358ed3e5f63c05c
r2g_blind_compositional_2048,configs/blind_compositional/r2g_blind_compositional_2048.json,blind_compositional,gen_stalker_colossus_vs_bio_01,stalker_colossus_vs_bio,general_v2,True,8,immediate,5.2719,OCTAGON,staggered,diag_down,2,5,425,450,0.9444,slight_disadvantage,0.782828,"{""COLOSSUS"": 1, ""STALKER"": 1}","{""MARAUDER"": 4, ""MARINE"": 1}",8ebad1097604e3a5ae52d6b522bd47b723b74bf0288f24f05035c01c27a1094d
r2g_blind_compositional_2049,configs/blind_compositional/r2g_blind_compositional_2049.json,blind_compositional,gen_stalker_colossus_vs_bio_01,stalker_colossus_vs_bio,general_v2,True,9,near,8.6379,SIMPLE,type_split,diag_up,2,5,425,450,0.9444,slight_disadvantage,0.782828,"{""COLOSSUS"": 1, ""STALKER"": 1}","{""MARAUDER"": 4, ""MARINE"": 1}",b6fedc4aaeaa0fb637187e7e1b6a05dc3c61a05abc57bfdde8c22110430c0d0f
r2g_blind_compositional_2050,configs/blind_compositional/r2g_blind_compositional_2050.json,blind_compositional,gen_stalker_colossus_vs_bio_01,stalker_colossus_vs_bio,general_v2,True,10,far,17.0354,SIMPLE,compact,horizontal,2,5,425,450,0.9444,slight_disadvantage,0.782828,"{""COLOSSUS"": 1, ""STALKER"": 1}","{""MARAUDER"": 4, ""MARINE"": 1}",fb2a437268f7fc1ca39dfe106b848789761f25aadf2966f5973200eb3ab68554
r2g_blind_compositional_2051,configs/blind_compositional/r2g_blind_compositional_2051.json,blind_compositional,gen_stalker_colossus_vs_bio_02,stalker_colossus_vs_bio,general_v2,True,1,medium,12.6322,SIMPLE,split,diag_down,5,9,800,600,1.3333,moderate_advantage,0.075758,"{""COLOSSUS"": 1, ""STALKER"": 4}","{""MARAUDER"": 3, ""MARINE"": 6}",2f42f8c8ec2d4d996806514b6062f841bd9d73b77959dead0f960ddde5df236f
r2g_blind_compositional_2052,configs/blind_compositional/r2g_blind_compositional_2052.json,blind_compositional,gen_stalker_colossus_vs_bio_02,stalker_colossus_vs_bio,general_v2,True,2,immediate,5.3604,NARROW,staggered,narrow_same_side,5,9,800,600,1.3333,moderate_advantage,0.075758,"{""COLOSSUS"": 1, ""STALKER"": 4}","{""MARAUDER"": 3, ""MARINE"": 6}",f18b08dc8a43d29cf121d27ffe88a4ea47f58476a92e0bbe07cf2bea90f88233
r2g_blind_compositional_2053,configs/blind_compositional/r2g_blind_compositional_2053.json,blind_compositional,gen_stalker_colossus_vs_bio_02,stalker_colossus_vs_bio,general_v2,True,3,near,8.876,NARROW,compact,narrow_same_side,5,9,800,600,1.3333,moderate_advantage,0.075758,"{""COLOSSUS"": 1, ""STALKER"": 4}","{""MARAUDER"": 3, ""MARINE"": 6}",f939b405ce85cda186d1b975051668e4d386651f3f28bced4a97419953f1d59e
r2g_blind_compositional_2054,configs/blind_compositional/r2g_blind_compositional_2054.json,blind_compositional,gen_stalker_colossus_vs_bio_02,stalker_colossus_vs_bio,general_v2,True,4,immediate,5.4677,OCTAGON,compact,horizontal,5,9,800,600,1.3333,moderate_advantage,0.075758,"{""COLOSSUS"": 1, ""STALKER"": 4}","{""MARAUDER"": 3, ""MARINE"": 6}",fcbf743716666927cc5c2473a3e26dd5fc8d4279f136d1b6ae8137d208ebcb04
r2g_blind_compositional_2055,configs/blind_compositional/r2g_blind_compositional_2055.json,blind_compositional,gen_stalker_colossus_vs_bio_02,stalker_colossus_vs_bio,general_v2,True,5,near,8.6243,NARROW,split,narrow_same_side,5,9,800,600,1.3333,moderate_advantage,0.075758,"{""COLOSSUS"": 1, ""STALKER"": 4}","{""MARAUDER"": 3, ""MARINE"": 6}",831a5c6ab40ea2c819cfb750c151dd00dc839113cbff97b1c8de7eccfb5725b6
r2g_blind_compositional_2056,configs/blind_compositional/r2g_blind_compositional_2056.json,blind_compositional,gen_stalker_colossus_vs_bio_02,stalker_colossus_vs_bio,general_v2,True,6,medium,12.8418,OCTAGON,staggered,diag_up,5,9,800,600,1.3333,moderate_advantage,0.075758,"{""COLOSSUS"": 1, ""STALKER"": 4}","{""MARAUDER"": 3, ""MARINE"": 6}",eb8d2397080033d41c077d260133ba8cc0847e09d3325e298b55a6c6c94ed7fb
r2g_blind_compositional_2057,configs/blind_compositional/r2g_blind_compositional_2057.json,blind_compositional,gen_stalker_colossus_vs_bio_02,stalker_colossus_vs_bio,general_v2,True,7,far,16.8535,SIMPLE,type_split,horizontal,5,9,800,600,1.3333,moderate_advantage,0.075758,"{""COLOSSUS"": 1, ""STALKER"": 4}","{""MARAUDER"": 3, ""MARINE"": 6}",eb4d830932916f918cde0864d9264fc4e9789c421bd0aa24e3845379caabba78
r2g_blind_compositional_2058,configs/blind_compositional/r2g_blind_compositional_2058.json,blind_compositional,gen_stalker_colossus_vs_bio_02,stalker_colossus_vs_bio,general_v2,True,8,near,8.696,OCTAGON,compact,vertical,5,9,800,600,1.3333,moderate_advantage,0.075758,"{""COLOSSUS"": 1, ""STALKER"": 4}","{""MARAUDER"": 3, ""MARINE"": 6}",55c29413e70800d12c5209be3e0cf24fd9de413f28b2717659f53189d8844142
r2g_blind_compositional_2059,configs/blind_compositional/r2g_blind_compositional_2059.json,blind_compositional,gen_stalker_colossus_vs_bio_02,stalker_colossus_vs_bio,general_v2,True,9,medium,12.8077,NARROW,split,narrow_cross_gate,5,9,800,600,1.3333,moderate_advantage,0.075758,"{""COLOSSUS"": 1, ""STALKER"": 4}","{""MARAUDER"": 3, ""MARINE"": 6}",29b23313918d229d1bc373389fab24027ee783389d61dfe135632e145c0543b6
r2g_blind_compositional_2060,configs/blind_compositional/r2g_blind_compositional_2060.json,blind_compositional,gen_stalker_colossus_vs_bio_02,stalker_colossus_vs_bio,general_v2,True,10,immediate,5.3836,OCTAGON,staggered,diag_down,5,9,800,600,1.3333,moderate_advantage,0.075758,"{""COLOSSUS"": 1, ""STALKER"": 4}","{""MARAUDER"": 3, ""MARINE"": 6}",202e7b937c7b93cc7696f9971782f94601b1500c0988f8db7d5acab607e6fae8
r2g_blind_compositional_2061,configs/blind_compositional/r2g_blind_compositional_2061.json,blind_compositional,gen_zealot_colossus_vs_swarm_01,zealot_colossus_vs_swarm,general_v2,True,1,near,8.9212,SIMPLE,type_split,diag_up,2,10,400,350,1.1429,moderate_advantage,0.422078,"{""COLOSSUS"": 1, ""ZEALOT"": 1}","{""BANELING"": 4, ""ZERGLING"": 6}",543c080d00cd49b0874a3058abeeccc51246268d69c2f013450e1a9b739e38fa
r2g_blind_compositional_2062,configs/blind_compositional/r2g_blind_compositional_2062.json,blind_compositional,gen_zealot_colossus_vs_swarm_01,zealot_colossus_vs_swarm,general_v2,True,2,far,17.1921,SIMPLE,compact,horizontal,2,10,400,350,1.1429,moderate_advantage,0.422078,"{""COLOSSUS"": 1, ""ZEALOT"": 1}","{""BANELING"": 4, ""ZERGLING"": 6}",18bba57d346503923481880a606c86994e89596ca8e84c27031392ad8e0f7e77
r2g_blind_compositional_2063,configs/blind_compositional/r2g_blind_compositional_2063.json,blind_compositional,gen_zealot_colossus_vs_swarm_01,zealot_colossus_vs_swarm,general_v2,True,3,medium,12.8662,SIMPLE,split,diag_down,2,10,400,350,1.1429,moderate_advantage,0.422078,"{""COLOSSUS"": 1, ""ZEALOT"": 1}","{""BANELING"": 4, ""ZERGLING"": 6}",0492521e77414ac0d6be092ec6fcc61537692b88c7288f0654ec246c4094f8db
r2g_blind_compositional_2064,configs/blind_compositional/r2g_blind_compositional_2064.json,blind_compositional,gen_zealot_colossus_vs_swarm_01,zealot_colossus_vs_swarm,general_v2,True,4,immediate,5.4588,NARROW,staggered,narrow_same_side,2,10,400,350,1.1429,moderate_advantage,0.422078,"{""COLOSSUS"": 1, ""ZEALOT"": 1}","{""BANELING"": 4, ""ZERGLING"": 6}",193f1df40357dbb71ffbe83efdcf3177432e4ab10638621481e45e0a69380e8a
r2g_blind_compositional_2065,configs/blind_compositional/r2g_blind_compositional_2065.json,blind_compositional,gen_zealot_colossus_vs_swarm_01,zealot_colossus_vs_swarm,general_v2,True,5,near,8.7609,NARROW,compact,narrow_same_side,2,10,400,350,1.1429,moderate_advantage,0.422078,"{""COLOSSUS"": 1, ""ZEALOT"": 1}","{""BANELING"": 4, ""ZERGLING"": 6}",5c488eeaa90885fc8c24f8eab17b0ba6408fcbfa52a71dae751c68fb20608ffb
r2g_blind_compositional_2066,configs/blind_compositional/r2g_blind_compositional_2066.json,blind_compositional,gen_zealot_colossus_vs_swarm_01,zealot_colossus_vs_swarm,general_v2,True,6,immediate,5.4962,OCTAGON,compact,horizontal,2,10,400,350,1.1429,moderate_advantage,0.422078,"{""COLOSSUS"": 1, ""ZEALOT"": 1}","{""BANELING"": 4, ""ZERGLING"": 6}",a5e3dc774907f7eeafcb04cddedaf39e5e3e2e6b5ade30de3f2d42a962a98766
r2g_blind_compositional_2067,configs/blind_compositional/r2g_blind_compositional_2067.json,blind_compositional,gen_zealot_colossus_vs_swarm_01,zealot_colossus_vs_swarm,general_v2,True,7,near,8.8838,NARROW,split,narrow_same_side,2,10,400,350,1.1429,moderate_advantage,0.422078,"{""COLOSSUS"": 1, ""ZEALOT"": 1}","{""BANELING"": 4, ""ZERGLING"": 6}",2009f1c0a39d12e2ea072350c71f28495d9b2bd5775e30906640104e73637929
r2g_blind_compositional_2068,configs/blind_compositional/r2g_blind_compositional_2068.json,blind_compositional,gen_zealot_colossus_vs_swarm_01,zealot_colossus_vs_swarm,general_v2,True,8,medium,12.8935,OCTAGON,staggered,diag_up,2,10,400,350,1.1429,moderate_advantage,0.422078,"{""COLOSSUS"": 1, ""ZEALOT"": 1}","{""BANELING"": 4, ""ZERGLING"": 6}",4a1ac3369ab49afff1ae624665e7330ec8d939a44dc48b1e82989ef96b18e19b
r2g_blind_compositional_2069,configs/blind_compositional/r2g_blind_compositional_2069.json,blind_compositional,gen_zealot_colossus_vs_swarm_01,zealot_colossus_vs_swarm,general_v2,True,9,far,17.1807,SIMPLE,type_split,horizontal,2,10,400,350,1.1429,moderate_advantage,0.422078,"{""COLOSSUS"": 1, ""ZEALOT"": 1}","{""BANELING"": 4, ""ZERGLING"": 6}",a4c45637137aad643c7bf49d3482bd0d7a108edd4574cb3aa223be771161f701
r2g_blind_compositional_2070,configs/blind_compositional/r2g_blind_compositional_2070.json,blind_compositional,gen_zealot_colossus_vs_swarm_01,zealot_colossus_vs_swarm,general_v2,True,10,near,8.8009,OCTAGON,compact,vertical,2,10,400,350,1.1429,moderate_advantage,0.422078,"{""COLOSSUS"": 1, ""ZEALOT"": 1}","{""BANELING"": 4, ""ZERGLING"": 6}",42422887278e9bc1fa010a2e4f27bc866828a681b35c9eb0ab131ea649b45a10
r2g_blind_compositional_2071,configs/blind_compositional/r2g_blind_compositional_2071.json,blind_compositional,gen_zealot_colossus_vs_swarm_02,zealot_colossus_vs_swarm,general_v2,True,1,medium,12.9773,NARROW,split,narrow_cross_gate,2,10,400,300,1.3333,moderate_advantage,0.075758,"{""COLOSSUS"": 1, ""ZEALOT"": 1}","{""BANELING"": 2, ""ZERGLING"": 8}",d8b02a0ef3676e011d7c0f6310bb2c045e0539fa5234ab9b06540d0609d74428
r2g_blind_compositional_2072,configs/blind_compositional/r2g_blind_compositional_2072.json,blind_compositional,gen_zealot_colossus_vs_swarm_02,zealot_colossus_vs_swarm,general_v2,True,2,immediate,5.5361,OCTAGON,staggered,diag_down,2,10,400,300,1.3333,moderate_advantage,0.075758,"{""COLOSSUS"": 1, ""ZEALOT"": 1}","{""BANELING"": 2, ""ZERGLING"": 8}",490a489fbf62e32b4a4f8cdb4b646bcaeb4e1a4bee5351ad54f4da942c0b5e27
r2g_blind_compositional_2073,configs/blind_compositional/r2g_blind_compositional_2073.json,blind_compositional,gen_zealot_colossus_vs_swarm_02,zealot_colossus_vs_swarm,general_v2,True,3,near,8.7899,SIMPLE,type_split,diag_up,2,10,400,300,1.3333,moderate_advantage,0.075758,"{""COLOSSUS"": 1, ""ZEALOT"": 1}","{""BANELING"": 2, ""ZERGLING"": 8}",9d98250eb47b612cdb519180c19a2bb3848591d974d383f5484c029d02d031e6
r2g_blind_compositional_2074,configs/blind_compositional/r2g_blind_compositional_2074.json,blind_compositional,gen_zealot_colossus_vs_swarm_02,zealot_colossus_vs_swarm,general_v2,True,4,far,16.8651,SIMPLE,compact,horizontal,2,10,400,300,1.3333,moderate_advantage,0.075758,"{""COLOSSUS"": 1, ""ZEALOT"": 1}","{""BANELING"": 2, ""ZERGLING"": 8}",95b7ef16a7c01282adecf31470b5f1472865c8c300bfc7bb4fed00fe5af0ffc4
r2g_blind_compositional_2075,configs/blind_compositional/r2g_blind_compositional_2075.json,blind_compositional,gen_zealot_colossus_vs_swarm_02,zealot_colossus_vs_swarm,general_v2,True,5,medium,12.981,SIMPLE,split,diag_down,2,10,400,300,1.3333,moderate_advantage,0.075758,"{""COLOSSUS"": 1, ""ZEALOT"": 1}","{""BANELING"": 2, ""ZERGLING"": 8}",de1eea6db14af7f3244a64929195fcb11957013317cc0f49ce2b49fab676da93
r2g_blind_compositional_2076,configs/blind_compositional/r2g_blind_compositional_2076.json,blind_compositional,gen_zealot_colossus_vs_swarm_02,zealot_colossus_vs_swarm,general_v2,True,6,immediate,5.5975,NARROW,staggered,narrow_same_side,2,10,400,300,1.3333,moderate_advantage,0.075758,"{""COLOSSUS"": 1, ""ZEALOT"": 1}","{""BANELING"": 2, ""ZERGLING"": 8}",09b3a45fa33d4ec595eb285a445e8af53ed3d6883e53eaf71bf92831d65044fb
r2g_blind_compositional_2077,configs/blind_compositional/r2g_blind_compositional_2077.json,blind_compositional,gen_zealot_colossus_vs_swarm_02,zealot_colossus_vs_swarm,general_v2,True,7,near,8.8809,NARROW,compact,narrow_same_side,2,10,400,300,1.3333,moderate_advantage,0.075758,"{""COLOSSUS"": 1, ""ZEALOT"": 1}","{""BANELING"": 2, ""ZERGLING"": 8}",f8c9d5147d99a5cb40e6e94d387867a0c4cad0bf578e1651e23738abe2556d49
r2g_blind_compositional_2078,configs/blind_compositional/r2g_blind_compositional_2078.json,blind_compositional,gen_zealot_colossus_vs_swarm_02,zealot_colossus_vs_swarm,general_v2,True,8,immediate,5.5202,OCTAGON,compact,horizontal,2,10,400,300,1.3333,moderate_advantage,0.075758,"{""COLOSSUS"": 1, ""ZEALOT"": 1}","{""BANELING"": 2, ""ZERGLING"": 8}",4863de1849991172c7f1baab974f56dded261052794636a696876648e3c1783a
r2g_blind_compositional_2079,configs/blind_compositional/r2g_blind_compositional_2079.json,blind_compositional,gen_zealot_colossus_vs_swarm_02,zealot_colossus_vs_swarm,general_v2,True,9,near,8.6459,NARROW,split,narrow_same_side,2,10,400,300,1.3333,moderate_advantage,0.075758,"{""COLOSSUS"": 1, ""ZEALOT"": 1}","{""BANELING"": 2, ""ZERGLING"": 8}",fb396695584fb2e0ece3a5e92a771639f6676be05c1400e3a650195745a8a618
r2g_blind_compositional_2080,configs/blind_compositional/r2g_blind_compositional_2080.json,blind_compositional,gen_zealot_colossus_vs_swarm_02,zealot_colossus_vs_swarm,general_v2,True,10,medium,12.8083,OCTAGON,staggered,diag_up,2,10,400,300,1.3333,moderate_advantage,0.075758,"{""COLOSSUS"": 1, ""ZEALOT"": 1}","{""BANELING"": 2, ""ZERGLING"": 8}",55887ce47ed86f2323cf221822dc3a871b2b2a102bd37e8fafacc67dfbef92b0
r2g_blind_compositional_2081,configs/blind_compositional/r2g_blind_compositional_2081.json,blind_compositional,gen_mmm_vs_protoss_triad_01,mmm_vs_protoss_triad,general_v2,True,1,far,17.1001,SIMPLE,type_split,horizontal,8,4,625,650,0.9615,slight_disadvantage,0.751748,"{""MARAUDER"": 3, ""MARINE"": 4, ""MEDIVAC"": 1}","{""COLOSSUS"": 1, ""STALKER"": 2, ""ZEALOT"": 1}",e5eb6c7225c8bd36ee5b395ff6f65346ee14190a87740ee6fde459a3fc77c793
r2g_blind_compositional_2082,configs/blind_compositional/r2g_blind_compositional_2082.json,blind_compositional,gen_mmm_vs_protoss_triad_01,mmm_vs_protoss_triad,general_v2,True,2,near,8.814,OCTAGON,compact,vertical,8,4,625,650,0.9615,slight_disadvantage,0.751748,"{""MARAUDER"": 3, ""MARINE"": 4, ""MEDIVAC"": 1}","{""COLOSSUS"": 1, ""STALKER"": 2, ""ZEALOT"": 1}",186244760e594582ed100c9bcde41cd15b04a4fd9d6658e71db5d02a9c1f33cc
r2g_blind_compositional_2083,configs/blind_compositional/r2g_blind_compositional_2083.json,blind_compositional,gen_mmm_vs_protoss_triad_01,mmm_vs_protoss_triad,general_v2,True,3,medium,12.99,NARROW,split,narrow_cross_gate,8,4,625,650,0.9615,slight_disadvantage,0.751748,"{""MARAUDER"": 3, ""MARINE"": 4, ""MEDIVAC"": 1}","{""COLOSSUS"": 1, ""STALKER"": 2, ""ZEALOT"": 1}",df49a3092fdbd8783a5b218bdfd793e11a2e362909261e4f45202165b0351ae2
r2g_blind_compositional_2084,configs/blind_compositional/r2g_blind_compositional_2084.json,blind_compositional,gen_mmm_vs_protoss_triad_01,mmm_vs_protoss_triad,general_v2,True,4,immediate,5.4839,OCTAGON,staggered,diag_down,8,4,625,650,0.9615,slight_disadvantage,0.751748,"{""MARAUDER"": 3, ""MARINE"": 4, ""MEDIVAC"": 1}","{""COLOSSUS"": 1, ""STALKER"": 2, ""ZEALOT"": 1}",b7b26255f10cd96fd593517659041143e5f171e16b8b65a87d2989534d9183c1
r2g_blind_compositional_2085,configs/blind_compositional/r2g_blind_compositional_2085.json,blind_compositional,gen_mmm_vs_protoss_triad_01,mmm_vs_protoss_triad,general_v2,True,5,near,8.6601,SIMPLE,type_split,diag_up,8,4,625,650,0.9615,slight_disadvantage,0.751748,"{""MARAUDER"": 3, ""MARINE"": 4, ""MEDIVAC"": 1}","{""COLOSSUS"": 1, ""STALKER"": 2, ""ZEALOT"": 1}",173cd3ca4b3365965acce6551765bf43226ed1336bc40db7b6070eece7fb807a
r2g_blind_compositional_2086,configs/blind_compositional/r2g_blind_compositional_2086.json,blind_compositional,gen_mmm_vs_protoss_triad_01,mmm_vs_protoss_triad,general_v2,True,6,far,17.1517,SIMPLE,compact,horizontal,8,4,625,650,0.9615,slight_disadvantage,0.751748,"{""MARAUDER"": 3, ""MARINE"": 4, ""MEDIVAC"": 1}","{""COLOSSUS"": 1, ""STALKER"": 2, ""ZEALOT"": 1}",0df5e50a2c5226daa72d61bcbe407dbe40e632f0402e0f5ba4f091d2becaf19a
r2g_blind_compositional_2087,configs/blind_compositional/r2g_blind_compositional_2087.json,blind_compositional,gen_mmm_vs_protoss_triad_01,mmm_vs_protoss_triad,general_v2,True,7,medium,12.7933,SIMPLE,split,diag_down,8,4,625,650,0.9615,slight_disadvantage,0.751748,"{""MARAUDER"": 3, ""MARINE"": 4, ""MEDIVAC"": 1}","{""COLOSSUS"": 1, ""STALKER"": 2, ""ZEALOT"": 1}",49cbcdb9606630a63873a74f475207d88f0343fe9ed9667286609be219d8a347
r2g_blind_compositional_2088,configs/blind_compositional/r2g_blind_compositional_2088.json,blind_compositional,gen_mmm_vs_protoss_triad_01,mmm_vs_protoss_triad,general_v2,True,8,immediate,5.3814,NARROW,staggered,narrow_same_side,8,4,625,650,0.9615,slight_disadvantage,0.751748,"{""MARAUDER"": 3, ""MARINE"": 4, ""MEDIVAC"": 1}","{""COLOSSUS"": 1, ""STALKER"": 2, ""ZEALOT"": 1}",803ef82f520fa022a316781c92b20dab674e8a5ca2217d4edac02a691e82075d
r2g_blind_compositional_2089,configs/blind_compositional/r2g_blind_compositional_2089.json,blind_compositional,gen_mmm_vs_protoss_triad_01,mmm_vs_protoss_triad,general_v2,True,9,near,8.6282,NARROW,compact,narrow_same_side,8,4,625,650,0.9615,slight_disadvantage,0.751748,"{""MARAUDER"": 3, ""MARINE"": 4, ""MEDIVAC"": 1}","{""COLOSSUS"": 1, ""STALKER"": 2, ""ZEALOT"": 1}",76e80761d0576d40e0a73970ca907cd4297388f5f0b7c760c5895fc080196e45
r2g_blind_compositional_2090,configs/blind_compositional/r2g_blind_compositional_2090.json,blind_compositional,gen_mmm_vs_protoss_triad_01,mmm_vs_protoss_triad,general_v2,True,10,immediate,5.3955,OCTAGON,compact,horizontal,8,4,625,650,0.9615,slight_disadvantage,0.751748,"{""MARAUDER"": 3, ""MARINE"": 4, ""MEDIVAC"": 1}","{""COLOSSUS"": 1, ""STALKER"": 2, ""ZEALOT"": 1}",220736f071291ee2730d4f27235c1e5604299f701174e7ec950f2e0a25e190c2
r2g_blind_compositional_2091,configs/blind_compositional/r2g_blind_compositional_2091.json,blind_compositional,gen_mmm_vs_protoss_triad_02,mmm_vs_protoss_triad,general_v2,True,1,near,8.7237,NARROW,split,narrow_same_side,9,4,675,625,1.08,balanced,0.536364,"{""MARAUDER"": 3, ""MARINE"": 5, ""MEDIVAC"": 1}","{""COLOSSUS"": 1, ""STALKER"": 1, ""ZEALOT"": 2}",3ac5d0f0ec6eecc32d169c591bf6d54e321830e9906428abf2bd5a3fc567edb4
r2g_blind_compositional_2092,configs/blind_compositional/r2g_blind_compositional_2092.json,blind_compositional,gen_mmm_vs_protoss_triad_02,mmm_vs_protoss_triad,general_v2,True,2,medium,12.8725,OCTAGON,staggered,diag_up,9,4,675,625,1.08,balanced,0.536364,"{""MARAUDER"": 3, ""MARINE"": 5, ""MEDIVAC"": 1}","{""COLOSSUS"": 1, ""STALKER"": 1, ""ZEALOT"": 2}",fe13b12cf5f2225d2432791a851a00f297ffdec3fa433e3f233c1ece1293cc62
r2g_blind_compositional_2093,configs/blind_compositional/r2g_blind_compositional_2093.json,blind_compositional,gen_mmm_vs_protoss_triad_02,mmm_vs_protoss_triad,general_v2,True,3,far,16.9736,SIMPLE,type_split,horizontal,9,4,675,625,1.08,balanced,0.536364,"{""MARAUDER"": 3, ""MARINE"": 5, ""MEDIVAC"": 1}","{""COLOSSUS"": 1, ""STALKER"": 1, ""ZEALOT"": 2}",a0120bf803cb2e75d21af5ae7af65b02a5f597ddeae14ff5acd584a32b13f5fd
r2g_blind_compositional_2094,configs/blind_compositional/r2g_blind_compositional_2094.json,blind_compositional,gen_mmm_vs_protoss_triad_02,mmm_vs_protoss_triad,general_v2,True,4,near,8.9733,OCTAGON,compact,vertical,9,4,675,625,1.08,balanced,0.536364,"{""MARAUDER"": 3, ""MARINE"": 5, ""MEDIVAC"": 1}","{""COLOSSUS"": 1, ""STALKER"": 1, ""ZEALOT"": 2}",faeb40559b5efacdd3e805a4118f4c6cbb2e627e2f643aaf279e965f4f6146b9
r2g_blind_compositional_2095,configs/blind_compositional/r2g_blind_compositional_2095.json,blind_compositional,gen_mmm_vs_protoss_triad_02,mmm_vs_protoss_triad,general_v2,True,5,medium,12.7409,NARROW,split,narrow_cross_gate,9,4,675,625,1.08,balanced,0.536364,"{""MARAUDER"": 3, ""MARINE"": 5, ""MEDIVAC"": 1}","{""COLOSSUS"": 1, ""STALKER"": 1, ""ZEALOT"": 2}",6c18e369d80a3043a8d04c8f5cbc1362d6d1347a0632a0675480f8be881ca067
r2g_blind_compositional_2096,configs/blind_compositional/r2g_blind_compositional_2096.json,blind_compositional,gen_mmm_vs_protoss_triad_02,mmm_vs_protoss_triad,general_v2,True,6,immediate,5.4095,OCTAGON,staggered,diag_down,9,4,675,625,1.08,balanced,0.536364,"{""MARAUDER"": 3, ""MARINE"": 5, ""MEDIVAC"": 1}","{""COLOSSUS"": 1, ""STALKER"": 1, ""ZEALOT"": 2}",10d7514f0ad9d8c51a2c6a97b197596bddaca6d99e5f0c3e1a785297c7c94f7b
r2g_blind_compositional_2097,configs/blind_compositional/r2g_blind_compositional_2097.json,blind_compositional,gen_mmm_vs_protoss_triad_02,mmm_vs_protoss_triad,general_v2,True,7,near,8.8313,SIMPLE,type_split,diag_up,9,4,675,625,1.08,balanced,0.536364,"{""MARAUDER"": 3, ""MARINE"": 5, ""MEDIVAC"": 1}","{""COLOSSUS"": 1, ""STALKER"": 1, ""ZEALOT"": 2}",deaf7b5598c5248690833a31be64afb7dfbb78266c11e9e357803ed252645dca
r2g_blind_compositional_2098,configs/blind_compositional/r2g_blind_compositional_2098.json,blind_compositional,gen_mmm_vs_protoss_triad_02,mmm_vs_protoss_triad,general_v2,True,8,far,16.8677,SIMPLE,compact,horizontal,9,4,675,625,1.08,balanced,0.536364,"{""MARAUDER"": 3, ""MARINE"": 5, ""MEDIVAC"": 1}","{""COLOSSUS"": 1, ""STALKER"": 1, ""ZEALOT"": 2}",95a09c7956e537d8f2d464552482e9e13aa71fde12937f89810b8f57e33952c8
r2g_blind_compositional_2099,configs/blind_compositional/r2g_blind_compositional_2099.json,blind_compositional,gen_mmm_vs_protoss_triad_02,mmm_vs_protoss_triad,general_v2,True,9,medium,12.7558,SIMPLE,split,diag_down,9,4,675,625,1.08,balanced,0.536364,"{""MARAUDER"": 3, ""MARINE"": 5, ""MEDIVAC"": 1}","{""COLOSSUS"": 1, ""STALKER"": 1, ""ZEALOT"": 2}",29eb701792b448fd7ac6c3b6cb770035fad199336eb8dba11158eb46a8d6c78e
r2g_blind_compositional_2100,configs/blind_compositional/r2g_blind_compositional_2100.json,blind_compositional,gen_mmm_vs_protoss_triad_02,mmm_vs_protoss_triad,general_v2,True,10,immediate,5.2266,NARROW,staggered,narrow_same_side,9,4,675,625,1.08,balanced,0.536364,"{""MARAUDER"": 3, ""MARINE"": 5, ""MEDIVAC"": 1}","{""COLOSSUS"": 1, ""STALKER"": 1, ""ZEALOT"": 2}",fb9c43223b62c0de4eec065b731873f4666c5e01d0cd8ba66d608ee94af895f5
